歌手,排名,歌曲名,流行度,专辑,发行年份
$uicideBoy$,1,Kill Yourself (Part III),77,My Liver Will Handle What My Heart Can't,2015
$uicideBoy$,2,Paris,75,Now The Moon's Rising,2015
$uicideBoy$,3,2nd Hand,73,KILL YOURSELF Part XII: The Dark Glacier Saga,2017
$uicideBoy$,4,Runnin' Thru The 7th With My Woadies,72,$outh $ide $uicide,2015
$uicideBoy$,5,Mount Sinai,68,High Tide In The Snake's Nest,2015
11 Acorn Lane,1,Perfect (Electro Swing Remix),43,Ladies Night,2016
11 Acorn Lane,2,Stay (Electro Swing Remix),42,Stay (Electro Swing Remix),2019
11 Acorn Lane,3,Let's Do It,40,Let's Do It,2018
11 Acorn Lane,4,You Make Me Happy,30,You Make Me Happy,2019
11 Acorn Lane,5,Spend My Time With You (Electro Swing Remix),22,Spend My Time With You (Electro Swing Remix),2014
112,1,Peaches and Cream,66,Part III,2001
112,2,Only You-Bad Boy Remix (feat. The Notorious B.I.G. & Mase),60,112,1996
112,3,Peaches & Cream (feat. P. Diddy),57,R&B Hits,2005
112,4,Anywhere,53,Room 112,1998
112,5,Only You (feat. Notorious B.I.G. and Mase) - Greatest Hits Version,44,Bad Boy Greatest Hits Vol. 1,1998
18 Karat,1,Gangsta Gangsta,53,PUSHA,2017
18 Karat,2,Wahre Begebenheiten (feat. AK Ausserkontrolle),49,PUSHA,2017
18 Karat,3,Auf einmal sind alle korrekt (feat. Bonez MC),48,Geld Gold Gras (Deluxe Edition),2018
18 Karat,4,Ready to Die,44,PUSHA,2017
18 Karat,5,Illegaller Lifestyle,39,PUSHA,2017
1986 Omega Tribe,1,君は1000%,45,Navigator,1986
1986 Omega Tribe,2,Super Chance,37,Crystal Night,1987
1986 Omega Tribe,3,Older Girl,33,Navigator,1986
1986 Omega Tribe,4,Phoenix,33,Crystal Night,1987
1986 Omega Tribe,5,You Belong to Him,33,Navigator,1986
1Kilo,1,De Love,61,De Love,2018
1Kilo,2,Deixe-Me Ir - LIVA Remix,61,Deixe-Me Ir (LIVA Remix),2018
1Kilo,3,Sexymecri,50,Sexymecri,2019
1Kilo,4,Acreditar de Novo,49,Acreditar de Novo,2019
1Kilo,5,Concentração,48,Concentração,2019
2 Chainz,1,It's A Vibe,74,Pretty Girls Like Trap Music,2017
2 Chainz,2,Dead Man Walking (feat. Future),63,Dead Man Walking,2020
2 Chainz,3,Good Drank,63,Pretty Girls Like Trap Music,2017
2 Chainz,4,I'm Different,59,Based On A T.R.U. Story (Deluxe),2012
2 Chainz,5,We Own It (Fast & Furious),59,Fast & Furious 6,2013
21 Savage,1,Immortal,83,Immortal,2019
21 Savage,2,a lot,81,i am > i was,2018
21 Savage,3,Bank Account,80,Issa Album,2017
21 Savage,4,X (feat. Future),74,Savage Mode,2016
21 Savage,5,Ghostface Killers,73,Without Warning,2017
24kGoldn,1,VALENTINO,84,VALENTINO,2019
24kGoldn,2,VALENTINO,75,DROPPED OUTTA COLLEGE,2019
24kGoldn,3,DROPPED OUTTA COLLEGE,64,DROPPED OUTTA COLLEGE,2019
24kGoldn,4,GAMES ON YOUR PHONE,64,DROPPED OUTTA COLLEGE,2019
24kGoldn,5,GAMES ON YOUR PHONE,58,GAMES ON YOUR PHONE,2019
2Pac,1,Ambitionz Az A Ridah,77,All Eyez On Me,1996
2Pac,2,All Eyez On Me,75,All Eyez On Me,1996
2Pac,3,Changes,72,The Best of 2Pac - Pt. 1: Thug,2007
2Pac,4,Do For Love,70,R U Still Down? [Remember Me],1997
2Pac,5,I Get Around,69,Strictly 4 My N.I.G.G.A.Z...,1993
3 Doors Down,1,Kryptonite,77,The Better Life,2000
3 Doors Down,2,Here Without You,75,Away From The Sun,2002
3 Doors Down,3,When I'm Gone,69,Away From The Sun,2002
3 Doors Down,4,Loser,56,The Better Life,2000
3 Doors Down,5,By My Side,38,The Better Life,2000
3LAU,1,Better With You,63,Better With You,2019
3LAU,2,Touch,58,Ultraviolet,2018
3LAU,3,How You Love Me,52,How You Love Me,2014
3LAU,4,Game Time (feat. Ninja),51,Game Time (feat. Ninja),2018
3LAU,5,Is It Love,51,Is It Love,2016
5 Seconds of Summer,1,Youngblood,84,Youngblood (Deluxe),2018
5 Seconds of Summer,2,Easier,81,Easier,2019
5 Seconds of Summer,3,Teeth,80,Teeth,2019
5 Seconds of Summer,4,Lie To Me (feat. Julia Michaels),77,Lie To Me (feat. Julia Michaels),2018
5 Seconds of Summer,5,Teeth,77,13 Reasons Why (Season 3),2019
50 Cent,1,In Da Club,77,Get Rich Or Die Tryin',2003
50 Cent,2,Just A Lil Bit,75,The Massacre,2005
50 Cent,3,P.I.M.P.,74,Get Rich Or Die Tryin',2003
50 Cent,4,In Da Club,71,Get Rich Or Die Tryin',2003
50 Cent,5,21 Questions,69,Get Rich Or Die Tryin',2003
6LACK,1,Pretty Little Fears (feat. J. Cole),77,East Atlanta Love Letter,2018
6LACK,2,PRBLMS,74,FREE 6LACK,2016
6LACK,3,Seasons (feat. Khalid),73,East Atlanta Love Letter,2018
6LACK,4,Ex Calling,69,FREE 6LACK,2016
6LACK,5,Cutting Ties,64,Cutting Ties,2018
6ix9ine,1,TATI,70,DUMMY BOY,2018
6ix9ine,2,KEKE,66,Day69: Graduation Day,2018
6ix9ine,3,KIKA,18,DUMMY BOY,2018
6ix9ine,4,FEFE,15,DUMMY BOY,2018
6ix9ine,5,FEFE (feat. Nicki Minaj & Murda Beatz),15,FEFE (feat. Nicki Minaj & Murda Beatz),2018
8Ball,1,Hands In The Air,47,2 Fast 2 Furious (Soundtrack),2003
8Ball,2,Paid Dues,38,In Our Lifetime,1999
8Ball,3,My Homeboy's Girlfriend,35,Lost,1998
8Ball,4,"Contract (feat. 8 Ball, MJG)",30,Crunk Juice,2004
8Ball,5,Throw Your Hands Up,28,In Our Lifetime,1999
8Ball & MJG,1,You Don't Want Drama,50,Living Legends,2005
8Ball & MJG,2,Space Age Pimpin',45,On Top Of The World,1995
8Ball & MJG,3,Mr. Big,40,Comin Out Hard,2015
8Ball & MJG,4,Pimps,38,Comin Out Hard,2015
8Ball & MJG,5,9 Little Millimeta Boys,37,Comin Out Hard,2015
A Boogie Wit da Hoodie,1,Swervin (feat. 6ix9ine),85,Hoodie SZN,2018
A Boogie Wit da Hoodie,2,Look Back at It,81,Hoodie SZN,2018
A Boogie Wit da Hoodie,3,Reply (feat. Lil Uzi Vert),79,Reply (feat. Lil Uzi Vert),2019
A Boogie Wit da Hoodie,4,Drowning (feat. Kodak Black),78,The Bigger Artist,2017
A Boogie Wit da Hoodie,5,Mood Swings,76,Mood Swings,2019
A Flock Of Seagulls,1,I Ran (So Far Away),58,A Flock Of Seagulls,1982
A Flock Of Seagulls,2,I Ran (So Far Away),57,Grand Theft Auto Vice City OST (Greatest Hits),2002
A Flock Of Seagulls,3,Space Age Love Song,50,We Are The '80s,1981
A Flock Of Seagulls,4,"The More You Live, The More You Love",43,Playlist: The Very Best of A Flock of Seagulls,2008
A Flock Of Seagulls,5,"The More You Live, The More You Love",38,We Are The '80s,1981
A R I Z O N A,1,Problems,72,ASYLUM,2019
A R I Z O N A,2,Nostalgic,69,ASYLUM,2019
A R I Z O N A,3,Where I Wanna Be,54,GALLERY,2017
A R I Z O N A,4,Hold The Line - Acoustic,53,Hold The Line (Acoustic),2019
A R I Z O N A,5,People Crying Every Night,51,People Crying Every Night,2016
A Tribe Called Quest,1,Can I Kick It?,69,People's Instinctive Travels and the Paths of Rhythm (25th Anniversary Edition),1990
A Tribe Called Quest,2,Electric Relaxation,52,Midnight Marauders,1993
A Tribe Called Quest,3,Can I Kick It?,0,The Best Of,2008
A Tribe Called Quest,4,Electric Relaxation,0,The Anthology,1999
A Tribe Called Quest,5,Electric Relaxation,0,Midnight Marauders,1993
A$AP Ferg,1,Plain Jane,77,Still Striving,2017
A$AP Ferg,2,"Work REMIX (feat. A$AP Rocky, French Montana, Trinidad James & ScHoolboy Q)",71,Trap Lord,2013
A$AP Ferg,3,Floor Seats,57,Floor Seats,2019
A$AP Ferg,4,New Level REMIX,55,New Level REMIX,2016
A$AP Ferg,5,Wigs (feat. City Girls & ANTHA),49,Wigs (feat. City Girls & ANTHA),2019
A$AP Rocky,1,Praise The Lord (Da Shine) (feat. Skepta),82,TESTING,2018
A$AP Rocky,2,Babushka Boi,77,Babushka Boi,2019
A$AP Rocky,3,Everyday,74,AT.LONG.LAST.A$AP,2015
A$AP Rocky,4,A$AP Forever,68,A$AP Forever (feat. Moby),2018
A$AP Rocky,5,Lord Pretty Flacko Jodye 2 (LPFJ2),68,AT.LONG.LAST.A$AP,2015
AC/DC,1,Back In Black,83,Back In Black,1980
AC/DC,2,Highway to Hell,83,Highway to Hell,1979
AC/DC,3,Thunderstruck,81,The Razors Edge,1990
AC/DC,4,You Shook Me All Night Long,78,Back In Black,1980
AC/DC,5,T.N.T.,77,High Voltage,1976
AJ Mitchell,1,Slow Dance,78,Slow Dance,2019
AJ Mitchell,2,Slow Dance (feat. Ava Max) - Sam Feldt Remix,70,Slow Dance (feat. Ava Max) [Sam Feldt Remix],2019
AJ Mitchell,3,Say It Again,62,Say It Again,2019
AJ Mitchell,4,All My Friends - Eden Prince Remix,60,All My Friends (Eden Prince Remix),2019
AJ Mitchell,5,Unstoppable,51,Unstoppable,2019
AK Ausserkontrolle,1,A.S.S.N.,56,A.S.S.N.,2017
AK Ausserkontrolle,2,2065,52,Panzaknacka,2016
AK Ausserkontrolle,3,Fick die Hoe,52,A.S.S.N.,2017
AK Ausserkontrolle,4,Echte Berliner,50,Selbststeller - EP,2016
AK Ausserkontrolle,5,Panzaknacka,50,Panzaknacka,2016
ARTY,1,Save Me Tonight,63,Save Me Tonight,2019
ARTY,2,Daydreams - Sultan + Shepard Echoes Of Life Remix,59,Daydreams (Sultan + Shepard Echoes Of Life Remix),2020
ARTY,3,Find You,57,Find You,2019
ARTY,4,Daydreams,53,Daydreams,2019
ARTY,5,Together We Are (feat. Chris James),45,Together We Are (feat. Chris James) [Remixes],2013
Aaliyah,1,I Don't Wanna,59,Next Friday (Original Motion Picture Soundtrack),1999
Aaliyah,2,Back & Forth,57,Age Ain't Nothing But A Number,1994
Aaliyah,3,Try Again,53,I Care 4 U,2002
Aaliyah,4,Age Ain't Nothing But a Number,51,Age Ain't Nothing But A Number,1994
Aaliyah,5,Are You That Somebody,41,"Best Of Hip Hop & R&B, Vol. 4",2014
Aaron Hall,1,I Miss You,46,The Truth,1993
Aaron Hall,2,Don't Be Afraid - Sex You Down Some Mo' Version,36,The Truth,1993
Aaron Hall,3,All The Places (I Will Kiss You),34,Inside Of You,1998
Aaron Hall,4,Don't Be Afraid,31,Juice (Original Motion Picture Soundtrack),1991
Aaron Hall,5,Don't Be Afraid,30,The Truth,1993
Adele,1,Someone Like You,79,21,2011
Adele,2,Rolling in the Deep,77,21,2011
Adele,3,Rolling in the Deep,75,21,2011
Adele,4,Set Fire to the Rain,74,21,2011
Adele,5,Hello,73,25,2015
Adrianne Archie,1,Take It,10,"He That Hath An Ear, Let Him Hear",2006
Adrianne Archie,2,What A Fellowship,8,"He That Hath An Ear, Let Him Hear",2006
Adrianne Archie,3,Push Myself,7,"He That Hath An Ear, Let Him Hear",2006
Adrianne Archie,4,Aingonlechugo,5,"He That Hath An Ear, Let Him Hear",2006
Adrianne Archie,5,Also,4,Heart Soul Mind & Strength,2009
Aerosmith,1,Dream On,78,Aerosmith,1973
Aerosmith,2,"I Don't Want to Miss a Thing - From ""Armageddon"" Soundtrack",75,Armageddon - The Album,1998
Aerosmith,3,"I Don't Want to Miss a Thing - From the Touchstone film, ""Armageddon""",74,I Don't Want To Miss A Thing,1998
Aerosmith,4,Sweet Emotion,73,Toys In The Attic,1975
Aerosmith,5,Walk This Way,72,Toys In The Attic,1975
Afrojack,1,The Spark,58,Forget The World (Deluxe),2014
Afrojack,2,Do Or Die - Afrojack vs. THIRTY SECONDS TO MARS Remix,55,Forget The World (Deluxe),2014
Afrojack,3,Switch,54,Switch,2019
Afrojack,4,Can't Stop Me (feat. Shermanology),44,Can't Stop Me (feat. Shermanology),2012
Afrojack,5,Rock The House,41,Rock The House,2012
After 7,1,Ready Or Not,53,After 7,1989
After 7,2,Ready Or Not,45,The Very Best Of After 7,1997
After 7,3,Can't Stop,42,After 7,1989
After 7,4,'Til You Do Me Right,39,The Very Best Of After 7,1997
After 7,5,Nights Like This,35,The Very Best Of After 7,1997
Agnes Obel,1,Familiär,60,Citizen of Glass,2016
Agnes Obel,2,It's Happening Again,52,Citizen of Glass,2016
Agnes Obel,3,Stone,45,Citizen of Glass,2016
Agnes Obel,4,Red Virgin Soil,44,Citizen of Glass,2016
Agnes Obel,5,Stretch Your Eyes,43,Citizen of Glass,2016
Akon,1,I Wanna Love You,70,Konvicted,2006
Akon,2,I Wanna Love You,66,Konvicted,2006
Akon,3,Right Now (Na Na Na),66,Freedom,2008
Akon,4,Locked Up,55,Trouble,2006
Akon,5,Angel,53,Angel,2010
Akwid,1,Anda Y Ve Lo Dudo,58,Los Aguacates De Jilquilpan,2005
Akwid,2,Por Tus Pujidos Nos Hallaron,49,Clasificado R - Director's Cut,2010
Akwid,3,California,46,Clasificado R - Director's Cut,2010
Akwid,4,Suena,45,Suena,2019
Akwid,5,veTE,38,reVOLVER,2013
Al B. Sure!,1,Nite and Day,51,In Effect Mode,1988
Al B. Sure!,2,Off on Your Own (Girl),47,In Effect Mode,1988
Al B. Sure!,3,Nite and Day,39,Rhino Hi-Five: Al B. Sure!,2005
Al B. Sure!,4,If I'm Not Your Lover,31,In Effect Mode,1988
Al B. Sure!,5,Rescue Me,29,In Effect Mode,1988
Alan Walker,1,"Alone, Pt. II",85,"Alone, Pt. II",2019
Alan Walker,2,On My Way,83,On My Way,2019
Alan Walker,3,Lily,78,Different World,2018
Alan Walker,4,Faded,77,Faded,2015
Alan Walker,5,Darkside,76,Different World,2018
Alec Benjamin,1,Let Me Down Slowly,86,Narrated For You,2018
Alec Benjamin,2,Mind Is A Prison,82,Mind Is A Prison,2019
Alec Benjamin,3,Water Fountain,78,Narrated For You,2018
Alec Benjamin,4,Jesus In LA,77,Jesus In LA,2019
Alec Benjamin,5,If We Have Each Other,76,Narrated For You,2018
Alejandro Sanz,1,Corazón partío,74,Más,1997
Alejandro Sanz,2,Mi Persona Favorita,73,Mi Persona Favorita,2019
Alejandro Sanz,3,Amiga mía,64,Grandes exitos 1997-2004,2004
Alejandro Sanz,4,Back In The City,59,Back In The City,2019
Alejandro Sanz,5,Mi soledad y yo,52,Grandes exitos 1991-1996,2004
Aleman,1,Humo en la Trampa,67,Humo en la Trampa,2019
Aleman,2,Un Minutito,58,Humo en la Trampa,2019
Aleman,3,Déjame Volar,52,Pase de Abordar (Deluxe),2015
Aleman,4,Me Pagan,49,Me Pagan,2019
Aleman,5,Tantas Veces,47,Tantas Veces,2017
Alessia Cara,1,Out Of Love,78,The Pains Of Growing,2018
Alessia Cara,2,Ready,77,Ready,2019
Alessia Cara,3,Scars To Your Beautiful,77,Know-It-All (Deluxe),2016
Alessia Cara,4,Scars To Your Beautiful,73,Know-It-All (Deluxe),2015
Alessia Cara,5,"How Far I'll Go - From ""Moana""",70,"How Far I'll Go (From ""Moana"")",2016
Alesso,1,REMEDY,77,REMEDY,2018
Alesso,2,Heroes (we could be),73,Forever,2015
Alesso,3,Sad Song (feat. TINI),72,Sad Song (feat. TINI),2019
Alesso,4,In The Middle,69,In The Middle,2019
Alesso,5,TIME,64,ALESSO MIXTAPE - PROGRESSO VOLUME 1,2019
Alex Rose,1,Jangueo,76,LOST,2019
Alex Rose,2,Darte Remix,71,Darte Remix,2018
Alex Rose,3,Sigues Preguntando - Remix,67,Sigues Preguntando (Remix),2019
Alex Rose,4,Ontas? - Remix,65,Ontas? (Remix),2019
Alex Rose,5,Percocet - Remix,65,Percocet (Remix),2017
Alex Zurdo,1,Lo Mio No Pasa,53,Lo Mio No Pasa,2016
Alex Zurdo,2,Sin Ti,53,¿Quién Contra Nosotros?,2018
Alex Zurdo,3,Tengo Victoria,50,De La a a La Z,2014
Alex Zurdo,4,Una Nueva Canción (feat. Kike Pavón),49,Una Nueva Canción (feat. Kike Pavón),2017
Alex Zurdo,5,No Soy Yo (feat. Redimi2),45,De La a a La Z,2014
Alexis y Fido,1,5 Letras,64,Sobrenatural,2007
Alexis y Fido,2,Mala Conducta (feat. Franco El Gorila),63,Perreología,2011
Alexis y Fido,3,Camuflaje,61,Perreología,2011
Alexis y Fido,4,Soy Igual Que Tú,61,Sobrenatural,2007
Alexis y Fido,5,Una En Un Millón,61,Una En Un Millón,2018
Alice Cooper,1,Poison,70,Trash,1989
Alice Cooper,2,School's Out,65,School's Out,1972
Alice Cooper,3,Poison,59,Alice Cooper Classicks,1989
Alice Cooper,4,Poison,57,The Best Of Alice Cooper,2007
Alice Cooper,5,I'm Eighteen,55,Love It To Death,1971
Alicia Keys,1,No One,79,As I Am (Expanded Edition),2007
Alicia Keys,2,If I Ain't Got You,78,The Diary Of Alicia Keys,2003
Alicia Keys,3,Girl On Fire,75,Girl on Fire (Remixes) - EP,2012
Alicia Keys,4,Underdog,73,Underdog,2020
Alicia Keys,5,Show Me Love (feat. 21 Savage & Miguel),68,Show Me Love (feat. 21 Savage & Miguel),2019
Alina Baraz,1,Electric (feat. Khalid),69,Electric (feat. Khalid),2017
Alina Baraz,2,Floating (feat. Khalid) [filous Remix],64,Floating (feat. Khalid) [filous Remix],2019
Alina Baraz,3,Lavender and Velvet,59,Lavender and Velvet,2017
Alina Baraz,4,Fantasy - Felix Jaehn Remix,46,Fantasy (Felix Jaehn Remix),2015
Alina Baraz,5,Fantasy - Felix Jaehn Remix,42,Ultra Summer 2 (The Best In Deep and Tropical House),2015
Alizzmatic,1,Odyssey,22,The Port,2018
Alizzmatic,2,The Dumbo's Party,21,The Port,2018
Alizzmatic,3,ZCN,21,The Port,2018
Alizzmatic,4,Electra,18,The Port,2018
Alizzmatic,5,F.U.D.,18,The Port,2018
All Time Low,1,Six Feet Under The Stars (Acoustic),39,"So Wrong, It's Right (Deluxe Version)",2008
All Time Low,2,"Dear Maria, Count Me In (Connect Sets Acoustic)",35,"So Wrong, It's Right (Deluxe Version)",2008
All Time Low,3,A Party Song (The Walk of Shame),0,Nothing Personal,2009
All Time Low,4,Break Your Little Heart,0,Nothing Personal,2009
All Time Low,5,Coffee Shop Soundtrack,0,Put Up Or Shut Up (Deluxe Version),2008
Alok,1,On & On,79,On & On,2019
Alok,2,Hear Me Now,75,Hear Me Now,2016
Alok,3,All The Lies,71,All The Lies,2019
Alok,4,Favela,69,Favela,2018
Alok,5,The Wall,65,The Wall,2019
Amel Larrieux,1,For Real,48,Bravebird,2004
Amel Larrieux,2,Get Up,41,Infinite Possibilities,2000
Amel Larrieux,3,Sweet Misery,27,Infinite Possibilities,2000
Amel Larrieux,4,Infinite Possibilities,13,Infinite Possibilities,1999
Amel Larrieux,5,For Real,0,Bravebird,2004
Amenazzy,1,Baby,73,Baby,2018
Amenazzy,2,Desierto,69,Desierto,2019
Amenazzy,3,Solo,68,Solo,2017
Amenazzy,4,Nadie Como Tu,67,Nadie Como Tu,2019
Amenazzy,5,Dios Bendiga (Remix),62,Dios Bendiga (Remix),2019
America,1,A Horse with No Name,77,America,1972
America,2,Ventura Highway,69,Homecoming,1972
America,3,Sister Golden Hair,66,Hearts (US Internet Release),1975
America,4,Tin Man,57,Holiday,1974
America,5,A Horse with No Name,50,America's Greatest Hits - History,1972
Amy Winehouse,1,Rehab,73,Back To Black,2006
Amy Winehouse,2,You Know I'm No Good,73,Back To Black,2006
Amy Winehouse,3,"Valerie - Live At BBC Radio 1 Live Lounge, London / 2007",65,Back To Black: B-Sides,2007
Amy Winehouse,4,Stronger Than Me,63,AMY (Original Motion Picture Soundtrack),2015
Amy Winehouse,5,Will You Still Love Me Tomorrow? - 2011,62,Lioness: Hidden Treasures,2011
Anderson .Paak,1,Make It Better (feat. Smokey Robinson),70,Ventura,2019
Anderson .Paak,2,Come Down,66,Malibu,2016
Anderson .Paak,3,Am I Wrong (feat. ScHoolboy Q),60,Malibu,2016
Anderson .Paak,4,Heart Don't Stand a Chance,59,Malibu,2016
Anderson .Paak,5,The Bird,58,Malibu,2016
Andery Toronto,1,Решето,47,Решето,2018
Andery Toronto,2,Жизнь,38,Медведи,2017
Andery Toronto,3,До небес,25,Немодный звук,2019
Andery Toronto,4,Подогрев,21,Неизданное,2018
Andery Toronto,5,В этих краях,18,Неизданное,2018
Andra Day,1,Rise Up,74,Cheers To The Fall,2015
Andra Day,2,Amen,45,Amen,2018
Andra Day,3,The Only Way Out,39,The Only Way Out,2016
Andra Day,4,What the World Needs Now Is Love,39,What the World Needs Now Is Love,2017
Andra Day,5,Forever Mine,21,Forever Mine,2015
Angel Y Khriz,1,Na De Na,68,Showtime,2008
Angel Y Khriz,2,Na De Na,59,Showtime,2008
Angel Y Khriz,3,Carita De Angel,25,El Disco De Reggaeton 04,2007
Angel Y Khriz,4,Ayer La Vi,18,Ayer La Vi,2009
Angel Y Khriz,5,Ven Bailalo,7,Strictly Latin Dancing Come And Dance,2011
Angie Stone,1,Wish I Didn't Miss You,62,Mahogany Soul,2001
Angie Stone,2,No More Rain (In This Cloud),49,Black Diamond,1999
Angie Stone,3,More Than A Woman (feat. Calvin) - Duet w/ Calvin,45,Mahogany Soul,2001
Angie Stone,4,Everyday,35,Black Diamond,1999
Angie Stone,5,Pissed Off,34,Mahogany Soul,2001
Anitta,1,Combatchy (feat. MC Rebecca),85,Combatchy (feat. MC Rebecca),2019
Anitta,2,Downtown,75,Downtown,2017
Anitta,3,Até o céu,74,Até o céu,2019
Anitta,4,Vai malandra (feat. Tropkillaz & DJ Yuri Martins),68,Vai malandra (feat. Tropkillaz & DJ Yuri Martins),2017
Anitta,5,Rosa,58,Kisses,2019
Anthony Hamilton,1,Best of Me,58,Back To Love (Deluxe Version),2011
Anthony Hamilton,2,Charlene,57,Comin' From Where I'm From,2003
Anthony Hamilton,3,"Cornbread, Fish & Collard Greens",47,Comin' From Where I'm From,2003
Anthony Hamilton,4,Dear Life,44,Step Up Soundtrack,2006
Anthony Hamilton,5,Ain't Nobody Worryin',42,Ain't Nobody Worryin',2005
Anuel AA,1,China,93,China,2019
Anuel AA,2,Ella Quiere Beber - Remix,82,Ella Quiere Beber (Remix),2018
Anuel AA,3,Secreto,82,Secreto,2019
Anuel AA,4,Amanece,80,Amanece,2018
Anuel AA,5,Quiere Beber,74,Real Hasta la Muerte,2018
Apollo LTD,1,On The Way Up 2.0,35,Out Of Body,2019
Apollo LTD,2,Gold,0,Gold,2018
Apollo LTD,3,Man That I Used To Know,0,Out Of Body,2018
Apollo LTD,4,One In A Million,0,One In A Million,2017
Apollo LTD,5,Supernatural,0,Out Of Body,2018
Aqua,1,My Oh My,43,Aquarium,1997
Aqua,2,Barbie Girl,5,Greatest Hits,2009
Aqua,3,Roses Are Red - Original Version,2,Greatest Hits,2009
Aqua,4,Around The World,0,Greatest Hits,2009
Aqua,5,Lollipop (Candyman),0,Greatest Hits,2009
Arcangel,1,Infeliz,84,Historias de un Capricornio,2019
Arcangel,2,Memoria Rota,69,Memoria Rota,2019
Arcangel,3,Tu No Vive Asi (feat. Mambo Kingz & DJ Luian),69,Tu No Vive Asi (feat. Mambo Kingz & DJ Luian),2016
Arcangel,4,Video Llamada,68,Historias de un Capricornio,2019
Arcangel,5,Hábitos,67,Historias de un Capricornio,2019
Arctic Monkeys,1,Do I Wanna Know?,82,AM,2013
Arctic Monkeys,2,Why'd You Only Call Me When You're High?,76,AM,2013
Arctic Monkeys,3,I Bet You Look Good On The Dancefloor,71,"Whatever People Say I Am, That's What I'm Not",2006
Arctic Monkeys,4,When The Sun Goes Down,71,"Whatever People Say I Am, That's What I'm Not",2006
Arctic Monkeys,5,Fluorescent Adolescent,66,Favourite Worst Nightmare (Standard Version),2007
Ari Lennox,1,Shea Butter Baby (with J. Cole),69,Shea Butter Baby,2019
Ari Lennox,2,BMO,67,Shea Butter Baby,2019
Ari Lennox,3,Whipped Cream,65,Shea Butter Baby,2019
Ari Lennox,4,Night Drive,62,PHO,2016
Ari Lennox,5,Broke (feat. JID),60,Shea Butter Baby,2019
Ariana Grande,1,7 rings,90,"thank u, next",2019
Ariana Grande,2,"thank u, next",87,"thank u, next",2019
Ariana Grande,3,boyfriend (with Social House),84,boyfriend,2019
Ariana Grande,4,"break up with your girlfriend, i'm bored",84,"thank u, next",2019
Ariana Grande,5,no tears left to cry,83,Sweetener,2018
Arizona Zervas,1,ROXANNE,99,ROXANNE,2019
Arizona Zervas,2,FML,82,Living Facts,2018
Arizona Zervas,3,FML,71,Living Facts,2018
Arizona Zervas,4,ROXANNE,71,ROXANNE,2019
Arizona Zervas,5,No I in Team,67,No I in Team,2018
Armin van Buuren,1,Blah Blah Blah,68,Blah Blah Blah,2018
Armin van Buuren,2,Something Real,65,Something Real,2019
Armin van Buuren,3,This Is What It Feels Like,65,Intense,2013
Armin van Buuren,4,Blah Blah Blah,63,Blah Blah Blah,2018
Armin van Buuren,5,Mr. Navigator,62,Mr. Navigator,2019
Arrested Youth,1,Dig,55,Sobville (Episode I),2019
Arrested Youth,2,Vans - King Kavalier Remix,54,Vans (The Remixes),2018
Arrested Youth,3,The Kid I Used to Know,50,Sobville (Episode I),2019
Arrested Youth,4,What You're Made Of,50,Sobville (Episode I),2019
Arrested Youth,5,Expectations,41,Sobville (Episode I),2019
Ashanti,1,Foolish,71,Ashanti,2002
Ashanti,2,Rock Wit U (Awww Baby),64,Chapter II,2003
Ashanti,3,Happy,62,Ashanti,2002
Ashanti,4,Unfoolish,60,Ashanti,2002
Ashanti,5,Christmas Time Again,11,Ashanti's Christmas,2003
Astrid S,1,Favorite Part Of Me,70,Down Low,2019
Astrid S,2,Years,69,Down Low,2019
Astrid S,3,The First One,67,The First One,2019
Astrid S,4,Doing To Me,66,Trust Issues,2019
Astrid S,5,Someone New,60,Someone New,2019
Au/Ra,1,Panic Room,75,Panic Room,2018
Au/Ra,2,Ghost,72,Ghost,2019
Au/Ra,3,Panic Room,67,Panic Room,2018
Au/Ra,4,Panic Room - Club Mix,46,Panic Room,2018
Au/Ra,5,Ghost - The Him Remix,44,Ghost (Remixes),2019
Audien,1,Never Letting Go,63,Never Letting Go,2018
Audien,2,Buzzing (with Nevve),59,Escapism,2019
Audien,3,Favorite Sound,59,Favorite Sound,2019
Audien,4,Buzzing (with Nevve),53,Buzzing (with Nevve),2019
Audien,5,Over It,53,Escapism,2019
Auxxk,1,who is he,43,Silent EP,2017
Auxxk,2,2:45,41,Silent EP,2017
Auxxk,3,Overload,20,Overload,2017
Auxxk,4,Sleeping,19,Simplicity,2016
Auxxk,5,Finger Trembling,18,Simplicity,2016
Ava Max,1,Sweet but Psycho,87,Sweet but Psycho,2018
Ava Max,2,So Am I,83,So Am I,2019
Ava Max,3,Torn,81,Torn,2019
Ava Max,4,Salt,80,Salt,2019
Ava Max,5,Freaking Me Out,76,Freaking Me Out,2019
Aventura,1,Ella Y Yo - Featuring Don Omar,74,God's Project,2005
Aventura,2,Inmortal,73,Utopia,2019
Aventura,3,Obsesion,73,We Broke The Rules,2002
Aventura,4,El Malo,71,The Last,2009
Aventura,5,La Boda,66,God's Project,2005
Avicii,1,Wake Me Up,84,True,2013
Avicii,2,SOS (feat. Aloe Blacc),83,TIM,2019
Avicii,3,Without You (feat. Sandro Cavazza),81,AVĪCI (01),2017
Avicii,4,Heaven,80,TIM,2019
Avicii,5,The Nights,80,The Days / Nights,2014
Avril Lavigne,1,Complicated,77,Let Go,2002
Avril Lavigne,2,Girlfriend,72,The Best Damn Thing (Expanded Edition),2007
Avril Lavigne,3,My Happy Ending,68,Under My Skin,2004
Avril Lavigne,4,What the Hell,14,Goodbye Lullaby,2011
Avril Lavigne,5,Girlfriend,11,The Best Damn Thing,2007
AxLi,1,Ya Habibi,41,Ya Habibi,2018
AxLi,2,Leil Nhar,40,Leil Nhar,2018
AxLi,3,Sailor Mars,35,Sailor Mars,2018
AxLi,4,Wasary,35,Wasary,2019
AxLi,5,Sargon,34,Sargon,2019
Axwell /\ Ingrosso,1,More Than You Know,80,More Than You Know,2017
Axwell /\ Ingrosso,2,Sun Is Shining,71,More Than You Know,2017
Axwell /\ Ingrosso,3,Sun Is Shining - W&W Remix,36,Sun Is Shining (Remixes),2015
Axwell /\ Ingrosso,4,More Than You Know,25,More Than You Know,2017
Axwell /\ Ingrosso,5,Sun Is Shining,11,Sun Is Shining,2015
Azet,1,Seele,74,Mango EP,2019
Azet,2,Qa bone,58,Qa bone,2017
Azet,3,Fast Life,56,Fast Life,2016
Azet,4,Patte fließt,52,Patte fließt,2016
Azet,5,Meister Yoda,49,Fast Life,2016
B.o.B,1,Airplanes (feat. Hayley Williams),75,B.o.B Presents: The Adventures of Bobby Ray,2010
B.o.B,2,Airplanes (feat. Hayley Williams),68,B.o.B Presents: The Adventures of Bobby Ray,2010
B.o.B,3,The Kids (feat. Janelle Monáe),41,B.o.B Presents: The Adventures of Bobby Ray,2010
B.o.B,4,Chandelier (feat. Lauriana Mae),40,Strange Clouds,2012
B.o.B,5,Strange Clouds - feat. Lil Wayne,0,Strange Clouds,2011
BANKS,1,Gimme,60,III,2019
BANKS,2,Warm Water - Snakehips Remix,57,Warm Water (Snakehips Remix),2013
BANKS,3,Gemini Feed,3,The Altar,2016
BANKS,4,Fuck With Myself,1,The Altar,2016
BANKS,5,Gemini Feed,1,Gemini Feed,2016
BLACHA,1,Chemia,58,Chemia,2019
BLACHA,2,Casablanca,55,Casablanca,2018
BLACHA,3,Apollo,54,Apollo,2019
BLACHA,4,Pomarańczowe Niebo,52,FAMA,2019
BLACHA,5,Bonnie & Clyde,48,Bonnie & Clyde,2019
BLACKPINK,1,Kill This Love,79,KILL THIS LOVE,2019
BLACKPINK,2,Kill This Love,72,KILL THIS LOVE,2019
BLACKPINK,3,DDU-DU DDU-DU,68,SQUARE UP,2018
BLACKPINK,4,Forever Young,65,SQUARE UP,2018
BLACKPINK,5,Really,60,SQUARE UP,2018
BONES,1,LooseScrew,58,SparrowsCreek,2019
BONES,2,CharacterSelect (ВыборПерсонажа),52,CARCASS,2018
BONES,3,XLR,51,NetworkUnknown,2017
BONES,4,"Okay,ButThisIsTheLastTime",50,Frayed,2015
BONES,5,RedRover,49,UnderTheWillowTree,2019
BROCKHAMPTON,1,SUGAR,88,GINGER,2019
BROCKHAMPTON,2,NO HALO,73,GINGER,2019
BROCKHAMPTON,3,BOY BYE,72,GINGER,2019
BROCKHAMPTON,4,FACE,71,SATURATION,2017
BROCKHAMPTON,5,GOLD,69,SATURATION,2017
BTS,1,Boy With Luv (feat. Halsey),85,MAP OF THE SOUL : PERSONA,2019
BTS,2,Make It Right (feat. Lauv),83,Make It Right (feat. Lauv),2019
BTS,3,IDOL,75,Love Yourself 結 'Answer',2018
BTS,4,DNA,71,Love Yourself 承 'Her',2017
BTS,5,Jamais Vu,71,MAP OF THE SOUL : PERSONA,2019
Baby Rasta & Gringo,1,Me Niegas,64,Los Cotizados,2015
Baby Rasta & Gringo,2,Evidencia,61,Evidencia,2019
Baby Rasta & Gringo,3,Te Hace Falta,56,Te Hace Falta,2019
Baby Rasta & Gringo,4,El Carnaval,54,Sentenciados - Platinum Edition,2004
Baby Rasta & Gringo,5,Un Beso,53,Los Cotizados,2015
Babyface,1,"Every Time I Close My Eyes (with Mariah Carey, Kenny G & Sheila E.)",61,The Day,1996
Babyface,2,Whip Appeal - 12-inch Version,47,Tender Lover,1989
Babyface,3,"This Is for the Lover In You (feat. LL Cool J, Howard Hewett, Jody Watley & Jeffrey Daniels)",46,The Day,1996
Babyface,4,"Every Time I Close My Eyes (with Mariah Carey, Kenny G & Sheila E.)",41,The Essential Babyface,2003
Babyface,5,For The Cool In You,40,For The Cool In You,1993
Bacilos,1,Caraluna,69,Grandes Exitos,2006
Bacilos,2,Mi primer millon,69,Caraluna,2002
Bacilos,3,Tabaco Y Chanel,68,Bacilos (Re-Issue),2001
Bacilos,4,Carta a Cupido,61,Carta a Cupido,2019
Bacilos,5,Mi primer millon,56,Grandes Exitos,2006
Bad Bunny,1,Vete,93,Vete,2019
Bad Bunny,2,Callaita,90,Callaita,2019
Bad Bunny,3,MIA (feat. Drake),83,MIA (feat. Drake),2018
Bad Bunny,4,NI BIEN NI MAL,79,X 100PRE,2018
Bad Bunny,5,Si Estuviésemos Juntos,79,X 100PRE,2018
Bad Company,1,Feel Like Makin' Love - 2015 Remaster,68,Straight Shooter,1975
Bad Company,2,Bad Company - 2015 Remaster,63,Bad Company (Deluxe),1974
Bad Company,3,Can't Get Enough - 2015 Remaster,56,Bad Company (Deluxe),1974
Bad Company,4,Ready for Love - 2015 Remaster,48,Bad Company (Deluxe),1974
Bad Company,5,Feel Like Makin' Love (Remastered Album Version),8,Straight Shooter,1975
Bad Suns,1,Cardiac Arrest,62,Language & Perspective,2014
Bad Suns,2,Daft Pretty Boys,62,Disappear Here,2016
Bad Suns,3,Heartbreaker,51,Disappear Here,2016
Bad Suns,4,One Magic Moment,48,Mystic Truth,2019
Bad Suns,5,Disappear Here,45,Disappear Here,2016
Bad Wolves,1,Zombie,72,Zombie,2018
Bad Wolves,2,Killing Me Slowly,65,Killing Me Slowly,2019
Bad Wolves,3,Hear Me Now (feat. DIAMANTE),61,Disobey,2018
Bad Wolves,4,Killing Me Slowly,60,N.A.T.I.O.N.,2019
Bad Wolves,5,Zombie,0,Disobey,2018
Bakermat,1,Baianá,76,Baianá,2019
Bakermat,2,Baby,64,Baby,2017
Bakermat,3,Games Continued - Radio Edit,60,Games,2016
Bakermat,4,Baianá,54,Baianá,2019
Bakermat,5,Uitzicht,54,Uitzicht - EP,2013
Ballin Entertainment,1,All Broken Hearted,0,Ultimate Freestyle Mega Mix,2008
Ballin Entertainment,2,All I Do Is Cry,0,Ultimate Freestyle Mega Mix,2008
Ballin Entertainment,3,All My Love,0,Ultimate Freestyle Mega Mix,2008
Ballin Entertainment,4,Always & Forever,0,Ultimate Freestyle Mega Mix,2008
Ballin Entertainment,5,Be Sure,0,Ultimate Freestyle Mega Mix,2008
Bart & Baker,1,Istanbul (Not Constantinople),46,"Introducing, Bart&Baker",2013
Bart & Baker,2,J'veux du soleil (feat. Au P'tit Bonheur) [Gramophonedzie Remix],40,Greatest Hits Remixed,2018
Bart & Baker,3,Allez Viens (Via Con Me) [feat. Pierre Santini & Lada Redstar],39,"Introducing, Bart&Baker",2013
Bart & Baker,4,J'ai rendez vous avec mon âme (feat. Clémentine),37,Clémentine Sings Bart&Baker : J'ai rendez-vous avec mon âme,2017
Bart & Baker,5,We Are What We Are (feat. Billy Bros Orchestra) [Radio Edit],37,We Are What We Are (feat. Billy Bros Orchestra),2017
Bassjackers,1,Fireflies (feat. Luciana),58,Fireflies (feat. Luciana),2016
Bassjackers,2,Derp - Original Mix,56,Derp,2015
Bassjackers,3,Snatch,50,Snatch,2019
Bassjackers,4,Savior - Radio Edit,49,Savior,2014
Bassjackers,5,Flip The Beat,48,Flip The Beat,2019
Basta,1,Выпускной (Медлячок),44,"Баста 5, Часть 2",2016
Basta,2,Моя игра,43,Баста 1,2006
Basta,3,Урбан,43,Баста 3,2010
Basta,4,Мама,41,Баста 1,2006
Basta,5,Вселенная,36,Баста 4,2013
Bastille,1,Another Place,73,Another Place,2019
Bastille,2,Pompeii,71,All This Bad Blood,2013
Bastille,3,Pompeii,70,Bad Blood,2013
Bastille,4,Quarter Past Midnight,66,Quarter Past Midnight,2018
Bastille,5,Pompeii - Audien Remix,55,Pompeii (Audien Remix),2014
Bazzi,1,Beautiful (feat. Camila Cabello),81,Beautiful (feat. Camila Cabello),2018
Bazzi,2,Mine,81,COSMIC,2018
Bazzi,3,Dreams,69,COSMIC,2018
Bazzi,4,No Way!,69,Soul Searching,2019
Bazzi,5,I.F.L.Y.,33,I.F.L.Y.,2019
Bebe Rexha,1,Meant to Be (feat. Florida Georgia Line),81,All Your Fault: Pt. 2,2017
Bebe Rexha,2,I'm a Mess,80,Expectations,2018
Bebe Rexha,3,"You Can't Stop The Girl (From Disney's ""Maleficent: Mistress of Evil"")",77,"You Can't Stop The Girl (From Disney's ""Maleficent: Mistress of Evil"")",2019
Bebe Rexha,4,Meant to Be (feat. Florida Georgia Line),71,Expectations,2018
Bebe Rexha,5,I Got You,62,I Got You,2016
Becky G,1,MALA SANTA,79,MALA SANTA,2019
Becky G,2,Sin Pijama,78,Sin Pijama,2018
Becky G,3,Bubalu,76,Bubalu,2018
Becky G,4,Cuando Te Besé,76,Cuando Te Besé,2018
Becky G,5,DOLLAR,76,DOLLAR,2019
Bedoes,1,VOGUE,70,Opowieści z Doliny Smoków,2019
Bedoes,2,Jesteś ładniejsza niż na zdjęciach (na zawsze),67,Jesteś ładniejsza niż na zdjęciach (na zawsze),2019
Bedoes,3,Wschód (lubię zapierdalać),67,Opowieści z Doliny Smoków,2019
Bedoes,4,1998 (mam to we krwi),65,1998 (mam to we krwi),2019
Bedoes,5,Opowieści z Doliny Smoków,65,Opowieści z Doliny Smoków,2019
Belanova,1,Rosa Pastel,61,Dulce Beat,2006
Belanova,2,Por Ti,57,Dulce Beat,2006
Belanova,3,Tus Ojos,56,Cocktail,2003
Belanova,4,No Me Voy A Morir,53,Sueño Electro I,2010
Belanova,5,Me Pregunto,51,Dulce Beat,2006
Bell Biv DeVoe,1,Poison,66,Poison,1990
Bell Biv DeVoe,2,Do Me!,48,Poison,1990
Bell Biv DeVoe,3,Poison,48,20th Century Masters: The Millennium Collection: Best of Bel Biv DeVoe,2002
Bell Biv DeVoe,4,B.B.D. (I Thought It Was Me)?,41,Poison,1990
Bell Biv DeVoe,5,Poison,36,RnB 1990's,2019
Beyoncé,1,Formation,77,Lemonade,2016
Beyoncé,2,Halo,77,I AM...SASHA FIERCE,2008
Beyoncé,3,Crazy In Love (feat. Jay-Z),75,Dangerously In Love,2003
Beyoncé,4,Hold Up,75,Lemonade,2016
Beyoncé,5,Run the World (Girls),75,4,2011
Bhavi,1,Fresko,71,Fresko,2019
Bhavi,2,No Lo Entiendo,63,No Lo Entiendo,2019
Bhavi,3,Zigzag,61,Zigzag,2019
Bhavi,4,Bhavi - BZRP Music Sessions #1,59,Bhavi - BZRP Music Sessions #1,2019
Bhavi,5,Te Necesito,56,Te Necesito,2018
Big Boi,1,Royal Flush (feat. André 3000 & Raekwon),39,Royal Flush (feat. André 3000 & Raekwon),2008
Big Boi,2,Lines,37,Vicious Lies and Dangerous Rumors (Deluxe),2012
Big Boi,3,Be Still,27,Sir Lucious Left Foot...The Son Of Chico Dusty (Deluxe),2010
Big Boi,4,Gossip,9,Gossip,2012
Big Boi,5,Kill Jill,1,Kill Jill,2017
Big K.R.I.T.,1,Addiction (feat. Lil Wayne & Saweetie),58,K.R.I.T. IZ HERE,2019
Big K.R.I.T.,2,Mixed Messages,51,4eva Is A Mighty Long Time,2017
Big K.R.I.T.,3,Confetti,50,4eva Is A Mighty Long Time,2017
Big K.R.I.T.,4,Get Away,44,4eva Is A Mighty Long Time,2017
Big K.R.I.T.,5,Subenstein (My Sub IV),44,4eva Is A Mighty Long Time,2017
Big L,1,Put It On,61,Lifestylez Ov Da Poor & Dangerous,1995
Big L,2,MVP,53,Lifestylez Ov Da Poor & Dangerous,1995
Big L,3,Da Graveyard,50,Lifestylez Ov Da Poor & Dangerous,1995
Big L,4,Street Struck,48,Lifestylez Ov Da Poor & Dangerous,1995
Big L,5,All Black,45,Lifestylez Ov Da Poor & Dangerous,1995
Big Pun,1,Still Not a Player (feat. Joe) - Radio Version,65,Capital Punishment (Explicit Version),1999
Big Pun,2,Twinz (Deep Cover 98) (feat. Fat Joe),65,Capital Punishment (Explicit Version),1999
Big Pun,3,You Ain't a Killer,55,Capital Punishment (Explicit Version),1999
Big Pun,4,Still Not a Player (feat. Joe),52,The Legacy: The Best Of Big Pun,2009
Big Pun,5,Twinz (Deep Cover 98),35,The Legacy: The Best Of Big Pun,2009
Big Sean,1,Bounce Back,76,I Decided.,2017
Big Sean,2,I Don't Fuck With You,75,Dark Sky Paradise,2015
Big Sean,3,Bezerk (feat. A$AP Ferg),74,Bezerk,2019
Big Sean,4,I Know,67,Dark Sky Paradise,2015
Big Sean,5,Blessings,66,Dark Sky Paradise,2015
Big Tymers,1,Still Fly,60,Hood Rich,2002
Big Tymers,2,#1 Stunna,48,I Got That Work,2000
Big Tymers,3,Sunny Day,32,Hood Rich,2002
Big Tymers,4,Get Your Roll On,1,10 Years Of Bling Vol. 1,2007
Big Tymers,5,#1 Stunna,0,I Got That Work (Explicit Version),2000
Billie Eilish,1,everything i wanted,97,everything i wanted,2019
Billie Eilish,2,bad guy,95,"WHEN WE ALL FALL ASLEEP, WHERE DO WE GO?",2019
Billie Eilish,3,lovely (with Khalid),89,lovely (with Khalid),2018
Billie Eilish,4,bury a friend,87,"WHEN WE ALL FALL ASLEEP, WHERE DO WE GO?",2019
Billie Eilish,5,all the good girls go to hell,86,"WHEN WE ALL FALL ASLEEP, WHERE DO WE GO?",2019
Billy Idol,1,Rebel Yell,71,Rebel Yell,1983
Billy Idol,2,White Wedding - Pt. 1,68,Billy Idol,1982
Billy Idol,3,Eyes Without A Face,67,Rebel Yell,1983
Billy Idol,4,Mony Mony - Downtown Mix / 24-Bit Digitally Remastered 2001,52,Vital Idol,1985
Billy Idol,5,White Wedding - Part 1 - 2001- Remaster,12,Billy Idol,1982
Billy Joel,1,Uptown Girl,77,An Innocent Man,1983
Billy Joel,2,Piano Man,74,Piano Man (Legacy Edition),1973
Billy Joel,3,We Didn't Start the Fire,73,Storm Front,1989
Billy Joel,4,She's Always a Woman,71,The Stranger (Legacy Edition),1977
Billy Joel,5,Piano Man,70,The Essential Billy Joel,2001
Billy Squier,1,The Stroke - Remastered,64,Don't Say No,1981
Billy Squier,2,Lonely Is The Night - Remastered,61,Don't Say No,1981
Billy Squier,3,Everybody Wants You - Remastered 2002,55,Absolute Hits,2005
Billy Squier,4,In The Dark,0,Don't Say No,1981
Billy Squier,5,Lonely Is The Night,0,Don't Say No,1981
Bingo Players,1,Rattle - Original Mix,41,Rattle,2011
Bingo Players,2,Get Up (Rattle) - Vocal Edit,32,Diez Años De Mas Nescafé,2013
Bingo Players,3,Get Up (Rattle) - Vocal Extended Version,24,Get Up (Rattle),2013
Bingo Players,4,Rattle - Original Mix,1,disco:wax Presents: Spinnin' Records Volume 01,2012
Bingo Players,5,Knock You Out,0,Knock You Out,2014
Birdman,1,Stuntin' Like My Daddy - Street,59,Like Father Like Son,2006
Birdman,2,Money To Blow - Street Version,56,Pricele$$,2009
Birdman,3,You Ain't Know,42,Like Father Like Son,2006
Birdman,4,Over Here Hustlin',36,Like Father Like Son,2006
Birdman,5,Stuntin' Like My Daddy,0,10 Years Of Bling Vol. 2,2008
Bizarrap,1,"Aleman: Bzrp Music Sessions, Vol. 15",77,"Aleman: Bzrp Music Sessions, Vol. 15",2019
Bizarrap,2,"John C: Bzrp Music Sessions, Vol. 18",75,"John C: Bzrp Music Sessions, Vol. 18",2019
Bizarrap,3,"DANI: Bzrp Freestyle Sessions, Vol. 7",71,"DANI: Bzrp Freestyle Sessions, Vol. 7",2019
Bizarrap,4,"Polimá Westcoast: Bzrp Music Sessions, Vol. 19",70,"Polimá Westcoast: Bzrp Music Sessions, Vol. 19",2019
Bizarrap,5,"Aczino: Bzrp Freestyle Sessions, Vol. 8",69,"Aczino: Bzrp Freestyle Sessions, Vol. 8",2019
Black Sabbath,1,Paranoid,76,Paranoid (2009 Remastered Version),1970
Black Sabbath,2,Paranoid - 2016 Remaster,68,Paranoid (2014 Remaster),1970
Black Sabbath,3,Iron Man - 2014 Remaster,66,Paranoid (2014 Remaster),1970
Black Sabbath,4,Changes,35,The Ultimate Collection,2016
Black Sabbath,5,Paranoid,15,Greatest Hits,2014
Black Stone Cherry,1,Blame It on the Boom Boom,57,Between The Devil & The Deep Blue Sea (Special Edition),2011
Black Stone Cherry,2,White Trash Millionaire,56,Between The Devil & The Deep Blue Sea (Special Edition),2011
Black Stone Cherry,3,Can't You See,54,Between The Devil & The Deep Blue Sea (Special Edition),2011
Black Stone Cherry,4,Me And Mary Jane,49,Magic Mountain,2014
Black Stone Cherry,5,Be Cowboy (PBR Anthem),41,Be Cowboy (PBR Anthem),2019
Blackcode,1,Belong With You,39,Belong With You,2019
Blackcode,2,Focus,39,Focus,2019
Blackcode,3,Find The Love,28,Find The Love,2019
Blackcode,4,Lift Me Up,25,Lift Me Up,2019
Blackcode,5,Keep Us Down,17,Keep Us Down,2019
Blackstreet,1,No Diggity,76,Another Level,1996
Blackstreet,2,Before I Let You Go,57,Blackstreet,1994
Blackstreet,3,No Diggity,46,No Diggity: The Very Best Of Blackstreet,2003
Blackstreet,4,Don't Leave Me,39,Cool - R&B,2009
Blackstreet,5,Don't Leave Me,36,No Diggity: The Very Best Of Blackstreet,2003
Blasterjaxx,1,Narco,62,Narco,2017
Blasterjaxx,2,Children Of Today,59,Children Of Today,2019
Blasterjaxx,3,Never Be Lonely (feat. Envy Monroe),57,Never Be Lonely (feat. Envy Monroe),2019
Blasterjaxx,4,Monster (feat. Junior Funke),53,Monster (feat. Junior Funke),2019
Blasterjaxx,5,Wonderful Together (feat. Envy Monroe),53,Wonderful Together (feat. Envy Monroe),2019
Blondie,1,Heart Of Glass - Special Mix,70,Best Of Blondie,1981
Blondie,2,Call Me,69,Atomic/Atomix,1999
Blondie,3,One Way Or Another,55,Parallel Lines,1978
Blondie,4,One Way Or Another,55,Atomic: The Very Best Of Blondie,1998
Blondie,5,Once I Had A Love (AKA The Disco Song) - Remastered,48,Plastic Letters,1978
Blue Öyster Cult,1,(Don't Fear) The Reaper,75,Agents Of Fortune,1976
Blue Öyster Cult,2,Burnin' for You,67,Fire of Unknown Origin,1981
Blue Öyster Cult,3,Godzilla,62,Spectres,1977
Blue Öyster Cult,4,Fire of Unknown Origin,44,Fire of Unknown Origin,1981
Blue Öyster Cult,5,Godzilla,23,Don't Fear The Reaper: The Best Of Blue Öyster Cult,2000
Blur,1,Song 2 - 2012 Remaster,74,Blur [Special Edition],1997
Blur,2,Girls and Boys,68,Blur: The Best Of,2000
Blur,3,Coffee and TV,66,13,1998
Blur,4,Song 2,64,Blur: The Best Of,2000
Blur,5,There Are Too Many Of Us,38,The Magic Whip,2015
Bobby Brown,1,Every Little Step,56,Don't Be Cruel,1988
Bobby Brown,2,My Prerogative,56,Don't Be Cruel,1988
Bobby Brown,3,Two Can Play That Game - Radio Edit,56,Two Can Play That Game,1992
Bobby Brown,4,Roni,53,Don't Be Cruel,1988
Bobby Brown,5,Rock Wit'cha,52,Don't Be Cruel,1988
Bolier,1,Grow Up,54,Grow Up,2018
Bolier,2,Set on You,46,Set on You,2019
Bolier,3,Forever And A Day - LVNDSCAPE Remix,29,Forever And A Day,2015
Bolier,4,Ragga (Radio Edit),26,Ragga,2015
Bolier,5,Follow Me (feat. NBLM) - Redondo & Gil Glaze Remix,15,Follow Me (feat. NBLM),2019
Bon Jovi,1,Livin' On A Prayer,83,Slippery When Wet,1986
Bon Jovi,2,Bed Of Roses,73,Keep The Faith,1992
Bon Jovi,3,Runaway,69,Bon Jovi,1984
Bon Jovi,4,Bad Medicine,67,New Jersey (Deluxe Edition),1988
Bon Jovi,5,Unbroken,56,Unbroken,2019
Bone Thugs-N-Harmony,1,Tha Crossroads,67,E. 1999 Eternal,1995
Bone Thugs-N-Harmony,2,1st of Tha Month,64,E. 1999 Eternal,1995
Bone Thugs-N-Harmony,3,Crept and We Came,43,E. 1999 Eternal,1995
Bone Thugs-N-Harmony,4,Handle the Vibe,39,The Art of War: World War 1,1997
Bone Thugs-N-Harmony,5,"No Shorts, No Losses",38,E. 1999 Eternal,1995
Boombox Cartel,1,Whisper,57,Whisper,2018
Boombox Cartel,2,ID,51,ID,2018
Boombox Cartel,3,Supernatural (feat. Anjulie),49,Supernatural (feat. Anjulie),2016
Boombox Cartel,4,Nothing To Hide,47,Nothing To Hide,2019
Boombox Cartel,5,NEW WIP - Chris Lorenzo Remix,46,NEW WIP (Remixes),2019
Borgeous,1,Leave,56,Leave,2019
Borgeous,2,Breathe,42,Breathe,2014
Borgeous,3,Everybody,42,Lights Out,2019
Borgeous,4,Tutankhamun,41,Tutankhamun,2014
Borgeous,5,Break The House,38,Break The House,2014
Boston,1,More Than a Feeling,78,Boston,1976
Boston,2,Peace of Mind,69,Boston,1976
Boston,3,Amanda,62,Third Stage,1986
Boston,4,Smokin',62,Boston,1976
Boston,5,Rock & Roll Band,55,Boston,1976
Boyz II Men,1,End Of The Road,71,Cooleyhighharmony (Bonus Tracks Version),1991
Boyz II Men,2,I'll Make Love To You,63,II,1994
Boyz II Men,3,Motownphilly,57,Cooleyhighharmony (Bonus Tracks Version),1991
Boyz II Men,4,Let It Snow,56,The Best Of/20th Century Masters: The Christmas Collection,1993
Boyz II Men,5,Motownphilly - Original Version,54,The Best Of Boyz II Men 20th Century Masters The Millennium Collection,2003
Brandy,1,The Boy Is Mine,66,Never Say Never,1998
Brandy,2,Have You Ever,60,Never Say Never,1998
Brandy,3,I Wanna Be Down,60,Brandy,1994
Brandy,4,Full Moon,57,Full Moon (European Version),2002
Brandy,5,"I Wanna Be Down (feat. Queen Latifah, Yoyo & McLyte) - Remix",56,The Best Of Brandy (International Release),2005
Brasstracks,1,XO Tour Llif3,48,XO Tour Llif3,2017
Brasstracks,2,Say U Won't,40,Good Love,2016
Brasstracks,3,Fever,39,Fever,2017
Brasstracks,4,Get Your Way,30,Good Love,2016
Brasstracks,5,Good Love (feat. Jay Prince),30,Good Love,2016
Breaking Benjamin,1,I Will Not Bow,71,Dear Agony,2009
Breaking Benjamin,2,The Diary of Jane - Single Version,68,Phobia (Clean Version),2006
Breaking Benjamin,3,Dance With The Devil,65,Phobia (Explicit Version),2006
Breaking Benjamin,4,Breath,61,Phobia (Clean Version),2006
Breaking Benjamin,5,Dear Agony,60,Dear Agony,2009
Breathe Carolina,1,Sweet Dreams (feat. Kaleena Zanders),56,Sweet Dreams (feat. Kaleena Zanders),2018
Breathe Carolina,2,Get Away (feat. Rama Duke),53,Get Away (feat. Rama Duke),2019
Breathe Carolina,3,Stronger,41,Stronger,2019
Breathe Carolina,4,My Love - Raven & Kreyn Remix,40,My Love (The Remixes),2019
Breathe Carolina,5,Platinum Hearts - Suspect 44 Radio Edit,13,Platinum Hearts (Remixes),2016
Brent Faiyaz,1,Poison,68,Poison,2016
Brent Faiyaz,2,Around Me,64,Lost,2018
Brent Faiyaz,3,Lovely,58,A.M. Paradox,2016
Brent Faiyaz,4,First World Problemz / Nobody Carez,52,Sonder Son,2017
Brent Faiyaz,5,Invite Me,49,Invite Me,2016
Brian McKnight,1,Back At One,71,Back At One,1999
Brian McKnight,2,Love Of My Life,45,Superhero,2001
Brian McKnight,3,Anytime,41,1989-2002 From There To Here,2002
Brian McKnight,4,One Last Cry,19,1989-2002 From There To Here,2002
Brian McKnight,5,Anytime,16,Love Songs,2011
Bring Me The Horizon,1,Ludens,73,Ludens,2019
Bring Me The Horizon,2,Throne,68,That's The Spirit,2015
Bring Me The Horizon,3,wonderful life (feat. Dani Filth),62,amo,2019
Bring Me The Horizon,4,Happy Song,58,That's The Spirit (Track by Track Commentary),2015
Bring Me The Horizon,5,sugar honey ice & tea - Edit,55,sugar honey ice & tea (Edit),2019
Britney Spears,1,Toxic,78,In The Zone,2003
Britney Spears,2,Oops!...I Did It Again,76,Oops!... I Did It Again,2000
Britney Spears,3,...Baby One More Time,75,...Baby One More Time (Digital Deluxe Version),1999
Britney Spears,4,Criminal,67,Femme Fatale (Deluxe Version),2011
Britney Spears,5,Pretty Girls,59,Pretty Girls,2015
Broederliefde,1,Habri Pia,57,"Habri Pia / One, Two, Three",2019
Broederliefde,2,Hoe Je Bent,52,Hoe Je Bent,2018
Broederliefde,3,Hoelang,52,Hoelang,2019
Broederliefde,4,Shelbyana,52,Shelbyana / Tan2 Ducks,2019
Broederliefde,5,Moni Mi Suku,51,Broeders (Extended),2019
Bruce Springsteen,1,Dancing In the Dark,76,Born In The U.S.A.,1984
Bruce Springsteen,2,Born in the U.S.A.,75,Born In The U.S.A.,1984
Bruce Springsteen,3,Born to Run,73,Born To Run,1975
Bruce Springsteen,4,I'm On Fire,73,Born In The U.S.A.,1984
Bruce Springsteen,5,Glory Days,67,Born In The U.S.A.,1984
Bruno Mars,1,That's What I Like,82,24K Magic,2016
Bruno Mars,2,When I Was Your Man,82,Unorthodox Jukebox,2012
Bruno Mars,3,Just the Way You Are,80,Doo-Wops & Hooligans,2010
Bruno Mars,4,24K Magic,78,24K Magic,2016
Bruno Mars,5,Locked Out of Heaven,78,Unorthodox Jukebox,2012
Bryan Adams,1,(Everything I Do) I Do It For You,74,Waking Up The Neighbours,1991
Bryan Adams,2,Shine A Light,53,Shine A Light,2019
Bryan Adams,3,Heaven,14,Reckless,1984
Bryan Adams,4,Summer Of '69 - MTV Unplugged Version,10,MTV Unplugged,1997
Bryan Adams,5,Heaven - MTV Unplugged Version,8,MTV Unplugged,1997
Bryant Myers,1,Gan-Ga - Remix,79,Gan-Ga (Remix),2019
Bryant Myers,2,Gan-Ga,74,Gan-Ga,2019
Bryant Myers,3,Bandolera,71,Bandolera,2019
Bryant Myers,4,Tanta Falta Remix,62,Tanta Falta Remix,2019
Bryant Myers,5,Ojala,56,La Oscuridad,2018
Bryce Vine,1,Sour Patch Kids,55,Lazy Fair,2014
Bryce Vine,2,The Fall,52,The Fall,2016
Bryce Vine,3,Guilty Pleasure,50,Lazy Fair,2014
Bryce Vine,4,Take Me Home,48,Lazy Fair,2014
Bryce Vine,5,Los Angeles,0,Los Angeles - Single,2016
Bryson Tiller,1,Don't,80,T R A P S O U L,2015
Bryson Tiller,2,Exchange,79,T R A P S O U L,2015
Bryson Tiller,3,Blame,74,Blame,2019
Bryson Tiller,4,Right My Wrongs,72,T R A P S O U L,2015
Bryson Tiller,5,Get Mine,52,Get Mine,2017
Brytiago,1,Toxico,75,Toxico,2019
Brytiago,2,Asesina - Remix,74,Asesina (Remix),2018
Brytiago,3,La Mentira - Remix,71,La Mentira (Remix),2019
Brytiago,4,Controla,68,Controla,2019
Brytiago,5,Asesina - Original mix,67,Asesina,2018
Bubba Sparxxx,1,Deliverance,53,Deliverance,2003
Bubba Sparxxx,2,Country to the City (feat. Jg Made Um Look),46,Country to the City,2014
Bubba Sparxxx,3,Jimmy Mathis,32,Deliverance,2003
Bubba Sparxxx,4,Nowhere,27,Deliverance,2003
Bubba Sparxxx,5,Hootnanny,19,Deliverance,2003
Burna Boy,1,On The Low,74,African Giant,2019
Burna Boy,2,Ye,74,Outside,2018
Burna Boy,3,Collateral Damage,66,African Giant,2019
Burna Boy,4,Omo,63,African Giant,2019
Burna Boy,5,Show & Tell (feat. Future),56,African Giant,2019
Bushido,1,Butterfly Effect,22,Carlo Cokxxx Nutten 3,2015
Bushido,2,Black Friday,20,Black Friday,2017
Bushido,3,Echte Berliner,20,Black Friday,2017
Bushido,4,CCNDNA,10,Black Friday,2017
Bushido,5,Boss,0,Aggro Ansage Nr.1 EP,2002
C-Murder,1,Down For My N's,38,Best Of C-Murder,2005
C-Murder,2,Down For My Niggaz,37,The Best Of Snoop Dogg,2005
C-Murder,3,Picture Me,23,Life Or Death,1998
C-Murder,4,Constantly 'N Danger,22,Life Or Death,1998
C-Murder,5,Duck & Run,20,Life Or Death,1998
C. Tangana,1,No Te Debí Besar,79,No Te Debí Besar,2019
C. Tangana,2,Booty,71,Booty,2018
C. Tangana,3,5 Stars (feat. Polima Westcoast),68,5 Stars (feat. Polima Westcoast),2019
C. Tangana,4,Yelo,67,Yelo,2020
C. Tangana,5,Pronto Llegará,66,Pronto Llegará,2019
CASIOPEA,1,Asayake,0,Asian Dreamer,2010
CASIOPEA,2,Asian Dreamer,0,Asian Dreamer,2010
CASIOPEA,3,Black Joke,0,Asian Dreamer,2010
CASIOPEA,4,Coast to Coast,0,Asian Dreamer,2010
CASIOPEA,5,Conjunction,0,Asian Dreamer,2010
CAZZETTE,1,Handful Of Gold - Hounded Remix,50,Handful Of Gold (Remixes II),2017
CAZZETTE,2,In Time,49,Stereo Mono,2018
CAZZETTE,3,Handful Of Gold,32,Handful Of Gold,2017
CAZZETTE,4,Blind Heart - Radio Edit,2,Blind Heart (Radio Edit),2014
CAZZETTE,5,Blue Sky,2,Blue Sky (ft. Laleh),2016
CHVRCHES,1,The Mother We Share,61,The Bones of What You Believe,2013
CHVRCHES,2,Get Out,55,Love Is Dead,2018
CHVRCHES,3,Forever,38,Love Is Dead,2018
CHVRCHES,4,Deliverance,36,Love Is Dead,2018
CHVRCHES,5,The Mother We Share,3,The Bones Of What You Believe (Special Edition),2013
CNCO,1,Pegao,75,Que Quiénes Somos,2019
CNCO,2,Reggaetón Lento (Bailemos),74,Primera Cita,2016
CNCO,3,Hey DJ,71,CNCO,2018
CNCO,4,Llegaste Tú,69,Llegaste Tú,2018
CNCO,5,Pretend,69,Pretend,2019
COIN,1,Talk Too Much,68,How Will You Know If You Never Try,2017
COIN,2,Crash My Car,65,Crash My Car,2019
COIN,3,Cemetery,60,Cemetery,2018
COIN,4,Youuu,54,Youuu,2020
COIN,5,Crash My Car,10,Crash My Car,2019
Cabela and Schmitt,1,What You Say,44,What You Say,2019
Cabela and Schmitt,2,All Alone,42,Memorophilia,2017
Cabela and Schmitt,3,It's Only Time,37,Just Another Face in the Cloud,2017
Cabela and Schmitt,4,Leave It to the Weather,33,Leave It to the Weather,2019
Cabela and Schmitt,5,Dancing in the Light,28,Dancing Shoes,2019
Caifanes,1,Afuera,71,El Nervio Del Volcan,1994
Caifanes,2,La Célula Que Explota,69,El Diablito,1990
Caifanes,3,Viento,68,Caifanes,1988
Caifanes,4,No Dejes Que...,67,El Silencio,1992
Caifanes,5,Mátenme Porque Me Muero,64,Caifanes,1988
Cali Y El Dandee,1,Voy Por Ti,76,Voy Por Ti,2019
Cali Y El Dandee,2,Tequila Sunrise,71,Tequila Sunrise,2019
Cali Y El Dandee,3,Por Fin Te Encontré,70,Por Fin Te Encontré,2015
Cali Y El Dandee,4,Contigo,44,Contigo,2014
Cali Y El Dandee,5,Lumbra,6,Lumbra,2017
Calum Scott,1,You Are The Reason,83,Only Human (Deluxe),2018
Calum Scott,2,Dancing On My Own - Tiësto Remix,63,Only Human (Deluxe),2018
Calum Scott,3,You Are The Reason - Tiësto's AFTR:HRS Remix,42,You Are The Reason (Tiësto's AFTR:HRS Remix),2017
Calum Scott,4,Dancing On My Own,11,Dancing On My Own,2016
Calum Scott,5,Dancing On My Own - Tiësto Remix,9,Dancing On My Own (Tiësto Remix),2016
Calvin Harris,1,One Kiss (with Dua Lipa),85,One Kiss (with Dua Lipa),2018
Calvin Harris,2,Promises (with Sam Smith),84,Promises (with Sam Smith),2018
Calvin Harris,3,Giant (with Rag'n'Bone Man),83,Giant (with Rag'n'Bone Man),2019
Calvin Harris,4,Summer,79,Motion,2014
Calvin Harris,5,This Is What You Came For,79,This Is What You Came For,2016
Camel,1,Freefall,41,Mirage,2002
Camel,2,Supertwister,38,Mirage,2002
Camel,3,Dunkirk - Instrumental Album Version,0,The Snow Goose (Deluxe Edition),2009
Camel,4,Echoes,0,Breathless,1978
Camel,5,Flight Of The Snow Goose - Instrumental Album Version,0,The Snow Goose (Deluxe Edition),2009
CamelPhat,1,Breathe,69,Breathe,2018
CamelPhat,2,Rabbit Hole,68,Rabbit Hole,2019
CamelPhat,3,Be Someone,66,Be Someone,2019
CamelPhat,4,DMT - Original Mix,39,The Solution,2018
CamelPhat,5,Dopamine Machine - Club Mix,36,Dopamine Machine (Club Mix),2018
Camila Cabello,1,My Oh My (feat. DaBaby),94,Romance,2019
Camila Cabello,2,Liar,87,Liar,2019
Camila Cabello,3,Havana (feat. Young Thug),84,Camila,2018
Camila Cabello,4,Easy,78,Easy,2019
Camila Cabello,5,Liar,77,Romance,2019
Campsite Dream,1,Crush,55,Crush,2015
Campsite Dream,2,Little Do You Know,55,Little Do You Know,2017
Campsite Dream,3,No Diggity,55,No Diggity,2016
Campsite Dream,4,Genie in a Bottle,51,Genie in a Bottle,2018
Campsite Dream,5,All That She Wants,50,All That She Wants,2020
Cam’ron,1,Oh Boy,65,Come Home With Me,2002
Cam’ron,2,Hey Ma,59,Come Home With Me,2002
Cam’ron,3,Hey Ma,57,Come Home With Me,2002
Cam’ron,4,Down And Out,55,Purple Haze,2004
Cam’ron,5,Oh Boy,3,Come Home With Me,2002
Capital Bra,1,Der Bratan bleibt der gleiche,79,Der Bratan bleibt der gleiche,2019
Capital Bra,2,Zweistellige Haftstrafen,55,BLYAT,2017
Capital Bra,3,Die Echten,52,Makarov Komplex,2017
Capital Bra,4,Vladimir Putin,51,Kuku Bra,2016
Capital Bra,5,Kuku187,50,Makarov Komplex,2017
Capital Cities,1,Safe And Sound,77,In A Tidal Wave Of Mystery (Deluxe Edition),2013
Capital Cities,2,Kangaroo Court,64,In A Tidal Wave Of Mystery (Deluxe Edition),2013
Capital Cities,3,Chartreuse,45,In A Tidal Wave Of Mystery (Deluxe Edition),2013
Capital Cities,4,Safe And Sound - Dzeko And Torres’ Digital Dreamin Remix,38,In A Tidal Wave Of Mystery (Deluxe Edition),2013
Capital Cities,5,Safe And Sound,13,Safe And Sound,2013
Capital Kings,1,All Good,49,All Good,2017
Capital Kings,2,Rip It Up (feat. Aaron Cole),43,Rip It Up (feat. Aaron Cole),2017
Capital Kings,3,Don't Wanna Wake Up,1,Don't Wanna Wake Up,2017
Capital Kings,4,I Feel so Alive,1,Capital Kings,2013
Capital Kings,5,Afterlight,0,II,2015
Caravan Palace,1,Jolie Coquine,51,Caravan Palace,2008
Caravan Palace,2,Black Betty,48,Black Betty,2017
Caravan Palace,3,Miracle,33,Miracle,2019
Caravan Palace,4,Tattoos,31,<I°_°I>,2015
Caravan Palace,5,Black Betty,2,Black Betty - Single,2017
Cardi B,1,I Like It,84,Invasion of Privacy,2018
Cardi B,2,Money,79,Money,2018
Cardi B,3,Please Me,79,Please Me,2019
Cardi B,4,Bodak Yellow,76,Invasion of Privacy,2018
Cardi B,5,Press,74,Press,2019
Carlos Baute,1,Colgando en tus manos (con Marta Sánchez),74,De mi puño y letra - Edicion Coleccionista,2009
Carlos Baute,2,Colgando en tus manos (con Marta Sánchez),61,Colgando en tus manos (con Marta Sanchez),2008
Carlos Baute,3,Te regalo,60,Baute,2005
Carlos Baute,4,Vamo´ a la calle,49,Vamo´ a la calle,2017
Carlos Baute,5,Perdido,37,Perdido,2019
Carlos Vives,1,Robarte un Beso,76,VIVES,2017
Carlos Vives,2,La Bicicleta,73,VIVES,2017
Carlos Vives,3,Volví a Nacer,65,Corazón Profundo (Versión Deluxe),2013
Carlos Vives,4,La Bicicleta,61,El Dorado,2017
Carlos Vives,5,Si Me Das Tu Amor,61,Si Me Das Tu Amor,2019
Carly Rae Jepsen,1,Call Me Maybe,76,Kiss,2012
Carly Rae Jepsen,2,Party For One,64,Dedicated,2019
Carly Rae Jepsen,3,Run Away With Me,62,Emotion,2015
Carly Rae Jepsen,4,Call Me Maybe,10,Call Me Maybe,2012
Carly Rae Jepsen,5,Now That I Found You,5,Now That I Found You / No Drug Like Me,2019
Carly Simon,1,You're so Vain,75,No Secrets,1972
Carly Simon,2,That's The Way I've Always Heard It Should Be,45,Carly Simon,1971
Carly Simon,3,You're so Vain,39,The Best Of Carly Simon,1975
Carly Simon,4,Haven't Got Time for the Pain,34,The Best Of Carly Simon,1975
Carly Simon,5,Anticipation,30,The Best Of Carly Simon,1975
Carnage,1,Hella Neck,69,Hella Neck,2020
Carnage,2,Nah Nah,50,Nah Nah,2019
Carnage,3,I Like Tuh,49,Papi Gordo,2015
Carnage,4,Toca (feat. Timmy Trumpet & KSHMR),48,Papi Gordo,2015
Carnage,5,Toca (feat. Timmy Trumpet & KSHMR),45,Toca (feat. Timmy Trumpet & KSHMR),2015
Cartel De Santa,1,Burbujas de Cristal,72,Burbujas de Cristal,2019
Cartel De Santa,2,Si Te Vienen a Contar,70,Golpe Avisa,2014
Cartel De Santa,3,Suena Mamal***,66,Golpe Avisa,2014
Cartel De Santa,4,Traficando Rimas,61,Sincopa,2011
Cartel De Santa,5,Me Alegro de Su Odio 2014,60,Golpe Avisa,2014
Case,1,Faded Pictures,58,Personal Conversation,1999
Case,2,Happily Ever After,55,Personal Conversation,1999
Case,3,Missing You,52,Open Letter,2001
Case,4,Faded Pictures - From The Rush Hour Soundtrack,50,Best Of,2014
Case,5,Faded Pictures - From The Rush Hour Soundtrack,0,Best Of,2014
Cash Cash,1,Finest Hour (feat. Abir),65,Finest Hour (feat. Abir),2018
Cash Cash,2,Call You (feat. Nasri of MAGIC!),60,Call You (feat. Nasri of MAGIC!),2018
Cash Cash,3,Take Me Home (feat. Bebe Rexha),58,"Blood, Sweat & 3 Years",2016
Cash Cash,4,Matches,57,Matches,2017
Cash Cash,5,How To Love (feat. Sofia Reyes),55,How To Love (feat. Sofia Reyes),2016
Casper Magico,1,No Te Veo - Remix,74,No Te Veo,2019
Casper Magico,2,Fantasmita - Remix,73,Fantasmita (Remix),2019
Casper Magico,3,La Mas Linda,70,La Mas Linda,2019
Casper Magico,4,Me Pichea,54,Me Pichea,2020
Casper Magico,5,Te Boté II,53,Te Boté II,2018
Cat Dealers,1,Gone Too Long,67,Gone Too Long,2019
Cat Dealers,2,Gravity (feat. Magga & Evokings),64,Gravity (feat. Magga & Evokings),2017
Cat Dealers,3,Keep On Lovin',63,Keep On Lovin',2018
Cat Dealers,4,Rewind (feat. Caelu),62,Rewind (feat. Caelu),2019
Cat Dealers,5,Sweet Munchies,57,Sweet Munchies,2020
Central Coast Clique,1,Do You Wanna Get High ?,29,Here comes the Triple C,2004
Central Coast Clique,2,805 Afternoon,20,Here comes the Triple C,2004
Central Coast Clique,3,Triple C Groove,14,Here comes the Triple C,2004
Central Coast Clique,4,Get Down on It,5,Underworld For Life Vol. 1,2004
Central Coast Clique,5,Hey Lady,4,The Soundtrack,2001
Chad Cooper,1,Torn (feat. Emelie Cyréus),50,Torn (feat. Emelie Cyréus),2019
Chad Cooper,2,Wonderwall (feat. Emelie Cyréus),47,Wonderwall (feat. Emelie Cyréus),2018
Chad Cooper,3,Wonderwall (feat. Emelie Cyréus),44,Chad's,2018
Chad Cooper,4,As Long As You Love Me (feat. Emelie Cyréus),39,As Long As You Love Me (feat. Emelie Cyréus),2018
Chad Cooper,5,Think Before You Talk,39,Think Before You Talk,2020
Charli XCX,1,1999,71,1999,2018
Charli XCX,2,Blame It on Your Love (feat. Lizzo),63,Charli,2019
Charli XCX,3,Gone - The Wild Remix,57,Gone (The Wild Remix),2019
Charli XCX,4,White Mercedes - EDX's Miami Sunset Remix,56,White Mercedes (EDX's Miami Sunset Remix),2019
Charli XCX,5,Warm (feat. HAIM),55,Charli,2019
Charlie Puth,1,Attention,82,Voicenotes,2018
Charlie Puth,2,We Don't Talk Anymore,79,Nine Track Mind,2016
Charlie Puth,3,How Long,74,Voicenotes,2018
Charlie Puth,4,I Warned Myself,74,I Warned Myself,2019
Charlie Puth,5,Mother,71,Mother,2019
Chayanne,1,Humanos a Marte,67,En Todo Estaré (Deluxe Edition),2014
Chayanne,2,Madre Tierra (Oye),66,En Todo Estaré (Deluxe Edition),2014
Chayanne,3,Tiempo De Vals,58,Tiempo De Vals,1990
Chayanne,4,Completamente Enamorados,54,Tiempo De Vals,1990
Chayanne,5,Provócame,50,Provócame,1992
Cheap Trick,1,I Want You to Want Me,70,In Color,1977
Cheap Trick,2,Surrender,69,Heaven Tonight,1978
Cheap Trick,3,The Flame,62,Lap Of Luxury,1988
Cheap Trick,4,"I Want You to Want Me - Live at Nippon Budokan, Tokyo, JPN - April 1978",51,The Essential Cheap Trick,2004
Cheap Trick,5,Surrender,48,The Essential Cheap Trick,2004
Cheat Codes,1,No Promises (feat. Demi Lovato),73,No Promises (feat. Demi Lovato),2017
Cheat Codes,2,Only You (with Little Mix),70,Only You (with Little Mix),2018
Cheat Codes,3,Who's Got Your Love,70,Who's Got Your Love,2019
Cheat Codes,4,No Promises (feat. Demi Lovato),67,No Promises (feat. Demi Lovato),2017
Cheat Codes,5,Let Me Hold You (Turn Me On),66,Let Me Hold You (Turn Me On),2016
Chelsea Cutler,1,Lucky,73,Lucky,2019
Chelsea Cutler,2,Summer Love - Recorded at Spotify Studios NYC,65,Spotify Singles,2019
Chelsea Cutler,3,You Are Losing Me,62,You Are Losing Me,2019
Chelsea Cutler,4,Sad Tonight,58,How To Be Human,2020
Chelsea Cutler,5,Anything for You,46,Anything for You,2015
Chester Nebro,1,Хлам,36,Хлам,2019
Chester Nebro,2,По белому,30,Chilarap,2014
Chester Nebro,3,My Gang,21,My Gang,2019
Chester Nebro,4,Караван,21,Караван,2017
Chester Nebro,5,Уведи меня за собой,21,Уведи меня за собой,2018
Chicago,1,If You Leave Me Now,74,Chicago X,1976
Chicago,2,You're the Inspiration - 2006 Remaster,72,Chicago 17 (Expanded & Remastered),1984
Chicago,3,Saturday in the Park - 2002 Remaster,61,Chicago V (Expanded & Remastered),1972
Chicago,4,Hard to Say I'm Sorry / Get Away - 2005 Remaster,49,Love Songs,2005
Chicago,5,Saturday in the Park,45,Chicago IX: Chicago's Greatest Hits,1975
Childish Gambino,1,Redbone,81,"""Awaken, My Love!""",2016
Childish Gambino,2,This Is America,76,This Is America,2018
Childish Gambino,3,Feels Like Summer,71,Summer Pack,2018
Childish Gambino,4,Summertime Magic,70,Summer Pack,2018
Childish Gambino,5,California,58,"""Awaken, My Love!""",2016
Chino & Nacho,1,Andas En Mi Cabeza,72,Andas En Mi Cabeza,2016
Chino & Nacho,2,Niña Bonita,66,Mi Niña Bonita - Reloaded,2010
Chino & Nacho,3,El Poeta,51,Supremo,2011
Chino & Nacho,4,Me Voy Enamorando,51,Radio Universo,2015
Chino & Nacho,5,Niña Bonita,2,Mi Niña Bonita,2010
Chivv,1,Je Kent ’t Wel,57,Je Kent ’t Wel,2019
Chivv,2,Ewa Ewa,56,Ewa Ewa / Expose The Game,2019
Chivv,3,VERDIEND,55,"2 Borden, 1 Tafel",2019
Chivv,4,Wine On Top,55,"2 Borden, 1 Tafel",2019
Chivv,5,Anoniem,54,Anoniem,2019
Chocolate Puma,1,Scrub The Ground (feat. DJ Funk),58,Scrub The Ground (feat. DJ Funk),2015
Chocolate Puma,2,Soul Fifty,53,Soul Fifty,2020
Chocolate Puma,3,The Stars Are Mine,47,The Stars Are Mine,2017
Chocolate Puma,4,Step Back (VIP Mix),40,Step Back (VIP Mix),2019
Chocolate Puma,5,Zhong,29,Zhong,2019
Chris Brown,1,No Guidance (feat. Drake),85,Indigo,2019
Chris Brown,2,No Guidance (feat. Drake),79,No Guidance (feat. Drake),2019
Chris Brown,3,Ayo,73,Fan of A Fan The Album (Expanded Edition),2015
Chris Brown,4,Don't Check On Me (feat. Justin Bieber & Ink),71,Don't Check On Me (feat. Justin Bieber & Ink),2019
Chris Brown,5,Don't Check On Me (feat. Justin Bieber & Ink),68,Indigo,2019
Chris Goldarg,1,Pumpkin Soup,19,Room 679,2019
Chris Goldarg,2,The Activist,18,Room 679,2019
Chris Goldarg,3,All Mine,17,Room 679,2019
Chris Goldarg,4,Spell on Me,17,Room 679,2019
Chris Goldarg,5,Surrender,17,Room 679,2019
Chuckii Booker,1,Games,44,Niice 'N Wiild,1992
Chuckii Booker,2,Turned Away,33,Chuckii,1989
Chuckii Booker,3,(Don't U Know) I Love U,16,Chuckii,1989
Chuckii Booker,4,Spinnin,13,Niice 'N Wiild,1992
Chuckii Booker,5,With All My Heart,11,Niice 'N Wiild,1992
Ciara,1,"One, Two Step",74,Goodies,2004
Ciara,2,Level Up,68,Level Up,2018
Ciara,3,Goodies,65,Goodies,2004
Ciara,4,Level Up,64,Beauty Marks,2019
Ciara,5,I Bet - R3hab Remix,29,Jackie (Deluxe),2015
Cinderella,1,Don't Know What You Got (Till It's Gone),61,Long Cold Winter,1988
Cinderella,2,Shake Me,54,Night Songs,1986
Cinderella,3,Don't Know What You Got (Till It's Gone),7,Long Cold Winter,1988
Cinderella,4,Nobody's Fool,6,Night Songs,1986
Cinderella,5,Gypsy Road,4,Long Cold Winter,1988
Claptone,1,No Eyes - Radio Edit,65,No Eyes,2013
Claptone,2,Heartbeat,62,Charmer,2015
Claptone,3,Puppet Theatre,55,Charmer,2015
Claptone,4,Under the Moon,54,Fantast,2018
Claptone,5,The Drums (Din Daa Daa),48,The Drums (Din Daa Daa),2017
Clean Bandit,1,Solo (feat. Demi Lovato),80,Solo (feat. Demi Lovato),2018
Clean Bandit,2,Symphony (feat. Zara Larsson),78,Symphony (feat. Zara Larsson),2017
Clean Bandit,3,Rockabye (feat. Sean Paul & Anne-Marie),77,Rockabye (feat. Sean Paul & Anne-Marie),2016
Clean Bandit,4,Solo (feat. Demi Lovato),73,What Is Love? (Deluxe Edition),2018
Clean Bandit,5,Symphony (feat. Zara Larsson),73,What Is Love? (Deluxe Edition),2018
Club Nouveau,1,Rumors,45,The Collection,1998
Club Nouveau,2,Lean on Me (Re-Recorded),30,"101 '80s Hits - New Wave, Old School Hip Hop, Hair Metal, Pop & Rock",2010
Club Nouveau,3,Rumors - Re-Recorded,19,New Jack Swing - R&B Hip Hop Hits,2011
Club Nouveau,4,Lean on Me - Re-Recorded,9,New Jack Swing - R&B Hip Hop Hits,2011
Club Nouveau,5,Lean On Me,2,Greatest Hits,2003
Coldplay,1,The Scientist,83,A Rush of Blood to the Head,2002
Coldplay,2,Fix You,81,X&Y,2005
Coldplay,3,Yellow,81,Parachutes,2000
Coldplay,4,A Sky Full of Stars,78,Ghost Stories,2014
Coldplay,5,Orphans,78,Orphans / Arabesque,2019
Color Me Badd,1,I Wanna Sex You Up - Single Mix,58,C.M.B.,1991
Color Me Badd,2,I Wanna Sex You Up - Single Mix,58,New Jack City (Music from the Motion Picture),1991
Color Me Badd,3,All 4 Love,51,C.M.B.,1991
Color Me Badd,4,I Wanna Sex You Up,51,Rhino Hi-Five: Color Me Badd,2005
Color Me Badd,5,I Adore Mi Amor,43,C.M.B.,1991
Comethazine,1,Walk,75,Bawskee,2018
Comethazine,2,SOLVED THE PROBLEM,68,BAWSKEE 3.5,2019
Comethazine,3,FIND HIM!,67,BAWSKEE 3.5,2019
Comethazine,4,I BE DAMNED,56,Bawskee 2,2019
Comethazine,5,JUST SAYING,54,BAWSKEE 3.5,2019
Common,1,Invocation,60,One Day It'll All Make Sense,1997
Common,2,Resurrection,56,Resurrection,1994
Common,3,I Used to Love H.E.R.,53,Resurrection,1994
Common,4,Come Close,46,Electric Circus,2002
Common,5,8 Minutes to Sunrise,15,Jill Scott Collaborations,2007
Confetti,1,Ghost,59,Ghost,2019
Confetti,2,Dear God,55,Dear God,2018
Confetti,3,Rob A Bank,54,Rob A Bank,2019
Confetti,4,Right Now,53,Right Now,2018
Confetti,5,Hot,51,Hot,2019
Control Machete,1,"Comprendes, Mendes?",60,Mucho Barato,1997
Control Machete,2,Asi Son Mis Dias,45,Mucho Barato,1997
Control Machete,3,Si Señor,44,"Artilleria Pesada, Presenta:",1999
Control Machete,4,Ileso,42,"Artilleria Pesada, Presenta:",1999
Control Machete,5,Control Machete,40,Mucho Barato,1997
Coopex,1,Dance Monkey,57,Dance Monkey,2019
Coopex,2,Poison,47,Poison,2019
Coopex,3,Say It Now,47,Say It Now,2019
Coopex,4,Never Letting Go,45,Never Letting Go,2019
Coopex,5,Lost in the Space,39,Lost in the Space,2020
Cosculluela,1,Madura (feat. Bad Bunny),71,Madura (feat. Bad Bunny),2018
Cosculluela,2,Prrrum,65,El Principe (Ghost Edition),2010
Cosculluela,3,Te Busco,62,Te Busco,2015
Cosculluela,4,Te busco (feat. Nicky Jam),58,Blanco Perla,2016
Cosculluela,5,A Donde Voy (feat. Daddy Yankee),52,A Donde Voy (feat. Daddy Yankee),2016
Craig David,1,7 Days,70,Born to Do It,2001
Craig David,2,7 Days,55,Rewind - The Collection,2001
Craig David,3,I Know You - Vigiland Remix,51,I Know You (Remixes),2018
Craig David,4,Do You Miss Me Much - Wookie Remix,30,Do You Miss Me Much (Wookie Remix),2019
Craig David,5,When You Know What Love Is - R&B Remix,25,When You Know What Love Is (R&B Remix),2019
Cream,1,Sunshine Of Your Love,73,Disraeli Gears,1967
Cream,2,White Room,33,Gold,2005
Cream,3,Sunshine Of Your Love,28,The Cream Of Clapton,1995
Cream,4,Sunshine Of Your Love,26,Complete Clapton,2007
Cream,5,White Room,18,Wheels Of Fire (Remastered),1968
Creedence Clearwater Revival,1,Fortunate Son,80,Willy And The Poor Boys,1969
Creedence Clearwater Revival,2,Have You Ever Seen The Rain,78,Pendulum (40th Anniversary Edition),1970
Creedence Clearwater Revival,3,Bad Moon Rising,76,Green River (40th Anniversary Edition),1969
Creedence Clearwater Revival,4,Have You Ever Seen The Rain,61,Chronicle: 20 Greatest Hits,1976
Creedence Clearwater Revival,5,Someday Never Comes,55,Mardi Gras,1972
Cuebrick,1,Wonderful Days,44,Wonderful Days,2019
Cuebrick,2,Not The One,41,Not The One,2019
Cuebrick,3,Smoke & Fire,36,Smoke & Fire,2017
Cuebrick,4,With You,35,With You,2018
Cuebrick,5,T-Shirt,34,T-Shirt,2019
Curbi,1,Too Much,58,Too Much,2019
Curbi,2,Spiritual (Mriya) [feat. Brooke Tomlinson],56,Spiritual (Mriya) [feat. Brooke Tomlinson],2019
Curbi,3,Don’t Stop (feat. RayRay),47,Don’t Stop (feat. RayRay),2019
Curbi,4,Flip It,47,Flip It,2019
Curbi,5,Redeem,37,Redeem,2019
Cynthia Jones,1,Unconditional,9,Journey Of Soul,2011
Cynthia Jones,2,Got To Be There,4,Journey Of Soul,2011
Cynthia Jones,3,Lord I Need You Now,4,Journey Of Soul,2011
Cynthia Jones,4,Love,4,Journey Of Soul,2011
Cynthia Jones,5,Live Right,3,Gotta Soul,2008
Cypress Hill,1,Insane in the Brain,70,Black Sunday,1993
Cypress Hill,2,Tequila Sunrise (feat. Barron Ricks),61,The Essential Cypress Hill,2014
Cypress Hill,3,(Rock) Superstar,60,Skull & Bones,2000
Cypress Hill,4,How I Could Just Kill a Man,59,Cypress Hill,1991
Cypress Hill,5,Siempre Peligroso - feat. Fermin IV Caballero of Control Machete,50,Los Grandes Éxitos En Español,1999
D'Angelo,1,Lady,62,Brown Sugar,1995
D'Angelo,2,Brown Sugar,59,Brown Sugar,1995
D'Angelo,3,Another Life,54,Black Messiah,2014
D'Angelo,4,Send It On,53,Voodoo,2000
D'Angelo,5,Ain't That Easy,49,Black Messiah,2014
D-Rashid,1,Ritmo Do Meu Flow (LatinVillage 2019 Anthem),29,Ritmo Do Meu Flow (LatinVillage 2019 Anthem),2018
D-Rashid,2,Can't Lie (feat. James Francis & Kalibwoy) - Praia Del Sol & Renco Dub Remix,9,Can't Lie (Praia Del Sol & Renco Dub Remix),2016
D-Rashid,3,Bunda (Hivernage) - Massivedrum Remix,4,Bunda (Hivernage),2012
D-Rashid,4,Kesh,3,Salto Sounds Presents Moganga Big,2017
D-Rashid,5,Donde vas (Latin Village 2017 Anthem),0,Donde vas (Latin Village 2017 Anthem),2017
D12,1,I Made It (feat. Trick Trick),38,I Made It (feat. Trick Trick) - Single,2011
D12,2,Purple Pills,7,Devils Night,2001
D12,3,Fight Music,4,Devils Night,2001
D12,4,American Psycho II,1,D-12 World,2004
D12,5,How Come,1,D-12 World,2004
DEAMN,1,Rendezvous,34,Rendezvous,2017
DEAMN,2,Ocean,25,Ocean,2018
DEAMN,3,Sign,17,Ðeamn,2017
DEAMN,4,Give Me Your Love,1,Give Me Your Love,2016
DEAMN,5,Save Me,0,Save Me,2017
DIVINE,1,Chal Bombay,67,Kohinoor,2019
DIVINE,2,Kaam 25 - Sacred Games,61,Kaam 25 (Sacred Games),2018
DIVINE,3,Gandhi Money,58,Kohinoor,2019
DIVINE,4,Kohinoor,58,Kohinoor,2019
DIVINE,5,Wallah,57,Kohinoor,2019
DJ DMD,1,25 Lighters,28,"Forty Four: 3rd Coast Classics, Vol. 1",2004
DJ DMD,2,Shinin',13,Twenty-Two : P.A. World Wide,1998
DJ DMD,3,The Trill Connection,11,Twenty-Two : P.A. World Wide,1998
DJ DMD,4,Landmines,7,Twenty-Two : P.A. World Wide,1998
DJ DMD,5,Makin' Moves,6,Twenty-Two : P.A. World Wide,1998
DJ Khaled,1,No Brainer,77,No Brainer,2018
DJ Khaled,2,"I'm the One (feat. Justin Bieber, Quavo, Chance the Rapper & Lil Wayne)",76,Grateful,2017
DJ Khaled,3,Wish Wish (feat. Cardi B & 21 Savage),73,Father Of Asahd,2019
DJ Khaled,4,Just Us (feat. SZA),71,Father Of Asahd,2019
DJ Khaled,5,"I'm the One (feat. Justin Bieber, Quavo, Chance the Rapper & Lil Wayne)",70,Grateful,2017
DJ Mibor,1,Very Nice People,43,Very Nice People (Electro Swing),2019
DJ Mibor,2,Smoking Room,39,Smoking Room,2019
DJ Mibor,3,Topswing,37,Topswing,2018
DJ Mibor,4,Step,35,Don't Mean a Thing,2016
DJ Mibor,5,Everybody Loves My Baby (Swahn Remix),26,Electro Swing New Generation 01 by Bart&Baker: The Best New Electro Swing Music,2017
DJ Quik,1,Dollaz + Sense,53,Safe + Sound,1995
DJ Quik,2,Tonite,53,Quik Is The Name,1991
DJ Quik,3,Jus Lyke Compton,45,Way 2 Fonky,1992
DJ Quik,4,Born and Raised In Compton,44,Quik Is The Name,1991
DJ Quik,5,Dollaz + Sense,40,Born And Raised In Compton: The Greatest Hits,1991
DJ Screw & The Screwed Up Click,1,The Way You Make Me Feel,10,Fallen Soldiers,2008
DJ Screw & The Screwed Up Click,2,Wanna Know Who You Are,8,Fallen Soldiers,2008
DJ Screw & The Screwed Up Click,3,Can You Feel Me Now,4,Fallen Soldiers,2008
DJ Screw & The Screwed Up Click,4,I'm Going to Live My Life,2,Fallen Soldiers,2008
DJ Screw & The Screwed Up Click,5,It Was All a Dream,2,Fallen Soldiers,2008
DJ Snake,1,Loco Contigo (feat. J. Balvin & Tyga),88,Carte Blanche,2019
DJ Snake,2,"Taki Taki (with Selena Gomez, Ozuna & Cardi B)",83,"Taki Taki (with Selena Gomez, Ozuna & Cardi B)",2018
DJ Snake,3,Let Me Love You,81,Encore,2016
DJ Snake,4,"Loco Contigo (with J. Balvin & Ozuna feat. Nicky Jam, Natti Natasha, Darell & Sech) - REMIX",80,"Loco Contigo (with J. Balvin & Ozuna feat. Nicky Jam, Natti Natasha, Darell & Sech) [REMIX]",2019
DJ Snake,5,Middle,76,Encore,2016
DMX,1,Where The Hood At,66,Grand Champ,2003
DMX,2,Ruff Ryders' Anthem - Re-Recorded,63,Greatest Hits with a Twist - Deluxe Edition,2011
DMX,3,Where The Hood At,61,Grand Champ,2003
DMX,4,I Don't Dance,56,I Don't Dance (feat. Machine Gun Kelly) - Single,2012
DMX,5,Shot Down,34,Grand Champ,2003
DNCE,1,Cake By The Ocean,80,DNCE,2016
DNCE,2,Toothbrush,70,DNCE,2016
DNCE,3,Kissing Strangers,65,Kissing Strangers,2017
DNCE,4,Cake By The Ocean,15,SWAAY,2015
DNCE,5,Cake By The Ocean,10,SWAAY,2015
DVBBS,1,Not Going Home (feat. Gia Koka),60,Not Going Home (feat. Gia Koka),2017
DVBBS,2,Tsunami,59,Tsunami,2013
DVBBS,3,Pyramids (feat. Sanjin) - Radio Mix,57,Pyramids (feat. Sanjin) [Radio Mix],2014
DVBBS,4,Raveheart,44,Raveheart,2015
DVBBS,5,Voodoo,44,Voodoo,2015
DaBaby,1,BOP,93,KIRK,2019
DaBaby,2,VIBEZ,88,KIRK,2019
DaBaby,3,Suge,87,Baby On Baby,2019
DaBaby,4,TOES (feat. Lil Baby & Moneybagg Yo),86,KIRK,2019
DaBaby,5,Baby Sitter (feat. Offset),79,Baby On Baby,2019
Dada Life,1,Table Flipping Machine,38,Table Flipping Machine,2019
Dada Life,2,Feed The Dada - Radio Edit,29,Feed The Dada,2012
Dada Life,3,Headless Hobby Horse - Teamworx Remix,15,Our Nation (The Remixes),2019
Dada Life,4,B Side Boogie - Sound Of Legend Remix,14,Our Nation (The Remixes),2019
Dada Life,5,Our Nation - Corey James Remix,10,Our Nation (The Remixes),2019
Daddy Yankee,1,Que Tire Pa Lante,90,Que Tire Pa Lante,2019
Daddy Yankee,2,Con Calma,87,Con Calma,2019
Daddy Yankee,3,Si Supieras,80,Si Supieras,2019
Daddy Yankee,4,Adictiva,77,Adictiva,2018
Daddy Yankee,5,Dura,76,Dura,2018
Daemus Moon,1,Magnun,20,Magnum,2019
Daemus Moon,2,Blaze of Glory,19,Magnum,2019
Daemus Moon,3,Neon Lights,19,Magnum,2019
Daemus Moon,4,We Are the Beat,19,Magnum,2019
Daemus Moon,5,All I Need,17,Magnum,2019
Daft Punk,1,Get Lucky (feat. Pharrell Williams & Nile Rodgers) - Radio Edit,76,Get Lucky (feat. Pharrell Williams & Nile Rodgers) [Radio Edit],2013
Daft Punk,2,Instant Crush,75,Random Access Memories,2013
Daft Punk,3,One More Time,74,Discovery,2001
Daft Punk,4,Get Lucky,73,Random Access Memories,2013
Daft Punk,5,Lose Yourself to Dance,71,Random Access Memories,2013
Dalex,1,Hola - Remix,91,Hola (Remix),2019
Dalex,2,Bellaquita - Remix,87,Bellaquita (Remix),2019
Dalex,3,Pa Mí - Remix,84,Climaxxx,2019
Dalex,4,Cuaderno,83,Climaxxx,2019
Dalex,5,Bellaquita,82,Bellaquita,2019
Daniel Caesar,1,Best Part (feat. H.E.R.),79,Freudian,2017
Daniel Caesar,2,Get You (feat. Kali Uchis),78,Freudian,2017
Daniel Caesar,3,Japanese Denim,75,Get You - Single,2016
Daniel Caesar,4,Who Hurt You?,73,Who Hurt You?,2018
Daniel Caesar,5,CYANIDE,72,CASE STUDY 01,2019
Daniel Johnson,1,You Make Me,10,You Make Me,2011
Daniel Johnson,2,For My Good,9,You Make Me,2011
Daniel Johnson,3,Beautiful,8,You Make Me,2011
Daniel Johnson,4,You Satisfy,8,You Make Me,2011
Daniel Johnson,5,I'm With You,4,You Make Me,2011
Dannic,1,Burn Me Down,53,Burn Me Down,2019
Dannic,2,Over - Zonderling Edit,39,Over (Zonderling Edit),2019
Dannic,3,Whip,37,Whip,2019
Dannic,4,No More,28,No More,2018
Dannic,5,Dear Life - Original Mix,27,Dear Life,2014
Danny Boone,1,1965,46,Fish Grease,2014
Danny Boone,2,Don’t Take the Whiskey from Me,38,Fish Grease,2014
Danny Boone,3,Bartender Song (Sittin' at a Bar) (Remix) [feat. Cypress Spring],36,Mud in the Club,2015
Danny Boone,4,My Small Town,30,Fish Grease,2014
Danny Boone,5,All They Wanna Hear,27,Fish Grease,2014
Danny Ocean,1,Me Rehúso,77,Me Rehúso,2017
Danny Ocean,2,Swing,77,54+1,2019
Danny Ocean,3,Dime tú,75,Dime tú,2019
Danny Ocean,4,Me Rehúso,74,54+1,2019
Danny Ocean,5,Dembow,70,Dembow,2017
Daryl Hall & John Oates,1,You Make My Dreams,77,Voices,1980
Daryl Hall & John Oates,2,Rich Girl,70,Bigger Than Both Of Us,1976
Daryl Hall & John Oates,3,You Make My Dreams - Remastered,66,The Very Best of Daryl Hall / John Oates,2001
Daryl Hall & John Oates,4,Sara Smile,65,Daryl Hall & John Oates,1975
Daryl Hall & John Oates,5,She's Gone,62,Abandoned Luncheonette,1973
Dash Berlin,1,Shelter (Mix Cut) - Yoel Lewis Remix,48,Trance Top 1000 (Mini Mix 006) - Armada Music,2018
Dash Berlin,2,Earth Meets Water,38,We Are (Part 1),2014
Dash Berlin,3,Somehow,37,We Are (Part 1),2014
Dash Berlin,4,Yesterday Is Gone,37,Yesterday Is Gone,2015
Dash Berlin,5,Here Tonight,36,Here Tonight,2014
Dave,1,Location (feat. Burna Boy),79,PSYCHODRAMA,2019
Dave,2,Professor X,74,Professor X,2019
Dave,3,Thiago Silva,73,Thiago Silva,2016
Dave,4,Funky Friday,72,Funky Friday,2018
Dave,5,Paper Cuts,71,Paper Cuts,2019
David Banner,1,Like A Pimp,55,Mississippi: The Album,2003
David Banner,2,Who Want It,30,The God Box,2017
David Banner,3,Cadillac on 22's,0,Mississippi-The Album,2003
David Banner,4,Like A Pimp,0,Mississippi-The Album,2003
David Banner,5,Like A Pimp,0,Mississippi-The Album,2003
David Bisbal,1,A Partir De Hoy,71,A Partir De Hoy,2018
David Bisbal,2,Bésame,70,Bésame,2019
David Bisbal,3,En Tus Planes,66,En Tus Planes,2020
David Bisbal,4,Me Enamoré De Ti,66,Me Enamoré De Ti,2016
David Bisbal,5,Abriré La Puerta,62,Abriré La Puerta,2019
David Bowie,1,Heroes - 2017 Remaster,75,"""Heroes"" (2017 Remastered Version)",1977
David Bowie,2,Rebel Rebel - 2016 Remaster,74,Diamond Dogs (2016 Remastered Version),1974
David Bowie,3,Starman - 2012 Remaster,73,The Rise And Fall Of Ziggy Stardust And The Spiders From Mars (2012 Remastered Version),1972
David Bowie,4,Let's Dance - 2018 Remaster,71,Let's Dance (2018 Remaster),1983
David Bowie,5,Moonage Daydream - 2012 Remaster,68,The Rise And Fall Of Ziggy Stardust And The Spiders From Mars (2012 Remastered Version),1972
David Guetta,1,Titanium (feat. Sia),79,Nothing but the Beat (Ultimate Edition),2012
David Guetta,2,Say My Name,78,7,2018
David Guetta,3,Better When You're Gone,76,Better When You're Gone,2019
David Guetta,4,Stay (Don't Go Away) [feat. Raye],74,Stay (Don't Go Away) [feat. Raye],2019
David Guetta,5,Like I Do,72,Like I Do,2018
Daya,1,Insomnia,75,Insomnia,2019
Daya,2,"Sit Still, Look Pretty",70,"Sit Still, Look Pretty",2016
Daya,3,Insomnia - King Arthur Remix,63,Insomnia (King Arthur Remix),2019
Daya,4,Safe,61,Safe,2018
Daya,5,"Sit Still, Look Pretty",59,"Sit Still, Look Pretty",2017
De Jeugd Van Tegenwoordig,1,Watskeburt?!,55,Parels Voor De Zwijnen,2008
De Jeugd Van Tegenwoordig,2,Tante Lien,41,De Lachende Derde,2010
De Jeugd Van Tegenwoordig,3,Buma In Mijn Zak,17,Buma In Me Zak,2008
De Jeugd Van Tegenwoordig,4,De Formule,0,De Formule,2013
De Jeugd Van Tegenwoordig,5,Een Barkie,0,Een Barkie,2013
De La Ghetto,1,Sensacion Del Bloque,66,Reggaeton Rulers: Los Que Ponen,2006
De La Ghetto,2,Una Mujer,64,Una Mujer (feat. DJ Nelson),2019
De La Ghetto,3,"Fronteamos Porque Podemos (feat. Daddy Yankee, Yandel & Nengo Flow)",62,"Fronteamos Porque Podemos (feat. Daddy Yankee, Yandel & Nengo Flow)",2015
De La Ghetto,4,FEKA,61,FEKA,2019
De La Ghetto,5,"Selfie (feat. Zion & Lennox, Jhay Cortez & Miky Woodz) - Remix",52,"Selfie (feat. Zion & Lennox, Jhay Cortez & Miky Woodz) [Remix]",2020
Dean Lewis,1,Be Alright,83,Be Alright,2018
Dean Lewis,2,Waves,74,A Place We Knew,2019
Dean Lewis,3,Chemicals,64,A Place We Knew,2019
Dean Lewis,4,Lose My Mind,60,Same Kind Of Different,2017
Dean Lewis,5,Waves - Guitar Acoustic,53,Waves (Guitar Acoustic),2017
Debra Killings,1,Message In The Music,8,Surrender,2003
Debra Killings,2,Surrender,7,Surrender,2003
Debra Killings,3,Oh I,5,Surrender,2003
Debra Killings,4,I Call Your Name,4,Open Heaven,2008
Debra Killings,5,Come On,3,Surrender,2003
Deep Chills,1,Run Free,60,Run Free,2017
Deep Chills,2,Feelings,49,Feelings,2019
Deep Chills,3,Blinded,48,Blinded,2016
Deep Chills,4,Backfire,45,Backfire,2019
Deep Chills,5,Feelings - Spada Remix,40,Feelings (Spada Remix),2019
Deep Purple,1,Smoke On The Water - Remastered 2012,75,Machine Head (Remastered),1972
Deep Purple,2,Highway Star - Remastered 2012,68,Machine Head (Remastered),1972
Deep Purple,3,Smoke on the Water,64,Machine Head,1972
Deep Purple,4,Hush - 1998 Remaster,62,Shades of Deep Purple,1968
Deep Purple,5,Highway Star,59,Machine Head,1972
Def Leppard,1,Pour Some Sugar On Me - Remastered 2017,74,Hysteria (Super Deluxe),1987
Def Leppard,2,Hysteria,68,Hysteria,1987
Def Leppard,3,Photograph,64,Pyromania,1983
Def Leppard,4,Rock Of Ages,61,Pyromania (Deluxe),1983
Def Leppard,5,Animal,60,Hysteria,1987
Deitrick Haddon,1,Love Him Like I Do,46,Revealed,2008
Deitrick Haddon,2,Mighty God,32,Church On The Moon,2011
Deitrick Haddon,3,Power,26,Church On The Moon,2011
Deitrick Haddon,4,Reppin' The Kingdom,26,Church On The Moon,2011
Deitrick Haddon,5,You Are My Strength,25,Church On The Moon,2011
Delinquent Habits,1,Return of the Tres,51,Merry Go Round,2001
Delinquent Habits,2,Return Of The Tres,50,Merry Go Round,2001
Delinquent Habits,3,California,48,It Could Be Round Two,2017
Delinquent Habits,4,Here Come the Horns,43,Here Come The Horns,1998
Delinquent Habits,5,La Voz,36,It Could Be Round Two,2017
Demi Lovato,1,Sorry Not Sorry,80,Tell Me You Love Me (Deluxe),2017
Demi Lovato,2,Confident,74,Confident (Deluxe Edition),2015
Demi Lovato,3,Heart Attack,74,Demi,2013
Demi Lovato,4,Cool for the Summer,70,Confident (Deluxe Edition),2015
Demi Lovato,5,Really Don't Care,69,Demi,2013
Demun Jones,1,Feeling Good,51,Jones In Ya Speaker,2018
Demun Jones,2,Campfire Cologne,41,Campfire Cologne,2017
Demun Jones,3,Lake House,32,Jones County,2014
Demun Jones,4,The Beard Song,28,Jones In Ya Speaker,2018
Demun Jones,5,Paradise,27,Jones In Ya Speaker,2018
Deniz Koyu,1,Lost Soul,58,Lost Soul,2019
Deniz Koyu,2,Eclipse,40,Eclipse,2019
Deniz Koyu,3,Bong,39,Bong,2012
Deniz Koyu,4,Enemy (feat. MPH),37,Enemy (feat. MPH),2019
Deniz Koyu,5,Automatic,36,Automatic,2019
Dennis DJ,1,Bumbum Ignorante,67,Bumbum Ignorante,2019
Dennis DJ,2,Isso Que é Vida,67,Isso Que é Vida,2019
Dennis DJ,3,Apimentadíssima,65,Apimentadíssima,2019
Dennis DJ,4,Sou Eu,65,Sou Eu,2019
Dennis DJ,5,Te Prometo,63,Te Prometo,2019
Deorro,1,Five More Hours - Deorro x Chris Brown,70,Five More Hours (Deorro x Chris Brown),2015
Deorro,2,Five More Hours - Deorro x Chris Brown,68,Good Evening,2017
Deorro,3,Five Hours,63,Five Hours,2014
Deorro,4,Bring It Back,62,Bring It Back,2018
Deorro,5,Bailar (feat. Pitbull & Elvis Crespo),57,Bailar (feat. Pitbull & Elvis Crespo),2016
Depeche Mode,1,Enjoy the Silence,71,The Singles 86-98,1998
Depeche Mode,2,Just Can't Get Enough,71,Speak And Spell (Deluxe),1981
Depeche Mode,3,Enjoy the Silence - Single Mix,65,Enjoy The Silence (21490),1990
Depeche Mode,4,Just Can't Get Enough - 2006 Remaster,61,Speak & Spell (2006 Remastered Edition),1981
Depeche Mode,5,Personal Jesus - Original Seven Inch Version,61,Personal Jesus,1989
Derek & The Dominos,1,Layla - 40th Anniversary Version / 2010 Remastered,74,Layla And Other Assorted Love Songs (40th Anniversary / 2010 Remastered),1970
Derek & The Dominos,2,Layla,43,Complete Clapton,2007
Derek & The Dominos,3,Layla,28,The Cream Of Clapton,1995
Derek & The Dominos,4,Layla - 40th Anniversary Version / 2010 Remastered,21,Layla And Other Assorted Love Songs (40th Anniversary / 2010 Remastered),1970
Derek & The Dominos,5,Layla,7,The Cream Of Clapton,1995
Desiigner,1,Panda,74,New English,2016
Desiigner,2,Tiimmy Turner,72,Tiimmy Turner,2016
Desiigner,3,Panda,71,Panda,2016
Desiigner,4,Outlet,63,Outlet,2017
Desiigner,5,Panda,11,Panda,2016
Destiny's Child,1,Say My Name,76,The Writing's On The Wall,1999
Destiny's Child,2,"Jumpin', Jumpin'",70,The Writing's On The Wall,1999
Destiny's Child,3,Say My Name,67,The Writing's On The Wall,1999
Destiny's Child,4,Cater 2 U,62,Destiny Fulfilled,2004
Destiny's Child,5,"Independent Women, Pt. 1",61,Survivor,2001
Dfideliz,1,"Obrigado, Mãe.",61,"Obrigado, Mãe.",2019
Dfideliz,2,Preto Rico,60,Preto Rico,2018
Dfideliz,3,Dababy,57,Dababy,2019
Dfideliz,4,Rock N' Roll,56,Rock N' Roll,2018
Dfideliz,5,Sou Rock N' Roll,55,Sou Rock N' Roll,2019
Diddy,1,I'll Be Missing You (feat. 112),71,Bad Boy's 10th Anniversary- The Hits,2004
Diddy,2,"I Need a Girl, Pt. 2 (feat. Loon, Ginuwine & Mario Winans)",67,Bad Boy's 10th Anniversary- The Hits,2004
Diddy,3,I Need a Girl (Pt. One) (feat. Usher & Loon),64,R&B Hits,2005
Diddy,4,Can't Nobody Hold Me Down (feat. Mase),59,No Way Out,1997
Diddy,5,Been Around the World (feat. The Notorious B.I.G. & Mase),58,No Way Out,1997
Digital Underground,1,The Humpty Dance,62,Sex Packets,1990
Digital Underground,2,Same Song - Edit Version,48,Rhino Hi-Five: Digital Underground,2005
Digital Underground,3,Freaks of the Industry,42,Sex Packets,1990
Digital Underground,4,The Humpty Dance,5,Sex Packets (US Release),1990
Digital Underground,5,Kiss You Back - Single Version,0,The Best Of Digital Underground: Playwutchyalike,2003
Dillon Francis,1,Get Low,64,"Money Sucks, Friends Rule",2014
Dillon Francis,2,Coming Over,62,This Mixtape is Fire.,2015
Dillon Francis,3,Anywhere,52,Anywhere,2016
Dillon Francis,4,Need You,49,Need You,2016
Dillon Francis,5,Set Me Free,39,"Money Sucks, Friends Rule",2014
Dimelo Flow,1,Sigues Con El,90,Sigues Con El,2019
Dimelo Flow,2,"El Favor (with Nicky Jam & Sech, feat. Farruko, Zion & Lunay)",83,"El Favor (with Nicky Jam & Sech, feat. Farruko, Zion & Lunay)",2019
Dimelo Flow,3,"La Isla (with Sech & Dalex feat. Justin Quiles, La Exce, Feid, Zion)",75,"La Isla (with Sech & Dalex feat. Justin Quiles, La Exce, Feid, Zion)",2019
Dimelo Flow,4,Sigues Con El,72,Historias de un Capricornio,2019
Dimelo Flow,5,Me Frontió,64,Me Frontió,2018
Dimitri Vegas & Like Mike,1,Instagram,81,Instagram,2019
Dimitri Vegas & Like Mike,2,Boomshakalaka,74,Boomshakalaka,2019
Dimitri Vegas & Like Mike,3,Beast (All as One),71,Beast (All as One),2019
Dimitri Vegas & Like Mike,4,Boomshakalaka - Dimitri Vegas & Like Mike vs. Afro Bros Radio Mix,71,Boomshakalaka (Dimitri Vegas & Like Mike vs. Afro Bros Radio Mix),2019
Dimitri Vegas & Like Mike,5,Repeat After Me,69,Repeat After Me,2019
Dio,1,Holy Diver,65,Holy Diver,1983
Dio,2,Holy Diver,61,Holy Diver,1983
Dio,3,Rainbow in the Dark,60,Holy Diver,1983
Dio,4,Tijdmachine - Edit,47,Tijdmachine,2008
Dio,5,Rainbow in the Dark,41,The Very Beast Of Dio,2000
Diplo,1,Heartless (feat. Morgan Wallen),82,Heartless (feat. Morgan Wallen),2019
Diplo,2,Lonely (with Jonas Brothers),80,Lonely,2019
Diplo,3,Be Right There,58,Be Right There,2015
Diplo,4,Revolution,58,Revolution,2013
Diplo,5,Revolution (Unlike Pluto Remix) [feat. Faustix & Imanos and Kai],39,Revolution (Remixes Part. 2),2015
Dire Straits,1,Walk Of Life,75,Brothers In Arms,1985
Dire Straits,2,Sultans of Swing,65,Dire Straits,1978
Dire Straits,3,Money for Nothing,62,Brothers in Arms,1985
Dire Straits,4,Romeo and Juliet,54,Making Movies,1980
Dire Straits,5,Tunnel of Love (Intro: The Carousel Waltz),43,Making Movies,1980
Dirty South,1,City Of Dreams - Radio Edit,61,City Of Dreams,2013
Dirty South,2,With You (Jai Wolf Remix),48,With You (The Remixes),2015
Dirty South,3,All I Need,45,All I Need,2019
Dirty South,4,Find a Way (feat. Rudy),44,Find a Way (feat. Rudy),2015
Dirty South,5,Until the End (feat. Joe Gil),35,Speed of Life,2013
Disclosure,1,You & Me - Flume Remix,72,Settle (Special Edition),2014
Disclosure,2,January - Kaytranada Edition,34,Settle (Special Edition),2014
Disclosure,3,Holding On - Pomo Remix,27,Holding On (The Remixes),2015
Disclosure,4,Latch,19,Settle,2013
Disclosure,5,Magnets - A-Trak Remix,2,Magnets (The Remixes),2015
Disco Fries,1,Born Ready - Halogen Radio Edit,43,Born Ready (Halogen Radio Edit),2016
Disco Fries,2,Beat Of Your Heart,39,Beat Of Your Heart,2019
Disco Fries,3,Moving Mountains (feat. Ollie Green) - GATTÜSO Remix,36,Moving Mountains (feat. Ollie Green) [GATTÜSO Remix],2019
Disco Fries,4,Earthquake - Radio Edit,35,Earthquake,2015
Disco Fries,5,U Make Me - Diviners Remix,13,U Make Me (Remixes),2018
Disturbed,1,Down with the Sickness,74,The Sickness,2000
Disturbed,2,Stricken,72,Ten Thousand Fists,2005
Disturbed,3,Indestructible,70,Indestructible (Deluxe Edition),2008
Disturbed,4,Down with the Sickness,68,The Sickness (10th Anniversary Edition),2010
Disturbed,5,The Vengeful One,65,Immortalized (Deluxe Edition),2015
Dj Electrocimatic,1,Transformation,20,When the Bats Go Through the Night,2019
Dj Electrocimatic,2,Back to Bass,19,When the Bats Go Through the Night,2019
Dj Electrocimatic,3,Granite,19,When the Bats Go Through the Night,2019
Dj Electrocimatic,4,Inception,18,When the Bats Go Through the Night,2019
Dj Electrocimatic,5,Mind Palace,17,When the Bats Go Through the Night,2019
Doja Cat,1,Say So,88,Hot Pink,2019
Doja Cat,2,Candy,85,Amala,2018
Doja Cat,3,Juicy,81,Juicy,2019
Doja Cat,4,Juicy (feat. Tyga),75,Hot Pink,2019
Doja Cat,5,Cyber Sex,74,Hot Pink,2019
Don Diablo,1,Never Change,72,Never Change,2019
Don Diablo,2,Congratulations,69,Congratulations,2019
Don Diablo,3,Brave,68,Brave,2019
Don Diablo,4,The Same Way,66,The Same Way,2019
Don Diablo,5,Cutting Shapes,61,Past.Present.Future.,2017
Don Omar,1,Danza Kuduro,75,Meet The Orphans,2010
Don Omar,2,Dile,73,The Last Don,2003
Don Omar,3,Salió El Sol,72,King Of Kings,2006
Don Omar,4,Danza Kuduro,70,Meet The Orphans,2010
Don Omar,5,Ojitos Chiquitos,68,King Of Kings,2006
Donell Jones,1,"U Know What's Up (feat. Lisa ""Left Eye"" Lopes)",60,Where I Wanna Be,1999
Donell Jones,2,Knocks Me Off My Feet,56,My Heart,1996
Donell Jones,3,This Luv,52,Where I Wanna Be,1999
Donell Jones,4,U Know What's Up,48,The Best of Donell Jones,2007
Donell Jones,5,I'll Go,47,I'll Go,2000
Dontcry,1,Click,59,Stray,2019
Dontcry,2,Echoes,58,Echoes,2018
Dontcry,3,Medina,44,Echoes,2018
Dontcry,4,Echo Park,43,Echo Park,2019
Dontcry,5,Delight,41,Delight,2019
Dorothy,1,Raise Hell,63,ROCKISDEAD,2016
Dorothy,2,Wicked Ones,61,ROCKISDEAD,2016
Dorothy,3,Down To The Bottom,54,Down To The Bottom,2017
Dorothy,4,Missile,54,ROCKISDEAD,2016
Dorothy,5,Dark Nights,50,ROCKISDEAD,2016
Dr. Dre,1,Still D.R.E.,75,2001,1999
Dr. Dre,2,The Next Episode,73,2001,1999
Dr. Dre,3,Forgot About Dre,71,2001,1999
Dr. Dre,4,The Next Episode,70,2001,1999
Dr. Dre,5,Xxplosive,64,2001,1999
Dragon & Caballero,1,Fruta Prohibida,53,Se Siente Bien (Special Edition),2009
Dragon & Caballero,2,Se Siente Bien,52,Se Siente Bien (Special Edition),2009
Dragon & Caballero,3,Tengo Prisa,41,Se Siente Bien (Special Edition),2009
Dragon & Caballero,4,Esa Boquita,40,The Hits 2009 - 2013,2013
Dragon & Caballero,5,Dime Si Volverás,33,Dragón & Caballero,2012
Drake,1,Money In The Grave (Drake ft. Rick Ross),88,The Best In The World Pack,2019
Drake,2,God's Plan,86,Scorpion,2018
Drake,3,In My Feelings,83,Scorpion,2018
Drake,4,One Dance,83,Views,2016
Drake,5,Nonstop,82,Scorpion,2018
"Drako ""El Principe""",1,Ella Tiene Novio - Remix,51,Ella Tiene Novio (Remix),2019
"Drako ""El Principe""",2,Yo Tengo un Maldito Flow,30,Yo Tengo un Maldito Flow,2019
"Drako ""El Principe""",3,"Duro, Lento & Suave",27,"Duro, Lento & Suave",2019
"Drako ""El Principe""",4,Infiel,20,Infiel,2019
"Drako ""El Principe""",5,Culpables,2,Culpables,2019
DrefQuila,1,A fuego,64,Trend,2018
DrefQuila,2,A fuego - Bizarrap Remix,61,A fuego (Bizarrap Remix),2017
DrefQuila,3,Jenner (feat. Tommy Boysen),61,Jenner (feat. Tommy Boysen),2019
DrefQuila,4,Ella busca,55,Trend,2018
DrefQuila,5,No vuelvas,44,AQUA,2018
Dru Hill,1,Beauty,57,Enter The Dru,1998
Dru Hill,2,In My Bed - So So Def Mix,56,Hits,2005
Dru Hill,3,How Deep Is Your Love,55,Enter The Dru,1998
Dru Hill,4,These Are The Times,51,Enter The Dru,1998
Dru Hill,5,In My Bed - So So Def Mix,50,Dru Hill,1996
Dua Lipa,1,Don't Start Now,97,Don't Start Now,2019
Dua Lipa,2,New Rules,83,Dua Lipa (Deluxe),2017
Dua Lipa,3,IDGAF,82,Dua Lipa (Deluxe),2017
Dua Lipa,4,Future Nostalgia,77,Future Nostalgia,2019
Dua Lipa,5,Blow Your Mind (Mwah),70,Blow Your Mind (Mwah),2016
DubVision,1,Back To Life,64,Back To Life,2019
DubVision,2,Young Money,61,Young Money,2019
DubVision,3,Rescue Me,57,Rescue Me,2019
DubVision,4,Lambo,55,Lambo,2019
DubVision,5,Hope,52,Hope,2019
Duke Dumont,1,The Power,68,The Power,2019
Duke Dumont,2,Therapy,54,Therapy,2020
Duke Dumont,3,The Power,28,The Power (Jesse Perez Remix),2019
Duke Dumont,4,I Got U - Radio Edit,20,Ibiza Residence 2014,2014
Duke Dumont,5,Ocean Drive,17,Ocean Drive,2015
Duki,1,Goteo,79,Goteo,2019
Duki,2,She Don't Give a Fo,71,She Don't Give a Fo,2018
Duki,3,Sin Culpa (feat. DrefQuila),69,Sin Culpa (feat. DrefQuila),2018
Duki,4,It's a Vibe,68,Súper Sangre Joven,2019
Duki,5,Hitboy,66,Hitboy,2019
Duran Duran,1,Ordinary World,72,Duran Duran,1993
Duran Duran,2,Hungry Like the Wolf - 2009 Remaster,71,Rio (Collector's Edition),1982
Duran Duran,3,Come Undone,66,Duran Duran,1993
Duran Duran,4,Rio - 2009 Remaster,61,Rio (Collector's Edition),1982
Duran Duran,5,The Wild Boys,54,Greatest,1998
Dwele,1,Find A Way,45,Subject,2003
Dwele,2,I Think I Love You,38,Some Kinda...,2005
Dwele,3,I'm Cheatin',37,Sketches Of A Man,2008
Dwele,4,Without You,33,Subject,2003
Dwele,5,A.N.G.E.L. - Interlude,32,Subject,2003
Dwin,1,LaLaLaLaLa - Gaullin Remix,59,LaLaLaLaLa (Gaullin Remix),2017
Dwin,2,Sweet Dreams,59,Sweet Dreams,2018
Dwin,3,Cityyyyyy Lifeee,53,Cityyyyyy Lifeee,2018
Dwin,4,Day and Night,51,Day and Night,2017
Dwin,5,Bang Bang 99,48,Bang Bang 99,2018
Dynoro,1,In My Mind,84,In My Mind,2018
Dynoro,2,Obsessed,69,Obsessed,2019
Dynoro,3,Hangover,66,Hangover,2018
Dynoro,4,Obsessed - Tiësto Remix,63,Obsessed (Tiësto Remix),2019
Dynoro,5,Dreaming,50,Dreaming,2017
Dyro,1,Bombai,48,Bombai,2019
Dyro,2,Goliath,39,Goliath,2019
Dyro,3,Free,38,Free,2019
Dyro,4,Masquerade,38,Masquerade,2019
Dyro,5,I Know U,37,I Know U,2018
E-40,1,Chase The Money,63,Practice Makes Paper,2019
E-40,2,U and Dat (feat. T. Pain & Kandi Girl),61,My Ghetto Report Card,2006
E-40,3,1 Question,51,Practice Makes Paper,2019
E-40,4,1 Question,42,Practice Makes Paper,2019
E-40,5,"Captain Save a Hoe (feat. The Click, D-Shot, B-Legit & Suga T)",36,The Mail Man,1993
EDX,1,Stay,59,Stay,2019
EDX,2,Who Cares,58,Who Cares,2019
EDX,3,Neptune,54,Neptune,2019
EDX,4,Stay,48,Stay,2019
EDX,5,Touched - Original Club Mix,32,Touched,2012
Eagles,1,Hotel California - 2013 Remaster,82,Hotel California (2013 Remaster),1976
Eagles,2,Take It Easy - 2013 Remaster,75,Eagles (2013 Remaster),1972
Eagles,3,Life in the Fast Lane - 2013 Remaster,72,Hotel California (2013 Remaster),1976
Eagles,4,One of These Nights - 2013 Remaster,68,One of These Nights (2013 Remaster),1975
Eagles,5,New Kid in Town - 2013 Remaster,64,Hotel California (2013 Remaster),1976
Eazy-E,1,Real Muthaphuckkin' G's,69,Gangsta Memorial,2007
Eazy-E,2,Boyz-N-The-Hood,64,N.W.A. And The Posse,1987
Eazy-E,3,No More ?'s,64,Eazy-Duz-It,1988
Eazy-E,4,Eazy-Duz-It,56,Eazy-Duz-It,1988
Eazy-E,5,Boyz-N-The-Hood,54,The Best Of N.W.A: The Strength Of Street Knowledge,2006
Ed Sheeran,1,South of the Border (feat. Camila Cabello & Cardi B),91,No.6 Collaborations Project,2019
Ed Sheeran,2,I Don't Care (with Justin Bieber),90,I Don't Care (with Justin Bieber),2019
Ed Sheeran,3,Beautiful People (feat. Khalid),89,Beautiful People (feat. Khalid),2019
Ed Sheeran,4,Perfect,86,÷ (Deluxe),2017
Ed Sheeran,5,Shape of You,86,÷ (Deluxe),2017
Eddie Money,1,Take Me Home Tonight,67,Can't Hold Back,1986
Eddie Money,2,Two Tickets to Paradise,63,Eddie Money,1977
Eddie Money,3,Take Me Home Tonight,55,The Best Of Eddie Money,1977
Eddie Money,4,Shakin',54,No Control,1983
Eddie Money,5,Think I'm In Love,52,No Control,1983
Ekali,1,Blame,59,Blame,2018
Ekali,2,Leaving (feat. Yuna),57,Crystal Eyes,2018
Ekali,3,Be Fine (feat. Wafia),56,Be Fine (feat. Wafia),2019
Ekali,4,Forever (feat. Elohim),50,Crystal Eyes,2018
Ekali,5,Jundo,45,Jundo,2019
El Alfa,1,Coronao Now,81,Coronao Now,2019
El Alfa,2,Mera Woo,70,Mera Woo,2019
El Alfa,3,Suave (Remix),62,Suave (Remix),2018
El Alfa,4,Demaga Ge Gi Go Gu,61,Disciplina (Puerto Rico Edition),2018
El Alfa,5,"Banda De Camión (Remix) [feat. Farruko, De La Ghetto, Bryant Myers, Zion, Noriel & Villano Sam]",56,"Banda De Camión (Remix) [feat. Farruko, De La Ghetto, Bryant Myers, Zion, Noriel & Villano Sam]",2017
Eladio Carrion,1,Mi Error - Remix,79,Mi Error (Remix),2019
Eladio Carrion,2,Kemba Walker,75,Kemba Walker,2019
Eladio Carrion,3,Mi Error,68,Mi Error,2019
Eladio Carrion,4,Animal,58,Animal,2019
Eladio Carrion,5,Hola Bebé,1,Hola Bebé,2018
Elderbrook,1,Bird Song,61,Old Friend,2018
Elderbrook,2,Something About You (with Rudimental),53,Distinction EP,2019
Elderbrook,3,Old Friend (MK Remix) [Edit],48,Old Friend (MK Remix),2019
Elderbrook,4,Capricorn,31,Old Friend,2018
Elderbrook,5,How Many Times,12,Simmer Down,2015
Electric Light Orchestra,1,Mr. Blue Sky,79,Out of the Blue,1977
Electric Light Orchestra,2,Don't Bring Me Down,70,Discovery,1979
Electric Light Orchestra,3,Livin' Thing,69,A New World Record,1976
Electric Light Orchestra,4,Evil Woman,56,Flashback,1972
Electric Light Orchestra,5,Down Came the Rain,49,Jeff Lynne's ELO - From Out Of Nowhere,2019
Ellie Goulding,1,Hate Me (with Juice WRLD),88,Hate Me (with Juice WRLD),2019
Ellie Goulding,2,Close To Me (with Diplo) (feat. Swae Lee),82,Close To Me (feat. Swae Lee),2018
Ellie Goulding,3,Sixteen,81,Sixteen,2019
Ellie Goulding,4,"Love Me Like You Do - From ""Fifty Shades Of Grey""",77,Delirium (Deluxe),2015
Ellie Goulding,5,Burn,70,Halcyon Days,2014
Elton John,1,"Rocket Man (I Think It's Going To Be A Long, Long Time)",81,Honky Chateau,1972
Elton John,2,Tiny Dancer,79,Madman Across The Water,1971
Elton John,3,Bennie And The Jets - Remastered 2014,71,Goodbye Yellow Brick Road (Remastered),1973
Elton John,4,Crocodile Rock,70,Don't Shoot Me I'm Only The Piano Player,1973
Elton John,5,Bennie And The Jets - Remastered 2014,66,Goodbye Yellow Brick Road (Remastered / Deluxe Edition),1973
Elvis Crespo,1,Suavemente,67,Suavemente...Los Exitos,2008
Elvis Crespo,2,Ella Me Besó,53,Ella Me Besó,2018
Elvis Crespo,3,Pegadito Suavecito,50,One Flag,2015
Elvis Crespo,4,Nuestra Cancion,49,Suavemente,1998
Elvis Crespo,5,Abracadabra - Remix Los Hermanos Rosario,38,Abracadabra (Remix Los Hermanos Rosario),2019
Eminem,1,'Till I Collapse,83,The Eminem Show,2002
Eminem,2,Love The Way You Lie,82,Recovery,2010
Eminem,3,Lucky You (feat. Joyner Lucas),80,Kamikaze,2018
Eminem,4,The Real Slim Shady,80,The Marshall Mathers LP,2000
Eminem,5,Godzilla (feat. Juice WRLD),79,Music To Be Murdered By,2020
En Vogue,1,Don't Let Go (Love),60,EV3,1997
En Vogue,2,Hold On,58,Born To Sing,1990
En Vogue,3,My Lovin' (You're Never Gonna Get It),56,Funky Divas,1992
En Vogue,4,Free Your Mind,53,Funky Divas,1992
En Vogue,5,Giving Him Something He Can Feel,52,Funky Divas,1992
Enrique Iglesias,1,SUBEME LA RADIO,74,SUBEME LA RADIO,2017
Enrique Iglesias,2,DUELE EL CORAZON,72,DUELE EL CORAZON,2016
Enrique Iglesias,3,Bailando - Spanish Version,68,SEX AND LOVE (Deluxe),2014
Enrique Iglesias,4,EL BAÑO (feat. Bad Bunny),68,EL BAÑO (feat. Bad Bunny),2018
Enrique Iglesias,5,Bailando - Spanish Version,65,SEX AND LOVE (Deluxe Edition),2014
Equalz,1,Kaki,53,Jongens Uit De Havenstad,2019
Equalz,2,Ballin',51,Ballin',2019
Equalz,3,Casablanca,48,Update,2016
Equalz,4,Shopping Spree,47,Shopping Spree,2019
Equalz,5,We Bemoeien Niet,44,Jongens Uit De Havenstad,2019
Eraserheads,1,Ang Huling El Bimbo,61,Anthology,2004
Eraserheads,2,Pare Ko,56,Ultraelectromagneticpop!,1993
Eraserheads,3,Ligaya,54,Anthology,2004
Eraserheads,4,With A Smile,52,Anthology,2004
Eraserheads,5,Overdrive,49,Anthology,2004
Erasure,1,A Little Respect - 2009 Remastered Version,69,The Innocents,1988
Erasure,2,A Little Respect,62,The Innocents,1988
Erasure,3,A Little Respect (Remastered 2009),3,The Innocents (21st Anniversary Edition),2009
Erasure,4,Oh L'Amour,1,Always - The Very Best of Erasure (Deluxe Version),2015
Erasure,5,Blue Savannah,0,Always - The Very Best of Erasure (Deluxe Version),2015
Eric B. & Rakim,1,Don't Sweat The Technique,53,Don't Sweat The Technique,1992
Eric B. & Rakim,2,Paid In Full,51,Paid In Full,1987
Eric B. & Rakim,3,I Ain't No Joke,48,Paid In Full,1987
Eric B. & Rakim,4,Microphone Fiend,47,Follow The Leader,1988
Eric B. & Rakim,5,I Know You Got Soul,0,Grand Theft Auto 8 CD Set (Explicit Version),2004
Eric Benét,1,Spend My Life with You,57,A Day In The Life,1999
Eric Benét,2,Georgy Porgy (feat. Faith Evans),56,A Day In The Life,1999
Eric Benét,3,Love of My Own,40,A Day In The Life,1999
Eric Benét,4,Femininity,39,True To Myself,1996
Eric Benét,5,If You Want Me to Stay,35,True To Myself,1996
Eric Clapton,1,"Tears in Heaven - Acoustic; Live at MTV Unplugged, Bray Film Studios, Windsor, England, UK, 1/16/1992; 2013 Remaster",73,Unplugged (Deluxe Edition),1992
Eric Clapton,2,Cocaine,70,Slowhand 35th Anniversary,1977
Eric Clapton,3,Cocaine,68,Slowhand 35th Anniversary (Super Deluxe),1977
Eric Clapton,4,"Layla - Acoustic; Live at MTV Unplugged, Bray Film Studios, Windsor, England, UK, 1/16/1992; 1999 Remaster",59,Clapton Chronicles: The Best of Eric Clapton,1999
Eric Clapton,5,Cocaine,51,Classic Eric Clapton,2005
Erick Morillo,1,Live Your Life - Radio Edit,49,Radio Killers in Stereo,2012
Erick Morillo,2,Life Goes On (feat. Shawnee Taylor) - Life Goes On 2009,24,Avicii Presents Strictly Miami (DJ Edition; Unmixed),2009
Erick Morillo,3,Break Down The Doors - Danny Howard Remix,22,Break Down The Doors (Danny Howard Remix),2016
Erick Morillo,4,Evil Ecstasy,16,Evil Ecstasy,2017
Erick Morillo,5,Devotion (feat. Shawnee Taylor) - Amine Edge & DANCE Remix,13,Devotion (feat. Shawnee Taylor),2015
Erlandsson,1,Somebody,48,Somebody,2019
Erlandsson,2,Different Kind of Love,45,Different Kind of Love,2019
Erlandsson,3,Take Off,36,Take Off,2018
Erlandsson,4,Feels Good,34,Feels Good,2017
Erlandsson,5,Do It for Love,21,Do It for Love,2018
Erykah Badu,1,On & On,67,Baduizm,1997
Erykah Badu,2,Didn't Cha Know,62,Mama's Gun,2000
Erykah Badu,3,Appletree,59,Baduizm,1997
Erykah Badu,4,Next Lifetime,59,Baduizm,1997
Erykah Badu,5,Other Side Of The Game,57,Baduizm,1997
Esperanza Spalding,1,I Know You Know,54,Esperanza,2008
Esperanza Spalding,2,Precious,44,Esperanza,2008
Esperanza Spalding,3,Ponta De Areia,35,Esperanza,2008
Esperanza Spalding,4,Cuerpo Y Alma,32,Esperanza,2008
Esperanza Spalding,5,I Know You Know,3,Esperanza,2008
Europe,1,The Final Countdown,75,The Final Countdown (Expanded Edition),1986
Europe,2,Carrie,70,The Final Countdown (Expanded Edition),1986
Europe,3,Rock the Night,61,The Final Countdown (Expanded Edition),1986
Europe,4,Six Two Eight - 628,44,"Six Two Eight, 628 (feat. Invisible)",2012
Europe,5,The Final Countdown,8,Playlist: The Very Best Of Europe,1983
FISHER,1,Losing It,79,Losing It,2018
FISHER,2,Stop It,70,Oi Oi,2017
FISHER,3,Ya Kidding,67,Ya Kidding,2017
FISHER,4,Crowd Control,60,Crowd Control,2018
FISHER,5,Losing It,14,Losing It,2018
FKJ,1,Vibin' Out with ((( O ))),66,French Kiwi Juice,2017
FKJ,2,Better Give U Up,63,French Kiwi Juice,2017
FKJ,3,Skyline,61,French Kiwi Juice,2017
FKJ,4,We Ain't Feeling Time,56,French Kiwi Juice,2017
FKJ,5,Canggu,54,French Kiwi Juice,2017
FLETCHER,1,Undrunk,74,you ruined new york city for me,2019
FLETCHER,2,All Love,71,you ruined new york city for me,2019
FLETCHER,3,One Too Many,68,One Too Many,2019
FLETCHER,4,If You're Gonna Lie,66,you ruined new york city for me,2019
FLETCHER,5,Undrunk,24,Undrunk,2019
FMK,1,Calle 2 - Remix,63,Calle 2 (Remix),2019
FMK,2,Parte de Mi (feat. Lit Killah),62,Parte de Mi (feat. Lit Killah),2019
FMK,3,Perdóname,61,Perdóname,2018
FMK,4,Ahora no,0,Ahora no,2018
FMK,5,Perdóname,0,Perdóname,2018
FRENSHIP,1,Capsize,73,Truce - EP,2016
FRENSHIP,2,1000 Nights,57,1000 Nights,2017
FRENSHIP,3,Keep You Close,48,Vacation,2019
FRENSHIP,4,Capsize - Dzeko & Torres,46,Capsize (Remixes),2016
FRENSHIP,5,Morrison,41,Morrison,2014
Fabolous,1,Choosy (feat. Jeremih & Davido),64,Choosy,2019
Fabolous,2,Can't Let You Go (feat. Mike Shorey & Lil' Mo),62,Street Dreams (Bonus Track Version),2003
Fabolous,3,Make Me Better,61,From Nothin' To Somethin' (Bonus Track Version),2007
Fabolous,4,Breathe,50,Rhino Hi-Five: Fabolous,2007
Fabolous,5,Into You (feat. Tamia) - Radio Edit,35,R&B Love,2015
Faith Evans,1,Love Like This,63,Keep The Faith,1998
Faith Evans,2,You Used to Love Me,58,Faith,1995
Faith Evans,3,Soon as I Get Home,57,Faith,1995
Faith Evans,4,I Love You,52,Faithfully,2001
Faith Evans,5,Happy Holiday,37,A Faithful Christmas,2005
Fall Out Boy,1,Centuries,79,American Beauty/American Psycho,2015
Fall Out Boy,2,Thnks fr th Mmrs,76,Infinity On High,2007
Fall Out Boy,3,Immortals,73,American Beauty/American Psycho,2015
Fall Out Boy,4,Uma Thurman,69,American Beauty/American Psycho,2015
Fall Out Boy,5,My Songs Know What You Did In The Dark (Light Em Up),68,Save Rock And Roll,2013
Fanny Lu,1,Tú No Eres Para Mi,57,6 Super Hits,2009
Fanny Lu,2,Te Quedaste Solo,45,Te Quedaste Solo,2019
Fanny Lu,3,Fanfarrón,33,Voz Y Exitos (International Version),2012
Fanny Lu,4,Y Si Te Digo - Version Merengue,32,Voz Y Exitos (International Version),2012
Fanny Lu,5,Y Si Te Digo,23,6 Super Hits,2009
Fantasia,1,When I See U,68,Fantasia,2006
Fantasia,2,Free Yourself,54,Free Yourself,2004
Fantasia,3,"What Christmas Means to Me - from ""The Best Man Holiday Original Motion Picture Soundtrack""",49,The Best Man Holiday: Original Motion Picture Soundtrack,2013
Fantasia,4,Collard Greens & Cornbread,36,Back To Me,2010
Fantasia,5,Holy Ghost,29,Holy Ghost,2019
Far East Movement,1,Like A G6,68,Free Wired,2010
Far East Movement,2,The Coast (feat. Jvzel),40,The Coast (feat. Jvzel),2016
Far East Movement,3,Freal Luv (feat. Chanyeol & Tinashe),35,Freal Luv (feat. Chanyeol & Tinashe),2016
Far East Movement,4,Freal Luv,0,Freal Luv,2016
Far East Movement,5,The Illest - DEORRO Remix,0,The Illest (Remixes),2014
Farruko,1,Nadie (feat. Sech & Sharo Towers) - Remix,77,Nadie (feat. Sech & Sharo Towers) [Remix],2019
Farruko,2,La Cartera,76,Gangalee,2019
Farruko,3,Chillax (feat. Ky-Mani Marley),69,Visionary,2015
Farruko,4,Diabla - Official Remix,68,Diabla (Official Remix),2017
Farruko,5,Passion Whine,68,Farruko Presents Los Menores,2016
Fat Pat,1,Body Roc,33,Ghetto Dreams,1998
Fat Pat,2,If You Only Knew - Feat. Celicia Ward,30,Throwed In Da Game,1998
Fat Pat,3,Jammin Screw,27,Throwed In Da Game,1998
Fat Pat,4,Fat Freestyle,3,Throwder Than Throwed 2k12,2012
Fat Pat,5,25 Lighters,0,Greatest Hits,2001
Father MC,1,Everything's Gonna Be Alright,37,Close To You,1992
Father MC,2,I'll Do 4 U (Re-Recorded / Remastered),36,I'll Do 4 U (Re-Recorded / Remastered),2010
Father MC,3,Treat Them Like They Want To Be Treated - Regular Version,31,Treat Them Like They Want To Be Treated (Remixes),1990
Father MC,4,I'll Do For U,25,"'80s & '90s Love - Power Ballads, Slow Jams & Love Songs",2010
Father MC,5,I'll Do 4 U,23,New Jack Swing - R&B Hip Hop Hits,2011
Feid,1,FRESH KERIAS,76,FRESH KERIAS,2019
Feid,2,Porfa,73,Porfa,2019
Feid,3,badwine - Remix,69,badwine (Remix),2019
Feid,4,badwine - Extended Remix,67,badwine (Extended Remix),2019
Feid,5,Sígueme - Remix,66,19,2019
Felix Cartal,1,Love Me,60,Love Me,2019
Felix Cartal,2,Love Me - Felix Cartal's Chill Mix,58,Love Me (Remixes),2019
Felix Cartal,3,Keep Up,35,Keep Up,2016
Felix Cartal,4,Get What You Give,0,Get What You Give,2017
Felix Cartal,5,Young Love (feat. Koko LaRoo),0,Young Love (feat. Koko LaRoo),2013
Felix Jaehn,1,Close Your Eyes,79,Close Your Eyes,2019
Felix Jaehn,2,Ain't Nobody (Loves Me Better) (feat. Jasmine Thompson),72,I,2018
Felix Jaehn,3,"Jennie (feat. R. City, Bori)",67,I,2018
Felix Jaehn,4,Never Alone,67,Never Alone,2019
Felix Jaehn,5,Feel Good,65,I,2018
Fetty Wap,1,679 (feat. Remy Boyz),75,679 (feat. Remy Boyz),2015
Fetty Wap,2,Again,68,Fetty Wap (Deluxe),2015
Fetty Wap,3,Trap Queen,68,Fetty Wap (Deluxe),2015
Fetty Wap,4,Trap Queen,48,Trap Queen,2014
Fetty Wap,5,Trap Queen,1,Fetty Wap (Deluxe),2015
Fickle Friends,1,Swim,52,You Are Someone Else,2018
Fickle Friends,2,Hello Hello,40,You Are Someone Else,2018
Fickle Friends,3,Lovesick,35,You Are Someone Else,2018
Fickle Friends,4,Bite,34,You Are Someone Else,2018
Fickle Friends,5,Broken Sleep,28,Broken Sleep,2018
Fifth Harmony,1,Work from Home (feat. Ty Dolla $ign),78,7/27 (Deluxe),2016
Fifth Harmony,2,Worth It,74,Reflection (Deluxe),2015
Fifth Harmony,3,That's My Girl,70,7/27 (Deluxe),2016
Fifth Harmony,4,All In My Head (Flex) (feat. Fetty Wap),66,7/27 (Deluxe),2016
Fifth Harmony,5,Work from Home,13,Work from Home,2016
Firebeatz,1,No Heroes (feat. Luciana),54,No Heroes (feat. Luciana),2014
Firebeatz,2,Bounce,49,Bounce,2019
Firebeatz,3,Through My Mind,49,Through My Mind,2019
Firebeatz,4,Invincible (feat. Ruby Prophet) - Radio Edit,47,Invincible (feat. Ruby Prophet),2015
Firebeatz,5,Arsonist,31,Arsonist,2015
Fitz and The Tantrums,1,HandClap,67,Fitz and The Tantrums (Deluxe Edition),2017
Fitz and The Tantrums,2,Out of My League,67,More Than Just A Dream (Deluxe),2013
Fitz and The Tantrums,3,HandClap,64,Fitz and The Tantrums,2016
Fitz and The Tantrums,4,123456,58,All the Feels,2019
Fitz and The Tantrums,5,Tighter,28,Pickin' up the Pieces,2010
Five Finger Death Punch,1,Bad Company,69,War Is the Answer,2009
Five Finger Death Punch,2,Inside Out,69,Inside Out,2019
Five Finger Death Punch,3,Full Circle,68,Full Circle,2020
Five Finger Death Punch,4,Wrong Side of Heaven,67,"The Wrong Side Of Heaven And The Righteous Side Of Hell, Volume 1",2013
Five Finger Death Punch,5,Gone Away,65,A Decade of Destruction,2017
Fleetwood Mac,1,Dreams - 2004 Remaster,79,Rumours (Super Deluxe),1977
Fleetwood Mac,2,The Chain - 2004 Remaster,78,Rumours (Super Deluxe),1977
Fleetwood Mac,3,Landslide,77,Fleetwood Mac,1975
Fleetwood Mac,4,Go Your Own Way - 2004 Remaster,74,Rumours,1977
Fleetwood Mac,5,Go Your Own Way - 2004 Remaster,73,Rumours (Super Deluxe),1977
Flo Rida,1,Low (feat. T-Pain),79,Mail on Sunday,2008
Flo Rida,2,My House,76,My House,2015
Flo Rida,3,Whistle,76,Wild Ones,2012
Flo Rida,4,Wild Ones (feat. Sia),76,Wild Ones,2012
Flo Rida,5,Good Feeling,73,Wild Ones,2012
Flosstradamus,1,Came Up,61,Came Up,2016
Flosstradamus,2,Soundclash,41,HDYNATION RADIO,2015
Flosstradamus,3,2 MUCH (feat. 24hrs) (feat. 24hrs),28,2 MUCH (feat. 24hrs) (feat. 24hrs),2018
Flosstradamus,4,Guava,22,Guava,2018
Flosstradamus,5,Rollup - Baauer Remix,0,Ultra Trap,2013
Flume,1,Rushing Back,76,Rushing Back,2019
Flume,2,Never Be Like You,65,Skin,2016
Flume,3,Rushing Back - Petit Biscuit Remix,62,Rushing Back (Petit Biscuit Remix),2019
Flume,4,Say It - Illenium Remix,62,Skin: The Remixes,2017
Flume,5,Say It,57,Skin,2016
Fonseca,1,Volver a Verte (feat. Cali y El Dandee),65,Agustín,2018
Fonseca,2,Arroyito,60,Gratitud,2008
Fonseca,3,Entre Mi Vida y la Tuya,49,Entre Mi Vida y la Tuya,2015
Fonseca,4,Desde Que No Estás,45,Ilusión +,2011
Fonseca,5,Arroyito,36,Grandes Exitos,2013
Foo Fighters,1,Everlong,77,The Colour And The Shape,1997
Foo Fighters,2,The Pretender,76,"Echoes, Silence, Patience & Grace",2007
Foo Fighters,3,Learn to Fly,73,There Is Nothing Left To Lose,1999
Foo Fighters,4,Everlong - Acoustic Version,69,Greatest Hits,2009
Foo Fighters,5,My Hero,69,The Colour And The Shape,1997
Foreigner,1,I Want to Know What Love Is - 1999 Remaster,77,Agent Provocateur,1984
Foreigner,2,Waiting for a Girl like You,69,4 (Expanded),1981
Foreigner,3,Cold as Ice,68,Foreigner (Expanded),1977
Foreigner,4,Juke Box Hero,67,4 (Expanded),1981
Foreigner,5,Hot Blooded,61,Double Vision (Expanded),1978
Foxa,1,Your Everything (Camero Edit),47,Your Everything (Camero Edit),2019
Foxa,2,Hold On,45,Hold On,2019
Foxa,3,New Lover,42,New Lover,2019
Foxa,4,With You,42,With You,2019
Foxa,5,Told You Once,33,Told You Once,2019
Frank Mccomb,1,All You Need Is Love,14,Love Stories,2000
Frank Mccomb,2,Gotta Find A Way,10,Love Stories,2000
Frank Mccomb,3,Future Love,9,Love Stories,2000
Frank Mccomb,4,The Wedding Song,7,Love Stories,2000
Frank Mccomb,5,If This Is Love,5,Love Stories,2000
Frank Ocean,1,Chanel,82,Chanel,2017
Frank Ocean,2,In My Room,79,In My Room,2019
Frank Ocean,3,Nights,78,Blonde,2016
Frank Ocean,4,Ivy,77,Blonde,2016
Frank Ocean,5,Pink + White,77,Blonde,2016
Franz Ferdinand,1,Take Me Out,73,Franz Ferdinand,2004
Franz Ferdinand,2,Take Me Out,70,Franz Ferdinand,2004
Franz Ferdinand,3,Do You Want To,59,You Could Have It So Much Better,2005
Franz Ferdinand,4,Do You Want To,55,You Could Have It So Much Better,2005
Franz Ferdinand,5,Walk Away,1,You Could Have It So Much Better,2005
Fred De Palma,1,Il tuo profumo,73,Uebe,2019
Fred De Palma,2,Uebe (feat. Boro Boro),59,Uebe,2019
Fred De Palma,3,Una volta ancora (feat. Ana Mena),55,Una volta ancora (feat. Ana Mena),2019
Fred De Palma,4,Dio benedica il reggaeton (feat. Baby K),45,Dio benedica il reggaeton (feat. Baby K),2019
Fred De Palma,5,D'estate non vale (feat. Ana Mena),44,D'estate non vale (feat. Ana Mena),2018
Fred Hammond,1,No Weapon,54,Spirit Of David,1997
Fred Hammond,2,We're Blessed,50,Nothing But The Hits: Fred Hammond,2003
Fred Hammond,3,I Will Trust,39,I Will Trust,2014
Fred Hammond,4,Give Me A Clean Heart,36,Purpose By Design,2000
Fred Hammond,5,When You Praise,33,Purpose By Design,2000
Freddy Moreira,1,Rude Gyal,28,Ring The Alarm - EP,2016
Freddy Moreira,2,Baile Sanka,27,Caribbean Roots Reloaded (Vol.1),2016
Freddy Moreira,3,Bend Ova,26,Caribbean Roots Reloaded (Vol.1),2016
Freddy Moreira,4,Rutte No Jave,25,Caribbean Roots Reloaded (Vol.1),2016
Freddy Moreira,5,Mood For Lovin',0,Mood For Lovin',2017
Free,1,All Right Now,70,Fire And Water,1970
Free,2,All Right Now,35,All Right Now: The Collection,2012
Free,3,Heartbreaker,23,All Right Now: The Collection,2012
Free,4,All Right Now,22,Fire And Water (Deluxe Edition),2008
Free,5,The Highway Song,13,Chronicles,2005
French Montana,1,Unforgettable,82,Jungle Rules,2017
French Montana,2,Writing on the Wall (feat. Post Malone & Cardi B),82,Writing on the Wall (feat. Post Malone & Cardi B),2019
French Montana,3,No Stylist,76,No Stylist,2018
French Montana,4,"Writing on the Wall (feat. Post Malone, Cardi B & Rvssian)",76,MONTANA,2019
French Montana,5,Out Of Your Mind (feat. Swae Lee & Chris Brown),75,MONTANA,2019
Frenna,1,Mami So Bad,69,Mami So Bad,2019
Frenna,2,Only You,64,Only You,2019
Frenna,3,Ghetto Youth,62,Ghetto Youth,2019
Frenna,4,Louboutin,58,Francis,2018
Frenna,5,Viraal,57,Viraal,2019
Fuego,1,Cereza,69,Cereza,2019
Fuego,2,Sigo Fresh,61,Sigo Fresh,2019
Fuego,3,Good Vibes,60,Good Vibes,2018
Fuego,4,Mambo Para Bailar (feat. Arcangel),41,Mambo Para Bailar (feat. Arcangel),2016
Fuego,5,Una Vaina Loca,1,Una Vaina Loca,2011
Fugees,1,Killing Me Softly With His Song,74,The Score (Expanded Edition),1996
Fugees,2,Killing Me Softly With His Song,55,Greatest Hits,2003
Fugees,3,Fu-Gee-La,10,The Score,1996
Fugees,4,Ready or Not,8,The Score,1996
Fugees,5,How Many Mics,1,The Score,1996
Funk Machine,1,Something,42,Something,2019
Funk Machine,2,Something - Quintino Remix,35,Something (The Remixes),2019
Funk Machine,3,It Ain't Over,25,It Ain't Over,2019
Funk Machine,4,Something - RetroVision Remix,25,Something (The Remixes),2019
Funk Machine,5,It Ain't Over - SWACQ Remix,13,It Ain't Over (The Remixes),2019
Funky,1,Luz y Sal (feat. Edward Sanchez),55,Luz y Sal (feat. Edward Sanchez),2017
Funky,2,Eres Mi Bendicion (feat. Alex Zurdo),54,Indestructible,2015
Funky,3,Promesas,53,Promesas,2018
Funky,4,Es Imposible,52,Indestructible,2015
Funky,5,Se Nota En Tus Ojos,51,Indestructible,2015
Future,1,Life Is Good (feat. Drake),93,Life Is Good (feat. Drake),2020
Future,2,Mask Off,81,FUTURE,2017
Future,3,Fine China,80,Future & Juice WRLD Present... WRLD ON DRUGS,2018
Future,4,Last Name (feat. Lil Durk),70,Last Name (feat. Lil Durk),2019
Future,5,100 Shooters (feat. Meek Mill),69,100 Shooters (feat. Meek Mill),2019
G-Eazy,1,Him & I (with Halsey),77,The Beautiful & Damned,2017
G-Eazy,2,"Me, Myself & I",77,When It's Dark Out,2015
G-Eazy,3,No Limit,76,The Beautiful & Damned,2017
G-Eazy,4,I Mean It (feat. Remo),74,These Things Happen,2014
G-Eazy,5,Calm Down,66,When It's Dark Out,2015
G-Unit,1,Poppin' Them Thangs,67,Beg For Mercy,2003
G-Unit,2,My Buddy,53,Beg For Mercy,2003
G-Unit,3,Poppin' Them Thangs,3,Beg For Mercy,2003
G-Unit,4,Poppin' Them Thangs,2,Beg For Mercy (Explicit Version),2003
G-Unit,5,I Smell Pussy,1,Beg For Mercy (Explicit Version),2003
GAMPER & DADONI,1,Bittersweet Symphony (feat. Emily Roberts),72,Bittersweet Symphony (feat. Emily Roberts),2019
GAMPER & DADONI,2,Gimme! Gimme! Gimme!,65,Gimme! Gimme! Gimme!,2019
GAMPER & DADONI,3,Oxas,59,Oxas,2013
GAMPER & DADONI,4,Praise You,56,Praise You,2019
GAMPER & DADONI,5,Blind Faith,53,Blind Faith,2016
GASHI,1,Creep On Me,68,Creep On Me,2018
GASHI,2,Safety (feat. DJ Snake),63,Safety (feat. DJ Snake),2019
GASHI,3,My Year,62,My Year,2019
GASHI,4,Safety (feat. DJ Snake) - Dark Heart 2am Mix,58,Safety (The Dark Heart Remixes) (feat. DJ Snake),2019
GASHI,5,Yesterday (feat. Maxx Owa),55,GASHI,2019
GAWVI,1,DULCE,50,PANORAMA,2018
GAWVI,2,Fight for Me,4,Fight for Me,2018
GAWVI,3,Closer,0,Closer,2017
GAWVI,4,Cumbia,0,We Belong,2017
GAWVI,5,Desire (feat. Darrein Safron),0,Holding Hue - EP,2016
Galantis,1,Bones (feat. OneRepublic),77,Bones (feat. OneRepublic),2019
Galantis,2,Faith (with Dolly Parton) [feat. Mr. Probz],77,Faith (with Dolly Parton) [feat. Mr. Probz],2019
Galantis,3,Runaway (U & I),74,Pharmacy,2015
Galantis,4,No Money,72,No Money,2016
Galantis,5,No Money,70,The Aviary,2017
Gamora,1,Дыхание улиц,46,Времена,2018
Gamora,2,Второе дыхание,37,Несущие стены,2017
Gamora,3,Аййй,35,EP №2,2018
Gamora,4,Ау,32,Несущие стены,2017
Gamora,5,Амбасcадора,27,Амбассадора,2018
Gang Starr,1,Family and Loyalty,62,Family and Loyalty,2019
Gang Starr,2,Mass Appeal,61,Hard To Earn,1994
Gang Starr,3,Mass Appeal,37,Full Clip: A Decade Of Gang Starr,1999
Gang Starr,4,No Shame In My Game,33,Daily Operation,1992
Gang Starr,5,Code Of The Streets,23,Mass Appeal: The Best Of Gang Starr (Explicit),2006
Gareth Emery,1,Dynamite,41,Drive,2014
Gareth Emery,2,We Were Young,41,100 Reasons To Live,2016
Gareth Emery,3,Lost,40,100 Reasons To Live,2016
Gareth Emery,4,Dynamite,0,Drive,2014
Gareth Emery,5,Lights & Thunder - Club Mix,0,Lights & Thunder,2014
Garmiani,1,Fogo (feat. Julimar Santos),53,Fogo (feat. Julimar Santos),2017
Garmiani,2,Bomb A Drop,52,Bomb A Drop,2016
Garmiani,3,BARRACA (feat. MC Pikachu),50,BARRACA (feat. MC Pikachu),2019
Garmiani,4,AVA,48,AVA,2019
Garmiani,5,BARRACA,45,BARRACA,2019
Gary Moore,1,Over The Hills And Far Away,54,Wild Frontier,1987
Gary Moore,2,Out In The Fields,52,Run For Cover,1985
Gary Moore,3,Wild Frontier - Remastered 2002,47,The Platinum Collection,2006
Gary Moore,4,Still Got The Blues,44,The Platinum Collection,2006
Gary Moore,5,Over The Hills And Far Away,39,Out In The Fields - The Very Best Of Gary Moore,1998
Gaullin,1,Moonlight,76,Moonlight,2018
Gaullin,2,Sweater Weather,69,Sweater Weather,2019
Gaullin,3,All the Things,65,All the Things,2018
Gaullin,4,Op Opa,57,Op Opa,2018
Gaullin,5,Sun Goes Down,51,Sun Goes Down,2017
Genairo Nvilla,1,King Of Drums - Original Mix,13,King Of Drums EP,2011
Genairo Nvilla,2,W. T. F.,7,W. T. F.,2016
Genairo Nvilla,3,Faya,6,Faya / Jam,2016
Genairo Nvilla,4,Heartbeat,6,King of Drums 3,2014
Genairo Nvilla,5,Jam,6,Faya / Jam,2016
Genesis,1,I Can't Dance - 2007 Digital Remaster,61,We Can't Dance,1991
Genesis,2,Invisible Touch - 2007 Remaster,60,Invisible Touch,1986
Genesis,3,Land of Confusion - 2007 Remaster,56,Invisible Touch,1986
Genesis,4,Dancing With The Moonlit Knight - Remastered 2008,48,Selling England By The Pound,1973
Genesis,5,In Too Deep - 2007 Remaster,47,Invisible Touch,1986
Gente De Zona,1,La Gozadera,73,Visualízate,2016
Gente De Zona,2,Tan Buena,64,OTRA COSA,2019
Gente De Zona,3,Traidora,62,Visualízate,2016
Gente De Zona,4,Si Tú No Estás,58,En Letra de Otro,2018
Gente De Zona,5,Loco Loco (feat. Kelvis Ochoa & Gilberto Santa Rosa),47,OTRA COSA,2019
George Harrison,1,My Sweet Lord,75,All Things Must Pass (Remastered),1970
George Harrison,2,Got My Mind Set On You - 2004 Mix,70,Cloud Nine,1987
George Harrison,3,What Is Life,66,All Things Must Pass (Remastered),1970
George Harrison,4,Give Me Love (Give Me Peace On Earth),60,Living In The Material World (Remastered),1973
George Harrison,5,If Not For You,59,All Things Must Pass (Remastered),1970
Geto Boys,1,Mind Playing Tricks on Me,65,We Can't Be Stopped,1991
Geto Boys,2,Damn It Feels Good to Be a Gangsta,60,Uncut Dope,1992
Geto Boys,3,Still,47,The Resurrection,1996
Geto Boys,4,Six Feet Deep,37,Til Death Do Us Part,1993
Geto Boys,5,Mind Playing Tricks on Me,36,Rap a Lot Greatest Hits,2013
Getter,1,Hack Slash,55,Dahlia I,2018
Getter,2,Bury Me,54,Bury Me,2017
Getter,3,Grain,51,Dahlia I,2018
Getter,4,"Beware, the Sirens",50,Dahlia I,2018
Getter,5,Ham Sandwich,44,Ham Sandwich,2019
Ghostemane,1,Mercury: Retrograde,72,Hexada,2017
Ghostemane,2,Squeeze,68,Hexada,2017
Ghostemane,3,Venom,68,Blackmage,2016
Ghostemane,4,Andromeda,62,Plagues,2016
Ghostemane,5,Seppuku (feat. Suicideboy$ & Jgrxxn),61,For the Aspiring Occultist,2015
Ginuwine,1,Pony,72,R&B: From Doo-Wop To Hip-Hop,1999
Ginuwine,2,In Those Jeans,61,The Senior,2003
Ginuwine,3,Pony,61,Ginuwine... The Bachelor,1996
Ginuwine,4,So Anxious,58,100% Ginuwine,1999
Ginuwine,5,Same Ol' G,47,100% Ginuwine,1999
Glades,1,Do Right,54,Do Right,2017
Glades,2,Do Right,44,To Love You,2018
Glades,3,Drive,44,Drive,2016
Glades,4,Her (Loving You),35,Her (Loving You),2015
Glades,5,Skylines,16,Skylines,2016
Glass Animals,1,Tokyo Drifting (with Denzel Curry),73,Tokyo Drifting,2019
Glass Animals,2,The Other Side Of Paradise,68,How To Be A Human Being,2016
Glass Animals,3,Life Itself,63,How To Be A Human Being,2016
Glass Animals,4,Black Mambo,61,ZABA,2014
Glass Animals,5,Gooey,7,ZABA,2014
Gloria Estefan,1,Con los Años Que Me Quedan,60,Mi Tierra,1993
Gloria Estefan,2,Conga,60,Exitos de gloria estefan,1990
Gloria Estefan,3,Mi Tierra,55,Mi Tierra,1993
Gloria Estefan,4,Como Me Duele Perderte,53,Alma Caribeña,2000
Gloria Estefan,5,Don't Wanna Lose You,52,Cuts Both Ways,1989
Gloria Trevi,1,Ábranse Perras,59,Ábranse Perras,2019
Gloria Trevi,2,Vas A Recordarme,54,Vas A Recordarme,2019
Gloria Trevi,3,Diosa De La Noche,50,Diosa De La Noche,2019
Gloria Trevi,4,Yo Soy Su Vida,47,Yo Soy Su Vida,2019
Gloria Trevi,5,Todos Me Miran,0,Una Rosa Blu (Deluxe Edition),2007
Godsmack,1,I Stand Alone,67,Faceless,2003
Godsmack,2,Cryin' Like A Bitch!!,66,The Oracle (Deluxe Edition),2010
Godsmack,3,When Legends Rise,63,When Legends Rise,2018
Godsmack,4,Love-Hate-Sex-Pain,62,The Oracle (Deluxe Edition),2010
Godsmack,5,Bulletproof,56,Bulletproof,2018
GoldLink,1,Crew (feat. Brent Faiyaz & Shy Glizzy),76,At What Cost,2017
GoldLink,2,Herside Story,70,At What Cost,2017
GoldLink,3,Got Friends,65,Got Friends,2018
GoldLink,4,Fall in Love,56,Fall in Love,2016
GoldLink,5,No Lie (feat. WizKid),48,Diaspora,2019
Good Times Ahead,1,Red Lips (feat. Sam Bruno) - Skrillex Remix,56,Red Lips (feat. Sam Bruno) [Skrillex Remix],2015
Good Times Ahead,2,Boy Oh Boy,54,Random White Dude Be Everywhere,2014
Good Times Ahead,3,All About It (GTA & Cimo Fränkel),36,Ninjawerks (Vol.1),2018
Good Times Ahead,4,DJ Tool 8 - VIP,32,La Nueva Clásica (Remixes),2019
Good Times Ahead,5,Illuminate,26,Good Times Ahead,2016
Goodie Mob,1,Cell Therapy,56,Soul Food,1995
Goodie Mob,2,Dirty South (feat. Big Boi),44,Soul Food,1995
Goodie Mob,3,Black Ice (Sky High) (feat. OutKast),43,Still Standing,1998
Goodie Mob,4,Cell Therapy,41,Dirty South Classics,2003
Goodie Mob,5,Soul Food,37,Soul Food,1995
Gorillaz,1,Feel Good Inc.,80,Demon Days,2005
Gorillaz,2,On Melancholy Hill,75,Plastic Beach,2010
Gorillaz,3,Clint Eastwood,68,Gorillaz,2001
Gorillaz,4,Dirty Harry,65,Demon Days,2005
Gorillaz,5,Rock the House,52,G-Sides,2002
Grand Funk Railroad,1,Some Kind Of Wonderful - Remastered 1999,60,30 Years Of Funk: 1969-1999 The Anthology,1999
Grand Funk Railroad,2,We're An American Band - Remastered 2002,59,We're An American Band (Remastered / Bonus Track),1973
Grand Funk Railroad,3,Some Kind Of Wonderful,48,Greatest Hits: Grand Funk Railroad (Remastered),2006
Grand Funk Railroad,4,We're An American Band,36,Greatest Hits: Grand Funk Railroad (Remastered),2006
Grand Funk Railroad,5,Time Machine,32,Greatest Hits: Grand Funk Railroad (Remastered),2006
Great Good Fine Ok,1,2020,57,2020,2019
Great Good Fine Ok,2,Take It or Leave It,46,III,2017
Great Good Fine Ok,3,Not Going Home,35,Body Diamond,2014
Great Good Fine Ok,4,You're the One for Me,34,Body Diamond,2014
Great Good Fine Ok,5,Always,33,Always,2016
Green Day,1,Basket Case,79,Dookie,1994
Green Day,2,American Idiot,78,American Idiot,2004
Green Day,3,Wake Me up When September Ends,76,American Idiot,2004
Green Day,4,21 Guns,75,21st Century Breakdown,2009
Green Day,5,Good Riddance (Time of Your Life),75,Nimrod,1997
Green Tea,1,Come Back,1,Have A Cup Of Green Tea Dosage I: Shades Of Green,2006
Green Tea,2,Moment Divine,1,Dosage III: The Time to B.E.,2012
Green Tea,3,Never Be the Blame,1,Dosage III: The Time to B.E.,2012
Green Tea,4,Y.O.U - Feat. Ab,1,Dosage II: Choices,2008
Green Tea,5,Not Right Now,0,Dosage II: Choices,2008
Gregor Salto,1,Para voce (feat. Curio Capoeira),37,Para voce EP,2016
Gregor Salto,2,On Your Mark,35,Gregor Salto Ultimate Miami 2,2014
Gregor Salto,3,Riddim Go,25,Gregor Salto Ultimate Miami 2,2014
Gregor Salto,4,Drumology - Big Room Mix,9,Gregor Salto Ultimate Miami 2,2014
Gregor Salto,5,Damelo (You got what I want) - Original Mix,3,Damelo Remixed,2012
Greyson Chance,1,shut up,68,portraits,2019
Greyson Chance,2,shut up,58,portraits,2019
Greyson Chance,3,Boots,55,Boots,2019
Greyson Chance,4,Twenty One,49,Twenty One,2018
Greyson Chance,5,Afterlife,39,Afterlife,2015
Grouplove,1,Tongue Tied,78,Never Trust A Happy Song,2011
Grouplove,2,Ways to Go,63,Spreading Rumours,2013
Grouplove,3,Deleter,61,Deleter,2020
Grouplove,4,Welcome To Your Life,55,Big Mess,2017
Grouplove,5,Good Morning,53,Big Mess,2017
Gryffin,1,All You Need To Know (feat. Calle Lehmann),76,All You Need To Know (feat. Calle Lehmann),2019
Gryffin,2,Body Back (feat. Maia Wright),75,Body Back (feat. Maia Wright),2019
Gryffin,3,Feel Good (feat. Daya),74,Feel Good (feat. Daya),2017
Gryffin,4,Need Your Love (with Noah Kahan),70,Gravity,2019
Gryffin,5,Tie Me Down (with Elley Duhé),70,Tie Me Down (with Elley Duhé),2018
Gucci Mane,1,Wake Up in the Sky,78,Wake Up in the Sky,2018
Gucci Mane,2,Big Boy Diamonds (feat. Kodak Black & London on Da Track),75,Woptober II,2019
Gucci Mane,3,Wake Up in the Sky,73,Evil Genius,2018
Gucci Mane,4,Met Gala (feat. Offset),65,Droptopwop,2017
Gucci Mane,5,Ice (feat. Gunna & Lil Baby),63,Delusions of Grandeur,2019
Gui Brazil,1,Yeshua + Só Quero Ver Você (feat. Marcelo Markes),41,Yeshua + Só Quero Ver Você,2018
Gui Brazil,2,Confío,38,Confío,2018
Gui Brazil,3,Northern Lights,33,Northern Lights,2018
Gui Brazil,4,Im Here For a Reason (feat. Kaio Deodato & Sou.Za) - Mack Christopher Remix,28,Im Here For a Reason (Remixes),2018
Gui Brazil,5,22,20,22,2018
Guns N' Roses,1,Sweet Child O' Mine,82,Appetite For Destruction,1987
Guns N' Roses,2,Paradise City,78,Appetite For Destruction,1987
Guns N' Roses,3,Welcome To The Jungle,78,Appetite For Destruction,1987
Guns N' Roses,4,Knockin' On Heaven's Door,77,Use Your Illusion II,1991
Guns N' Roses,5,Don't Cry (Original),74,Use Your Illusion I,1991
Gusttavo Lima,1,A Gente Fez Amor - Ao Vivo,84,O Embaixador in Cariri (Ao Vivo),2019
Gusttavo Lima,2,Carreira Solo - Ao Vivo,78,O Embaixador in Cariri - Vol. 2 (Ao Vivo),2019
Gusttavo Lima,3,Quem Traiu Levou - Ao Vivo,77,Quem Traiu Levou (Ao Vivo),2019
Gusttavo Lima,4,Perrengue - Ao Vivo,73,O Embaixador in Cariri - Vol. 1 (Ao Vivo),2019
Gusttavo Lima,5,Lo Que Tú y Yo Vivimos (feat. Gente de Zona) - Ao Vivo,64,O Embaixador in Cariri - Vol. 1 (Ao Vivo),2019
Guustavv,1,Jazzy Winter,60,Vatten,2019
Guustavv,2,Light Beams,58,Vin,2019
Guustavv,3,Shifting Skies,55,Borta,2019
Guustavv,4,With Tim,53,With Tim,2019
Guustavv,5,Air Conditioning,52,Resan,2019
Guy,1,Let's Chill,55,The Future,1990
Guy,2,Piece Of My Love,52,Guy,1988
Guy,3,I Like,49,Guy,1988
Guy,4,Groove Me,48,Guy,1988
Guy,5,Goodbye Love,45,Guy,1988
Gzuz,1,Vor der Tür,79,Vor der Tür,2019
Gzuz,2,Schnapp!,57,Sampler 3,2015
Gzuz,3,Intro,55,High & Hungrig 2,2016
Gzuz,4,Ebbe & Flut,52,Ebbe & Flut,2015
Gzuz,5,Dieses Boot,41,High & Hungrig,2014
H-Town,1,Knockin' da Boots,59,Fever for da Flavor,1993
H-Town,2,Part Time Lover,43,Above The Rim,2001
H-Town,3,Treat U Right,18,Fever for da Flavor,1993
H-Town,4,Sex Me,14,Fever for da Flavor,1993
H-Town,5,Knockin' Da' Boots,1,Luke's Hall Of Fame Vol.3,1998
H.E.R.,1,Slide,81,Slide,2019
H.E.R.,2,Best Part (feat. Daniel Caesar),78,H.E.R.,2017
H.E.R.,3,Could've Been (feat. Bryson Tiller),75,I Used To Know Her,2019
H.E.R.,4,Focus,68,H.E.R.,2017
H.E.R.,5,Losing,64,H.E.R.,2017
HELLYEAH,1,Oh My God,52,Oh My God,2019
HELLYEAH,2,Welcome Home,49,Welcome Home,2019
HELLYEAH,3,Human,45,UNDEN!ABLE,2016
HELLYEAH,4,Black Flag Army,44,Black Flag Army,2019
HELLYEAH,5,333,38,333,2019
HONNE,1,Me & You ◑,65,Love Me / Love Me Not,2018
HONNE,2,Someone That Loves You,61,Warm On A Cold Night (Deluxe),2016
HONNE,3,Good Together,59,Warm On A Cold Night (Deluxe),2016
HONNE,4,Warm on a Cold Night,59,Warm On A Cold Night (Deluxe),2016
HONNE,5,Woman,57,Woman,2016
Habstrakt,1,Infinite,51,Infinite,2019
Habstrakt,2,Vibin,51,Vibin,2018
Habstrakt,3,The One,50,The One,2019
Habstrakt,4,Real,49,Real,2019
Habstrakt,5,Lasagne,43,Lasagne,2019
Hailee Steinfeld,1,"Let Me Go (with Alesso, Florida Georgia Line & watt)",81,"Let Me Go (with Alesso, Florida Georgia Line & watt)",2017
Hailee Steinfeld,2,Wrong Direction,79,Wrong Direction,2020
Hailee Steinfeld,3,Starving,77,Starving,2016
Hailee Steinfeld,4,Most Girls,76,Most Girls,2017
Hailee Steinfeld,5,Afterlife,71,Afterlife (Dickinson),2019
Halestorm,1,I Miss the Misery,59,The Strange Case of...,2012
Halestorm,2,I Get Off,58,Halestorm (Deluxe),2009
Halestorm,3,Bad Romance - EP Version,56,ReAniMate: The CoVeRs eP,2011
Halestorm,4,Uncomfortable,54,Vicious,2018
Halestorm,5,Mz. Hyde,49,The Strange Case of...,2012
Halsey,1,Without Me,88,Without Me,2018
Halsey,2,Graveyard,87,Graveyard,2019
Halsey,3,You should be sad,86,You should be sad,2020
Halsey,4,Finally // beautiful stranger,79,Finally // beautiful stranger,2019
Halsey,5,Bad At Love,77,hopeless fountain kingdom (Deluxe),2017
Hannah Montana,1,He Could Be the One,65,Hannah Montana 3,2009
Hannah Montana,2,"The Best of Both Worlds - From ""Hannah Montana""/Soundtrack Version",58,Hannah Montana,2006
Hannah Montana,3,You'll Always Find Your Way Back Home,58,Hannah Montana The Movie,2009
Hannah Montana,4,Nobody's Perfect,56,Hannah Montana 2 / Meet Miley Cyrus,2007
Hannah Montana,5,Rock Star,52,Hannah Montana 2 / Meet Miley Cyrus,2007
Hansie,1,Kom Bij Mij,49,Kom Bij Mij,2018
Hansie,2,HVJ,45,HVJ,2019
Hansie,3,One Shot,44,One Shot,2020
Hansie,4,Money Monica,42,Money Monica,2019
Hansie,5,Non Stop,41,Non Stop,2017
Hanybal,1,"1,2,3",0,Haramstufe Rot,2016
Hanybal,2,Fick dich,0,Fick dich,2017
Hanybal,3,Haramstufe Rot,0,Haramstufe Rot,2016
Hanybal,4,Is' mir egal,0,Weg von der Fahrbahn (Bonus Tracks Version),2015
Hanybal,5,Is' mir egal,0,Weg von der Fahrbahn (Bonus Tracks Version),2015
Hardwell,1,Bella Ciao,67,Bella Ciao,2018
Hardwell,2,Power,66,Power,2017
Hardwell,3,Out Of This Town,65,Out Of This Town,2018
Hardwell,4,Go To War,63,Go To War,2019
Hardwell,5,Drop To The Floor,61,Hardwell presents Revealed Vol. 10,2019
Harry Nilsson,1,Without You - Remastered,13,Nilsson Schmilsson,1971
Harry Nilsson,2,"Everybody's Talkin' - From ""Midnight Cowboy""",10,Everybody's Talkin': The Very Best of Harry Nilsson,1967
Harry Nilsson,3,Without You,10,Everybody's Talkin': The Very Best of Harry Nilsson,1967
Harry Nilsson,4,Coconut,4,Personal Best: The Harry Nilsson Anthology,1995
Harry Nilsson,5,Without You,0,The Definitive 70's,2008
Harry Styles,1,Adore You,91,Adore You,2019
Harry Styles,2,Watermelon Sugar,90,Watermelon Sugar,2019
Harry Styles,3,Adore You,88,Fine Line,2019
Harry Styles,4,Falling,88,Fine Line,2019
Harry Styles,5,Watermelon Sugar,86,Fine Line,2019
Haze,1,Haz Lo Que Quieras,67,Haz Lo Que Quieras,2019
Haze,2,Becher & Blunt,53,Die Zwielicht LP,2018
Haze,3,Stara Škola,44,Die Zwielicht LP,2018
Haze,4,Leise,43,Die Zwielicht LP,2018
Haze,5,Schreibe mein Schicksal,37,Die Zwielicht LP,2018
Headhunterz,1,The Universe Is Ours,39,The Universe Is Ours,2015
Headhunterz,2,Landslide,27,Landslide,2017
Headhunterz,3,Once Again - Original Mix,23,Once Again,2015
Headhunterz,4,Once Again - Original Mix,20,Once Again,2015
Headhunterz,5,We Control The Sound,18,We Control The Sound,2014
Heart,1,Alone,73,Bad Animals,1987
Heart,2,Barracuda,73,Little Queen,1977
Heart,3,Crazy On You,65,Dreamboat Annie,1975
Heart,4,Magic Man,58,Dreamboat Annie,1975
Heart,5,Barracuda,7,The Essential Heart,2002
Heavy D & The Boyz,1,Now That We Found Love,57,Peaceful Journey,1991
Heavy D & The Boyz,2,Is It Good To You,46,Peaceful Journey,1991
Heavy D & The Boyz,3,Now That We Found Love,43,Heavy Hitz,2000
Heavy D & The Boyz,4,Nuttin' But Love,42,Nuttin' But Love,1994
Heavy D & The Boyz,5,Somebody For Me,39,Big Tyme,1989
Helion,1,Violin 4.0 (Olympis Remix),46,Violin 4.0 (Olympis Remix),2019
Helion,2,Violin 4.0,44,Violin 4.0,2019
Helion,3,Popcorn,40,Popcorn,2019
Helion,4,Violin V,33,Violin V,2019
Helion,5,Mysteria,29,Mysteria,2019
Hellberg,1,Punching in the Dark,52,Punching in the Dark,2019
Hellberg,2,Slumber Party,38,MrSuicideSheep Presents - Taking You Higher,2015
Hellberg,3,Kind of Blue,32,Kind of Blue,2019
Hellberg,4,The Girl (feat. Cozi Zuehlsdorff),2,The Girl (feat. Cozi Zuehlsdorff),2015
Hellberg,5,I'm Not Over (Radio Edit) [feat. Tash],0,I'm Not Over,2014
Hi-Five,1,She's Playing Hard To Get,55,Greatest Hits,1990
Hi-Five,2,I Like The Way,54,Greatest Hits,1990
Hi-Five,3,I Can't Wait Another Minute,43,Greatest Hits,1990
Hi-Five,4,She's Playing Hard To Get,42,Keep It Goin' On,1992
Hi-Five,5,Never Should've Let You Go,38,Faithful,1993
Hillsong Young & Free,1,Every Little Thing,52,III,2018
Hillsong Young & Free,2,This Is Living,51,This Is Living,2015
Hillsong Young & Free,3,Love Won't Let Me Down,44,Love Won’t Let Me Down,2017
Hillsong Young & Free,4,Let Go,43,Let Go,2018
Hillsong Young & Free,5,More Of You,39,III,2018
Hinder,1,Lips Of An Angel,71,Extreme Behavior,2005
Hinder,2,Better Than Me,61,Extreme Behavior,2005
Hinder,3,Get Stoned,60,Extreme Behavior,2005
Hinder,4,Without You,56,Take It To The Limit,2008
Hinder,5,Use Me,45,Take It To The Limit,2008
Hogland,1,Letting Go,66,Letting Go,2019
Hogland,2,Ruled the World,58,Ruled the World,2017
Hogland,3,Only You,54,Only You,2019
Hogland,4,Cross My Heart,53,Cross My Heart,2019
Hogland,5,Better Runaway - Erlandsson Remix,50,Better Runaway (Erlandsson Remix),2018
Hot Shade,1,Dive,68,Dive,2019
Hot Shade,2,California,65,California,2018
Hot Shade,3,Better,50,Better,2017
Hot Shade,4,California,16,California,2018
Hot Shade,5,My Body,1,My Body,2017
House Of Pain,1,Jump Around,74,House of Pain (Fine Malt Lyrics),1992
House Of Pain,2,Top O' the Morning to Ya,48,House of Pain (Fine Malt Lyrics),1992
House Of Pain,3,Shamrocks and Shenanigans,43,House of Pain (Fine Malt Lyrics),1992
House Of Pain,4,Put Your Head Out,40,House of Pain (Fine Malt Lyrics),1992
House Of Pain,5,House and the Rising Son,36,House of Pain (Fine Malt Lyrics),1992
Hozier,1,Take Me To Church,80,Hozier,2014
Hozier,2,Take Me to Church,76,Hozier (Expanded Edition),2014
Hozier,3,From Eden,52,From Eden EP,2014
Hozier,4,Take Me to Church,24,Hozier,2014
Hozier,5,Jackie And Wilson,2,Hozier (Special Edition),2014
"Héctor ""El Father""",1,El Telefono,65,The Bad Boy,2006
"Héctor ""El Father""",2,Sola,52,The Bad Boy,2006
"Héctor ""El Father""",3,Hola Bebe,51,The Bad Boy (The Most Wanted Edition),2007
"Héctor ""El Father""",4,Amor De Colegio,40,Reggaeton Hitmakers Love Stories,2005
"Héctor ""El Father""",5,Tu Quieres Duro,35,La Misión 4,2004
ILLENIUM,1,In Your Arms (with X Ambassadors),75,ASCEND,2019
ILLENIUM,2,Good Things Fall Apart (with Jon Bellion),74,Good Things Fall Apart (with Jon Bellion),2019
ILLENIUM,3,Good Things Fall Apart (with Jon Bellion) [Tiësto's Big Room Remix],67,Good Things Fall Apart (with Jon Bellion) [Tiësto's Big Room Remix],2019
ILLENIUM,4,Crashing (feat. Bahari),65,Crashing (feat. Bahari),2019
ILLENIUM,5,Beautiful Creatures (feat. MAX),64,Awake,2017
INXS,1,Need You Tonight,64,Kick,1987
INXS,2,Never Tear Us Apart,59,INXS Remastered,2011
INXS,3,Mystify,49,Kick 30,1987
INXS,4,New Sensation,44,INXS Remastered,2011
INXS,5,The One Thing,26,The Best Of INXS,2002
Ice Cube,1,It Was A Good Day,74,The Predator,1992
Ice Cube,2,You Know How We Do It - Remastered,70,Lethal Injection,1993
Ice Cube,3,Check Yo Self - Remix,69,Bootlegs And B-Sides,1994
Ice Cube,4,No Vaseline,66,Death Certificate (25th Anniversary Edition),2017
Ice Cube,5,Why We Thugs,62,"Laugh Now, Cry Later",2006
Iggy Pop,1,Real Wild Child (Wild One),60,Blah-Blah-Blah,1986
Iggy Pop,2,Loves Missing,51,Free,2019
Iggy Pop,3,The Passenger,45,Lust For Life,1977
Iggy Pop,4,Break Into Your Heart,38,Post Pop Depression,2016
Iggy Pop,5,Lust For Life,37,Lust For Life,1977
Imagine Dragons,1,Believer,88,Evolve,2017
Imagine Dragons,2,Thunder,85,Evolve,2017
Imagine Dragons,3,Bad Liar,83,Origins (Deluxe),2018
Imagine Dragons,4,Whatever It Takes,81,Evolve,2017
Imagine Dragons,5,Radioactive,78,Night Visions,2012
In This Moment,1,Adrenalize,59,Blood,2012
In This Moment,2,Blood,1,Blood,2012
In This Moment,3,Whore,1,Blood,2012
In This Moment,4,Adrenalize,0,Blood,2012
In This Moment,5,Adrenalize,0,Blood (Re-Issue + Bonus),2013
Incubus,1,Drive,74,Make Yourself,1999
Incubus,2,Pardon Me,67,Make Yourself,1999
Incubus,3,Stellar,59,Make Yourself,1999
Incubus,4,Nice to Know You,58,Morning View,2001
Incubus,5,Megalomaniac,55,A Crow Left Of The Murder...,2004
India.Arie,1,Video,60,Acoustic Soul,2001
India.Arie,2,Brown Skin,53,Acoustic Soul,2001
India.Arie,3,Favorite Time Of Year,51,Christmas With Friends,2015
India.Arie,4,Get It Together,48,Voyage To India - Special Edition,2002
India.Arie,5,The Truth,46,Voyage To India - Special Edition,2002
Interpol,1,Rest My Chemistry,65,Our Love To Admire,2007
Interpol,2,The Rover,58,Marauder,2018
Interpol,3,Obstacle 1,51,Turn On The Bright Lights,2002
Interpol,4,All the Rage Back Home,50,El Pintor,2014
Interpol,5,Evil,47,Antics: The Special Edition,2005
Iron Maiden,1,Fear Of The Dark - 1998 Remastered Version,55,Ed Hunter,1999
Iron Maiden,2,Run to the Hills - 1998 Remaster,48,Somewhere Back in Time (The Best of 1980 - 1989),2008
Iron Maiden,3,The Trooper - 1998 Remaster,45,Somewhere Back in Time (The Best of 1980 - 1989),2008
Iron Maiden,4,Run to the Hills - 1998 Remastered Version,16,The Number Of The Beast (1998 Remastered Edition),1982
Iron Maiden,5,The Number Of The Beast - 1998 Remastered Version,12,The Number Of The Beast (1998 Remastered Edition),1982
Ivy Queen,1,La Vida Es Así,56,Drama Queen (Deluxe Version),2010
Ivy Queen,2,Yo Quiero Bailar,56,Rompe La Discoteca,2009
Ivy Queen,3,Quiero Saber,55,DIVA- Platinum Edition,2004
Ivy Queen,4,La Roca,50,La Roca,2019
Ivy Queen,5,Quiero Bailar,49,e5,2006
J Alvarez,1,Junto Al Amanecer,60,El Movimiento: The Mixtape,2010
J Alvarez,2,Me da Lo Mismo,60,Me da Lo Mismo,2019
J Alvarez,3,Regalame Una Noche,59,El Movimiento: The Mixtape,2010
J Alvarez,4,Sentimientos Escondidos - Remix,57,La Fama Que Camina Extended Play,2019
J Alvarez,5,Una Locura,54,"La Fama Que Camina, Vol. 2",2019
J Balvin,1,LA CANCIÓN,91,OASIS,2019
J Balvin,2,Blanco,88,Blanco,2019
J Balvin,3,QUE PRETENDES,86,OASIS,2019
J Balvin,4,Morado,82,Morado,2020
J Balvin,5,UN PESO,79,OASIS,2019
J. Cole,1,MIDDLE CHILD,86,MIDDLE CHILD,2019
J. Cole,2,No Role Modelz,82,2014 Forest Hills Drive,2014
J. Cole,3,Wet Dreamz,78,2014 Forest Hills Drive,2014
J. Cole,4,Deja Vu,70,4 Your Eyez Only,2016
J. Cole,5,Apparently,69,2014 Forest Hills Drive,2014
JAY-Z,1,Ni**as In Paris,77,Watch The Throne (Deluxe),2011
JAY-Z,2,No Church In The Wild,70,Watch The Throne (Deluxe),2011
JAY-Z,3,Hard Knock Life (Ghetto Anthem),66,Vol.2 ... Hard Knock Life,1998
JAY-Z,4,99 Problems,60,The Black Album,2003
JAY-Z,5,Can I Get A...,58,Vol.2 ... Hard Knock Life,1998
JETFIRE,1,Cathedral,45,Cathedral,2019
JETFIRE,2,MAD,43,MAD,2019
JETFIRE,3,I Can't Get No,42,I Can't Get No,2019
JETFIRE,4,Danger Zone,30,Danger Zone,2019
JETFIRE,5,Placebo,30,Placebo,2018
JP Cooper,1,Birthday,55,Fifty Shades Darker (Original Motion Picture Soundtrack),2017
JP Cooper,2,Ex-Factor - BBC Live Session,52,Covers - EP,2018
JP Cooper,3,Sing It With Me - Embody Remix,50,Sing It With Me (Embody Remix),2019
JP Cooper,4,September Song - Indian Summer Mix,39,September Song (Remixes),2017
JP Cooper,5,September Song,22,September Song,2016
Ja Rule,1,Always On Time,72,Pain Is Love,2001
Ja Rule,2,Mesmerize,64,The Last Temptation,2002
Ja Rule,3,Put It On Me,64,Rule 3:36,2000
Ja Rule,4,Mesmerize,61,The Last Temptation,2002
Ja Rule,5,Murder Reigns,51,The Last Temptation,2002
Jack Ü,1,Where Are Ü Now (with Justin Bieber),76,Skrillex and Diplo present Jack Ü,2015
Jack Ü,2,Mind (feat. Kai),65,Skrillex and Diplo present Jack Ü,2015
Jack Ü,3,To Ü (feat. AlunaGeorge),63,Skrillex and Diplo present Jack Ü,2015
Jack Ü,4,Take Ü There (feat. Kiesza),61,Skrillex and Diplo present Jack Ü,2015
Jack Ü,5,Febreze (feat. 2 Chainz),57,Skrillex and Diplo present Jack Ü,2015
Jackson Browne,1,Doctor My Eyes,66,Jackson Browne (Saturate Before Using),1972
Jackson Browne,2,Running on Empty - 45 Version,64,Running On Empty / Nothing But Time [Digital 45],1978
Jackson Browne,3,The Pretender,56,The Pretender,1977
Jackson Browne,4,Fountain of Sorrow - 2014 Remaster,45,Late For The Sky,1974
Jackson Browne,5,Running on Empty,33,Running on Empty,1977
Jacob Banks,1,Unknown (To You),62,Village,2018
Jacob Banks,2,Slow Up,55,Village,2018
Jacob Banks,3,You Might Find Me,47,Creed II (Score & Music from the Original Motion Picture),2018
Jacob Banks,4,Photograph,40,The Boy Who Cried Freedom,2017
Jacob Banks,5,Chainsmoking,3,The Boy Who Cried Freedom,2017
Jacquees,1,Who's,69,Who's,2019
Jacquees,2,At The Club,66,At The Club,2017
Jacquees,3,Out Of The Ordinary,55,King of R&B,2019
Jacquees,4,"Verify (feat. Young Thug, Gunna)",50,Verify,2019
Jacquees,5,Your Peace (feat. Lil Baby),48,Your Peace,2019
Jaheim,1,Put That Woman First,57,Still Ghetto,2002
Jaheim,2,Just in Case,50,Ghetto Love,2001
Jaheim,3,Put That Woman First,37,Still Ghetto,2002
Jaheim,4,Me and My B*tch,36,Still Ghetto,2002
Jaheim,5,Anything (feat. Next),21,Classic Jaheim Vol. 1 (Explicit Version),2008
Jamaika,1,Dobbelt (feat. Dayzon),59,Dedikeret,2020
Jamaika,2,Holdet (feat. NODE),58,Holdet (feat. NODE),2019
Jamaika,3,Protokol,56,Protokol,2019
Jamaika,4,Bandolero,55,Dedikeret,2020
Jamaika,5,Ufødte,55,Ufødte,2019
James Arthur,1,Say You Won't Let Go,85,Back from the Edge,2016
James Arthur,2,Falling Like The Stars,79,Falling Like The Stars,2019
James Arthur,3,Can I Be Him,78,Back from the Edge,2016
James Arthur,4,Impossible,76,James Arthur (Deluxe),2013
James Arthur,5,Naked,76,Naked,2017
James Blake,1,Retrograde,67,Overgrown,2013
James Blake,2,Barefoot In The Park (feat. ROSALÍA),66,Assume Form,2019
James Blake,3,Don't Miss It,55,Assume Form,2019
James Blake,4,Lullaby For My Insomniac,45,Assume Form,2019
James Blake,5,200 Press,36,200 Press EP,2014
James Blunt,1,You're Beautiful,76,Back to Bedlam,2005
James Blunt,2,Cold,68,Cold,2019
James Blunt,3,Carry You Home,61,All The Lost Souls,2007
James Blunt,4,1973 - Acoustic,56,All The Lost Souls,2007
James Blunt,5,High,56,Back to Bedlam,2005
James Brown,1,Try Me,56,20 All-Time Greatest Hits!,1991
James Brown,2,"Living in America - From ""Rocky IV"" Soundtrack",55,Rocky IV,1985
James Brown,3,Get Up Offa That Thing,53,20 All-Time Greatest Hits!,1991
James Brown,4,"It's A Man's, Man's, Man's World",51,20 All-Time Greatest Hits!,1991
James Brown,5,Santa Claus Go Straight To The Ghetto,4,The Complete James Brown Christmas,2010
James Carter,1,Lucky Ones,55,Lucky Ones,2019
James Carter,2,Lose It All,52,Lose It All,2019
James Carter,3,Something About You,52,Something About You,2019
James Carter,4,Capsized,51,Capsized,2020
James Carter,5,Heart Never Broke,49,Heart Never Broke,2019
Jamie Berry,1,Delight - Original Mix,54,Delight,2012
Jamie Berry,2,Lost In The Rhythm - Original Mix,54,Lost In The Rhythm,2016
Jamie Berry,3,Peeping Tom - Original Mix,53,Peeping Tom,2014
Jamie Berry,4,Sinister Piffle,39,Frenzy,2017
Jamie Berry,5,Light up the Night,17,Light up the Night,2019
Jamie Jones,1,I'm So Glad,0,Jamie Jones,2005
Jamie Jones,2,Love U Show,0,Jamie Jones,2005
Jamie Jones,3,So I,0,Jamie Jones,2005
Jamie Jones,4,Summer Dayz,0,Jamie Jones,2005
Jamie Jones,5,Thank U,0,Jamie Jones,2005
Jamiroquai,1,Falling,45,Synkronized,1999
Jamiroquai,2,Virtual Insanity - Remastered,13,High Times - The Singles 1992 - 2006,2006
Jamiroquai,3,You Give Me Something,9,A Funk Odyssey,2001
Jamiroquai,4,Everyday - Remastered,5,Travelling Without Moving,1996
Jamiroquai,5,Everyday,0,Travelling Without Moving,1996
Janelle Monáe,1,Tightrope (feat. Big Boi) - Big Boi Vocal Edit,56,The ArchAndroid,2010
Janelle Monáe,2,Yoga,55,Yoga,2015
Janelle Monáe,3,Q.U.E.E.N.,54,The Electric Lady,2013
Janelle Monáe,4,Primetime,53,The Electric Lady,2013
Janelle Monáe,5,Make Me Feel,52,Make Me Feel,2018
Janet Jackson,1,Together Again,67,The Velvet Rope,1997
Janet Jackson,2,That's The Way Love Goes,65,Janet,1993
Janet Jackson,3,Got 'Til It's Gone,63,The Velvet Rope,1997
Janet Jackson,4,"Any Time, Any Place",58,Janet,1993
Janet Jackson,5,I Get Lonely,56,The Velvet Rope,1997
Jason Derulo,1,Swalla (feat. Nicki Minaj & Ty Dolla $ign),76,Swalla (feat. Nicki Minaj & Ty Dolla $ign),2017
Jason Derulo,2,Want to Want Me,76,Everything Is 4,2015
Jason Derulo,3,Goodbye (feat. Nicki Minaj & Willy William),71,Goodbye (feat. Nicki Minaj & Willy William),2018
Jason Derulo,4,It Girl,71,Future History (Deluxe Edition),2011
Jason Derulo,5,Whatcha Say,71,Jason Derulo (International),2010
Javiera Mena,1,Dentro de ti,40,Espejo,2018
Javiera Mena,2,Intuición (feat. Li Saumet),37,Espejo,2018
Javiera Mena,3,Espejo,35,Espejo,2018
Javiera Mena,4,Alma,31,Espejo,2018
Javiera Mena,5,Escalera,27,Espejo,2018
Jax Jones,1,All Day And Night,75,Snacks,2019
Jax Jones,2,Breathe (feat. Ina Wroldsen),66,Snacks,2019
Jax Jones,3,Breathe,65,Breathe,2017
Jax Jones,4,Play,65,Play,2018
Jax Jones,5,Ring Ring (feat. Mabel & Rich The Kid),63,Ring Ring,2018
Jay Hardway,1,EDM Bubble,59,EDM Bubble,2018
Jay Hardway,2,Electric Elephants,51,Electric Elephants,2015
Jay Hardway,3,Exhale,45,Exhale,2019
Jay Hardway,4,Lost,43,Lost,2019
Jay Hardway,5,Aliens,41,Aliens,2019
Jay Sean,1,Down,76,All Or Nothing,2009
Jay Sean,2,Do You Remember,67,All Or Nothing,2009
Jay Sean,3,Ride It,51,All Or Nothing,2009
Jay Sean,4,War,48,All Or Nothing,2009
Jay Sean,5,Love Like This (Eternity),33,All Or Nothing,2009
Jazzinuf,1,Moonlight Bossa,53,Lapis Lazuli,2019
Jazzinuf,2,Soul Mates,52,Soul Mates,2020
Jazzinuf,3,Caffè Mocha,44,Dazzle,2018
Jazzinuf,4,Moon and Tonic,44,Audio Bartending,2018
Jazzinuf,5,Coconut Airline,42,Audio Bartending,2018
Jean Juan,1,Reflections,42,Reflections,2019
Jean Juan,2,Don't Forget Me,40,Don't Forget Me,2019
Jean Juan,3,Only Me,39,Only Me,2019
Jean Juan,4,Little Black Dress,33,Little Black Dress,2019
Jean Juan,5,Reflections (UOAK Remix),30,Reflections (UOAK Remix),2020
Jeezy,1,Put On,68,The Recession,2008
Jeezy,2,Soul Survivor,64,Let's Get It: Thug Motivation 101,2005
Jeezy,3,I Luv It,55,The Inspiration,2006
Jeezy,4,Go Getta,50,The Inspiration,2006
Jeezy,5,Go Crazy (Remix),49,Let's Get It: Thug Motivation 101,2005
Jelly Roll,1,Fall in the Fall,61,Waylon & Willie 2,2018
Jelly Roll,2,Only,59,Addiction Kills,2017
Jelly Roll,3,Same Asshole,58,Crosses and Crossroads,2019
Jelly Roll,4,Train Tracks (feat. Struggle),56,Sobriety Sucks,2016
Jelly Roll,5,California,54,Sobriety Sucks,2016
Jenil,1,Beat Like A Drum,36,Beat Like A Drum,2019
Jenil,2,Sinulog Anthem - Original Mix,36,Sinulog Anthem,2017
Jenil,3,Feel Alive - Radio Mix,34,Feel Alive,2019
Jenil,4,Ambak,28,Ambak,2019
Jenil,5,Pintados,20,Pintados,2019
Jennifer Lopez,1,On The Floor - Radio Edit,74,On The Floor,2011
Jennifer Lopez,2,Ain't Your Mama,71,Ain't Your Mama,2016
Jennifer Lopez,3,Baila Conmigo,68,Baila Conmigo,2019
Jennifer Lopez,4,On The Floor,68,Love?,2011
Jennifer Lopez,5,El Anillo,65,El Anillo,2018
Jess Glynne,1,One Touch,70,Always in Between (Deluxe),2018
Jess Glynne,2,Thursday - Nicky Romero Remix,52,Thursday (Nicky Romero Remix),2018
Jess Glynne,3,No One - Jonas Blue Remix,51,No One (Jonas Blue Remix),2019
Jess Glynne,4,Right Here,50,Right Here,2014
Jess Glynne,5,One Touch (with ‪Jess Glynne),16,Snacks (Supersize),2019
Jesse & Joy,1,Tanto,78,Tanto,2019
Jesse & Joy,2,Mañana Es Too Late,74,Mañana Es Too Late,2019
Jesse & Joy,3,Te Esperé,73,Te Esperé,2018
Jesse & Joy,4,3 A.M.,71,3 A.M.,2017
Jesse & Joy,5,Dueles,71,Un Besito Más,2015
Jessie J,1,Bang Bang,78,Sweet Talker (Deluxe Version),2014
Jessie J,2,"Flashlight - From ""Pitch Perfect 2"" Soundtrack",72,"Flashlight (From ""Pitch Perfect 2"" Soundtrack)",2015
Jessie J,3,Price Tag,70,Who You Are (Platinum Edition),2011
Jessie J,4,Domino,69,Who You Are (Platinum Edition),2011
Jessie J,5,"Flashlight - From ""Pitch Perfect 2"" Soundtrack",63,Pitch Perfect 2 - Special Edition (Original Motion Picture Soundtrack),2015
Jessie Reyez,1,Imported (with 6LACK),74,Imported (with 6LACK),2019
Jessie Reyez,2,FIGURES,71,Kiddo,2017
Jessie Reyez,3,"Figures, a Reprise",63,"Figures, a Reprise",2018
Jessie Reyez,4,Shutter Island,63,Kiddo,2017
Jessie Reyez,5,Body Count (feat. Normani & Kehlani) - Remix,0,Body Count (feat. Normani & Kehlani) [Remix],2018
Jhay Cortez,1,No Me Conoce - Remix,86,Famouz,2019
Jhay Cortez,2,No Me Conoce - Remix,84,No Me Conoce (Remix),2019
Jhay Cortez,3,Easy - Remix,81,Easy (Remix),2019
Jhay Cortez,4,Imaginaste - Remix,78,Imaginaste (Remix),2019
Jhay Cortez,5,Subiendo De Nivel,58,Famouz,2019
Jhené Aiko,1,None Of Your Concern,76,None Of Your Concern,2019
Jhené Aiko,2,Sativa,74,Trip,2017
Jhené Aiko,3,Comfort Inn Ending (Freestyle),57,Sail Out,2013
Jhené Aiko,4,Hello Ego,55,Hello Ego,2017
Jhené Aiko,5,Keep Ya Head Up - Recorded at Spotify Studios NYC,54,Spotify Singles,2018
Jill Scott,1,A Long Walk,54,"Who Is Jill Scott? - Words and Sounds, Vol. 1",2000
Jill Scott,2,Golden,53,Beautifully Human: Words and Sounds Vol. 2,2004
Jill Scott,3,So In Love - feat. Anthony Hamilton,53,The Light Of The Sun,2011
Jill Scott,4,He Loves Me (Lyzel in E Flat),52,"Who Is Jill Scott? - Words and Sounds, Vol. 1",2000
Jill Scott,5,Can't Wait,49,Woman,2015
Jimi Hendrix,1,All Along the Watchtower,76,Electric Ladyland,1968
Jimi Hendrix,2,Purple Haze,71,Are You Experienced,1967
Jimi Hendrix,3,Hey Joe,70,Are You Experienced,1967
Jimi Hendrix,4,All Along the Watchtower,57,Experience Hendrix: The Best Of Jimi Hendrix,1997
Jimi Hendrix,5,Mannish Boy,51,Both Sides of the Sky,2018
Jimmy Eat World,1,All The Way (Stay),48,All The Way (Stay),2019
Jimmy Eat World,2,The Middle,19,Bleed American (Deluxe Edition),2001
Jimmy Eat World,3,The Middle,13,Bleed American (Deluxe Edition),2001
Jimmy Eat World,4,Hear You Me,2,Bleed American (Deluxe Edition),2001
Jimmy Eat World,5,Bleed American,1,Bleed American (Deluxe Edition),2001
Jobii,1,Salt Lamp,61,Runoff,2019
Jobii,2,Fragile Stevie,56,Runoff,2019
Jobii,3,Scootaloo,56,Sheep Rotation,2019
Jobii,4,English Breakfast,54,English Breakfast,2018
Jobii,5,Desolate Blur,53,Berk Jam,2019
Jodeci,1,Come and Talk to Me - Remix,60,R&B Hits,2005
Jodeci,2,Freek'n You,58,"The Show, The After Party, The Hotel",1995
Jodeci,3,Forever My Lady,52,Forever My Lady,1991
Jodeci,4,Cry For You,51,Diary Of A Mad Band,1993
Jodeci,5,Get On Up,50,"The Show, The After Party, The Hotel",1995
Jody Watley,1,Looking For A New Love - Radio Edit,41,20th Century Masters: The Millennium Collection: Best Of Jody Watley,2000
Jody Watley,2,Looking For A New Love,37,Jody Watley,1987
Jody Watley,3,Some Kind Of Lover,30,Jody Watley,1987
Jody Watley,4,Everything,25,20th Century Masters: The Millennium Collection: Best Of Jody Watley,2000
Jody Watley,5,Don't You Want Me,16,20th Century Masters: The Millennium Collection: Best Of Jody Watley,2000
Joe,1,I Wanna Know,64,My Name Is Joe,2000
Joe,2,All The Things (Your Man Won't Do),59,All That I Am,1997
Joe,3,I Wanna Know,58,Greatest Hits,2008
Joe,4,Stutter (feat. Mystikal) - Double Take Remix,52,My Name Is Joe,2000
Joe,5,Good Girls,46,All That I Am,1997
Joey Bada$$,1,DEVASTATED,70,ALL-AMERIKKKAN BADA$$,2017
Joey Bada$$,2,ROCKABYE BABY (feat. ScHoolboy Q),55,ALL-AMERIKKKAN BADA$$,2017
Joey Bada$$,3,500 Benz,54,500 Benz,2017
Joey Bada$$,4,Waves,47,Waves,2012
Joey Bada$$,5,Piece of Mind,40,B4.DA.$$,2015
Joey Montana,1,Suena El Dembow,65,Suena El Dembow,2017
Joey Montana,2,Picky,64,Picky Back To The Roots,2016
Joey Montana,3,La Melodía,54,Flow Con Clase,2010
Joey Montana,4,No Te Va,53,No Te Va,2019
Joey Montana,5,Único,48,Único,2013
John Christian,1,Uno,52,Uno,2019
John Christian,2,Gunshot - Radio Edit,24,Gunshot,2013
John Christian,3,Gunshot - Original Mix,12,Gunshot,2013
John Christian,4,Let’s Get This Thing Started,0,Let’s Get This Thing Started,2019
John Christian,5,Next Level - Nicky Romero Edit,0,Next Level (Nicky Romero Edit),2014
John Dahlbäck,1,We Were Gods (feat. Urban Cone & Lucas Nord) - Radio Edit,33,We Were Gods (feat. Urban Cone & Lucas Nord) [Radio Edit],2013
John Dahlbäck,2,Honors (feat. Rebecca & Fiona) - Radio Mix,32,Honors (feat. Rebecca & Fiona) [Radio Mix],2014
John Dahlbäck,3,Walking With Shadows,23,Saga,2016
John Dahlbäck,4,Shooting Star,15,Shooting Star,2015
John Dahlbäck,5,Fireflies - Radio Edit,0,Fireflies,2014
John De Sohn,1,Forever Young,68,Forever Young,2018
John De Sohn,2,Love You Better,67,Love You Better,2019
John De Sohn,3,Happy Kids,65,Happy Kids,2018
John De Sohn,4,Hum With Me,55,Hum With Me,2017
John De Sohn,5,Faded,54,Made For You,2019
John Legend,1,All of Me,85,Love In The Future (Expanded Edition),2013
John Legend,2,Love Me Now,67,DARKNESS AND LIGHT,2016
John Legend,3,Preach,67,Preach,2019
John Legend,4,All of Me (Tiësto's Birthday Treatment Remix) - Radio Edit,64,All of Me (Tiësto's Birthday Treatment Remix) [Radio Edit],2014
John Legend,5,Tonight (Best You Ever Had),63,Think Like A Man - Music From & Inspired By The Film,2012
John Lennon,1,Jealous Guy - Remastered 2010,66,Imagine,1971
John Lennon,2,Stand By Me - Remastered,65,Rock 'N' Roll,1975
John Lennon,3,Mind Games - Remastered 2010,59,Mind Games,1973
John Lennon,4,God - Remastered 2010,53,Plastic Ono Band,1970
John Lennon,5,Mother - Remastered 2010,53,Plastic Ono Band,1970
John Mayer,1,New Light,80,New Light,2018
John Mayer,2,Your Body Is a Wonderland,77,Room For Squares,2001
John Mayer,3,"Free Fallin' - Live at the Nokia Theatre, Los Angeles, CA - December 2007",74,Where the Light Is: John Mayer Live In Los Angeles,2008
John Mayer,4,Gravity,74,Continuum,2006
John Mayer,5,Waiting On the World to Change,74,Continuum,2006
John Mellencamp,1,Jack & Diane,73,American Fool,1982
John Mellencamp,2,Hurts So Good,69,American Fool,1982
John Mellencamp,3,I Need A Lover,26,The Best That I Could Do 1978 - 1988,1997
John Mellencamp,4,Jack & Diane,7,Words & Music: John Mellencamp's Greatest Hits,2004
John Mellencamp,5,Small Town,3,Words & Music: John Mellencamp's Greatest Hits,2004
Johnnie Taylor,1,Last Two Dollars,42,Good Love!,1997
Johnnie Taylor,2,Soul Heaven,40,Gotta Get the Groove Back,1999
Johnnie Taylor,3,I Believe In You (You Believe In Me),38,Taylored In Silk (Remastered),1973
Johnnie Taylor,4,Sending You A Kiss,37,Good Love!,1997
Johnnie Taylor,5,Running Out Of Lies,36,Super Hits,1976
Johnny Gill,1,"My, My, My",54,Johnny Gill,1990
Johnny Gill,2,Rub You The Right Way,46,Johnny Gill,1990
Johnny Gill,3,Rub You The Right Way,35,Johnny Gill,1990
Johnny Gill,4,Fairweather Friend,32,Johnny Gill,1990
Johnny Gill,5,Rub You The Right Way - Radio Edit,29,Ultimate Collection: Johnny Gill,2002
Johnny O.,1,Fantasy Girl,47,Johnny O (Deluxe Edition),2011
Johnny O.,2,Highways Of Love,24,Johnny O (Deluxe Edition),2011
Johnny O.,3,Highways Of Love,6,Micmac Original 12 Inch Club Versions volume 1,2011
Johnny O.,4,Don't Go Away,0,ALL THE HITS,2005
Johnny O.,5,Dream Boy / Dream Girl,0,ALL THE HITS,2005
Jon Z,1,Si Me Gano Un Grammy,73,Si Me Gano Un Grammy,2019
Jon Z,2,"0 Sentimientos (Remix) [feat. Noriel, Darkiel, Lyan, Messiah & Baby Rasta]",68,"0 Sentimientos (Remix) [feat. Noriel, Darkiel, Lyan, Messiah & Baby Rasta]",2016
Jon Z,3,Por Contarle Los Secretos,67,Por Contarle Los Secretos,2019
Jon Z,4,DESPUES QUE TE PERDI,65,DESPUES QUE TE PERDI,2019
Jon Z,5,Nunca Me Amo,64,Nunca Me Amo,2017
Jonas Blue,1,What I Like About You (feat. Theresa Rex),81,What I Like About You (feat. Theresa Rex),2019
Jonas Blue,2,Perfect Strangers,76,Blue,2018
Jonas Blue,3,Rise,76,Rise,2018
Jonas Blue,4,Younger,76,Younger,2019
Jonas Blue,5,Polaroid,75,Polaroid,2018
Jonas Brothers,1,Sucker,87,Happiness Begins,2019
Jonas Brothers,2,Only Human,86,Happiness Begins,2019
Jonas Brothers,3,Cool,76,Happiness Begins,2019
Jonas Brothers,4,What A Man Gotta Do,73,What A Man Gotta Do,2020
Jonas Brothers,5,Burnin' Up,71,A Little Bit Longer,2008
Jonny Joel,1,Tide,34,Happy Weekend,2019
Jonny Joel,2,More Love,28,Happy Weekend,2019
Jonny Joel,3,How Is That,27,Deep Down,2019
Jonny Joel,4,Twosteps,19,Twosteps,2020
Jonny Joel,5,Yesterday,13,Deep Down,2019
Jordan Rakei,1,My Time,43,Franklin's Room,2013
Jordan Rakei,2,Midnight Mischief,39,Cloak,2016
Jordan Rakei,3,Snitch,37,Cloak,2016
Jordan Rakei,4,The Light,24,The Light,2015
Jordan Rakei,5,Add the Bassline,13,Groove Curse,2014
Jorja Smith,1,Be Honest (feat. Burna Boy),80,Be Honest (feat. Burna Boy),2019
Jorja Smith,2,Blue Lights,71,Lost & Found,2018
Jorja Smith,3,Don't Watch Me Cry,69,Lost & Found,2018
Jorja Smith,4,Goodbyes,67,Lost & Found,2018
Jorja Smith,5,Teenage Fantasy,65,Lost & Found,2018
Jory Boy,1,No Te Hagas,67,No Te Hagas,2017
Jory Boy,2,Mala Suerte - Remix,54,Mala Suerte (Remix) [feat. Ken-Y],2019
Jory Boy,3,Besame (Remix) [feat. Rakim Y Ken Y & Nova La Amenaza],49,Greatest Hits,2014
Jory Boy,4,De Ti Depende (feat. Plan B),41,Greatest Hits,2014
Jory Boy,5,Matador (feat. Ñengo Flow),39,Greatest Hits,2014
Joss Stone,1,Fell In Love With A Boy,47,The Soul Sessions,2003
Joss Stone,2,Some Kind Of Wonderful,41,The Soul Sessions,2003
Joss Stone,3,Bruised But Not Broken,36,The Best Of Joss Stone 2003 - 2009,2011
Joss Stone,4,This Ain't Love,33,Water for Your Soul,2015
Joss Stone,5,Cut the Line,25,Water for Your Soul,2015
Jotdog,1,Turista del Amor,1,Turista del Amor,2012
Jotdog,2,El Beso,0,Jotdog,2009
Jotdog,3,Hasta Contar a Mil,0,Jotdog,2009
Jotdog,4,Las Pequeñas Cosas,0,Jotdog,2009
Jotdog,5,Perdóname,0,Turista del Amor,2012
Journey,1,Don't Stop Believin',80,Escape,1981
Journey,2,Don't Stop Believin',74,The Essential Journey,2001
Journey,3,Any Way You Want It,71,Departure,1980
Journey,4,Open Arms,69,Escape,1981
Journey,5,Faithfully,67,Frontiers,1983
Jovem Dex,1,Porsche,65,Porsche,2019
Jovem Dex,2,Money,64,Money,2019
Jovem Dex,3,Rockstar,64,Rockstar,2019
Jovem Dex,4,Tango,64,Tango,2019
Jovem Dex,5,Tipo uma Glock,61,Tipo uma Glock,2019
Joy Division,1,Love Will Tear Us Apart,71,The Best Of,2008
Joy Division,2,Disorder - 2007 Remaster,68,Unknown Pleasures,1979
Joy Division,3,Love Will Tear Us Apart - 2010 Remaster,64,Substance,2010
Joy Division,4,Shadowplay - 2007 Remaster,59,Unknown Pleasures,1979
Joy Division,5,Isolation - 2007 Remaster,52,Closer,1980
Juan Luis Guerra 4.40,1,La Bilirrubina - En Vivo Estadio Olímpico De República Dominicana/2012,66,Asondeguerra Tour (En Vivo Estadio Olímpico De República Dominicana/2012),2013
Juan Luis Guerra 4.40,2,Kitipun,60,Kitipun,2019
Juan Luis Guerra 4.40,3,El Niágra En Bicicleta - En Vivo Estadio Olímpico De República Dominicana/2012,58,Asondeguerra Tour (En Vivo Estadio Olímpico De República Dominicana/2012),2013
Juan Luis Guerra 4.40,4,A Pedir Su Mano,54,Bachata Rosa,2019
Juan Luis Guerra 4.40,5,Kitipun,54,Literal,2019
Juan Magán,1,Sobrenatural,65,4.0,2019
Juan Magán,2,Verano Azul,63,Verano Azul,2009
Juan Magán,3,Muñequita Linda,61,Muñequita Linda,2018
Juan Magán,4,Bailando por Ahi,56,The King Of Dance,2012
Juan Magán,5,Ahora Me Toca,51,4.0,2019
Juanes,1,Bonita,78,Bonita,2019
Juanes,2,Tequila,77,Más Futuro Que Pasado,2019
Juanes,3,Es Por Tí,72,Un Día Normal,2002
Juanes,4,La Plata (feat. Lalo Ebratt),68,La Plata,2019
Juanes,5,Fotografía,67,Un Día Normal,2002
Judas Priest,1,Breaking the Law,69,British Steel,1980
Judas Priest,2,You've Got Another Thing Coming,64,Screaming For Vengeance Special 30th Anniversary Edition,1982
Judas Priest,3,Living After Midnight,63,British Steel,1980
Judas Priest,4,Beyond the Realms of Death,53,Stained Class,1978
Judas Priest,5,Starbreaker,32,Sin After Sin,1977
Juice WRLD,1,Bandit (with YoungBoy Never Broke Again),92,Bandit (with YoungBoy Never Broke Again),2019
Juice WRLD,2,Lucid Dreams,92,Goodbye & Good Riddance,2018
Juice WRLD,3,Robbery,88,Death Race For Love,2019
Juice WRLD,4,All Girls Are The Same,86,Goodbye & Good Riddance,2018
Juice WRLD,5,Let Me Know (I Wonder Why Freestyle),84,Let Me Know (I Wonder Why Freestyle),2019
Julia Michaels,1,What A Time (feat. Niall Horan),78,Inner Monologue Part 1,2019
Julia Michaels,2,Falling For Boys,67,Inner Monologue Part 2,2019
Julia Michaels,3,Jump (with Trippie Redd),67,Jump (with Trippie Redd),2018
Julia Michaels,4,Issues - Alan Walker Remix,64,Issues (Alan Walker Remix),2017
Julia Michaels,5,Issues - Alan Walker Remix,5,Issues (Alan Walker Remix),2017
Julian Calor,1,Typhoon - Original Mix,27,Typhoon/Storm,2014
Julian Calor,2,Love's Not Fading,24,Love's Not Fading,2018
Julian Calor,3,To The Core - Album Edit,18,Evolve,2015
Julian Calor,4,Evolve - Original Mix,13,Evolve,2015
Julian Calor,5,Cell - Album Edit,12,Evolve,2015
Julian Jordan,1,Next Level,59,Next Level,2019
Julian Jordan,2,Oldskool,50,Oldskool,2019
Julian Jordan,3,Bassline,48,Bassline,2019
Julian Jordan,4,Never Tired Of You,46,Never Tired Of You,2018
Julian Jordan,5,Backfire,37,Backfire,2019
Julieta Venegas,1,Andar Conmigo,69,Si,2003
Julieta Venegas,2,Lento,66,Si,2003
Julieta Venegas,3,Mis Muertos,51,La Enamorada,2019
Julieta Venegas,4,Algo Está Cambiando,34,Realmente Lo Mejor,2007
Julieta Venegas,5,Eres para Mí (with Anita Tijoux),0,Limon Y Sal,2006
Jungle,1,"Heavy, California",62,For Ever,2018
Jungle,2,Time,56,Jungle,2014
Jungle,3,Busy Earnin',53,Jungle,2014
Jungle,4,Happy Man,52,Happy Man,2018
Jungle,5,Julia,52,Jungle,2014
Junko Ohashi,1,Sweet Love,47,THE BEST SONGS of JUNKO OHASHI,1998
Junko Ohashi,2,男と女,40,THE BEST SONGS of JUNKO OHASHI,1998
Junko Ohashi,3,シンプル・ラブ,37,ネオ・ヒストリー,1993
Junko Ohashi,4,たそがれマイ・ラブ,36,ゴールデン☆ベスト 大橋純子 シングルス,2003
Junko Ohashi,5,Celebration,30,THE BEST SONGS of JUNKO OHASHI,1998
Justin Bieber,1,Yummy,95,Yummy,2020
Justin Bieber,2,Mistletoe,84,Under The Mistletoe (Deluxe Edition),2011
Justin Bieber,3,Love Yourself,83,Purpose (Deluxe),2015
Justin Bieber,4,Sorry,81,Purpose (Deluxe),2015
Justin Bieber,5,What Do You Mean?,78,Purpose (Deluxe),2015
Justin Prime,1,Earthquake,40,Earthquake,2019
Justin Prime,2,Dominate,30,Dominate,2019
Justin Prime,3,Can't Stop It,29,Can't Stop It,2019
Justin Prime,4,Old School,28,Old School,2019
Justin Prime,5,Boom!,26,Boom!,2019
Justin Quiles,1,"DJ No Pare (feat. Zion, Dalex, Lenny Tavárez) - Remix",86,"DJ No Pare (feat. Zion, Dalex, Lenny Tavárez) [Remix]",2019
Justin Quiles,2,Que Mas Pues - Remix,83,Sueños,2019
Justin Quiles,3,Si ella quisiera,62,La Promesa,2017
Justin Quiles,4,Si Tú,55,Si Tú,2018
Justin Quiles,5,No Quiero Amarte (feat. Zion & Lennox),10,No Quiero Amarte (feat. Zion & Lennox),2018
Justin Timberlake,1,"CAN'T STOP THE FEELING! (Original Song from DreamWorks Animation's ""TROLLS"")",78,"CAN'T STOP THE FEELING! (Original Song from DreamWorks Animation's ""TROLLS"")",2016
Justin Timberlake,2,Mirrors,77,The 20/20 Experience (Deluxe Version),2013
Justin Timberlake,3,"CAN'T STOP THE FEELING! (Original Song from DreamWorks Animation's ""TROLLS"")",74,TROLLS (Original Motion Picture Soundtrack),2016
Justin Timberlake,4,Cry Me a River,74,Justified,2002
Justin Timberlake,5,My Love (feat. T.I.),70,FutureSex/LoveSounds Deluxe Edition,2006
Juvenile,1,Back That Azz Up,65,400 Degreez,1998
Juvenile,2,Slow Motion,62,Juve The Great,2003
Juvenile,3,Back That Azz Up,59,Greatest Hits,2004
Juvenile,4,Rodeo,48,Reality Check,2006
Juvenile,5,Ha,47,400 Degreez,1998
K-391,1,Play,78,Play,2019
K-391,2,Ignite (feat. SEUNGRI),66,Ignite (feat. SEUNGRI),2018
K-391,3,"Play - B2A, Anklebreaker & Tungevaag Remix",48,"Play (Remixes, Vol. 1)",2019
K-391,4,Ignite (feat. SEUNGRI) - Ahrix Remix,41,Ignite (feat. SEUNGRI) [Remixes],2018
K-391,5,Ignite (feat. SEUNGRI) - Different Heaven Remix,31,Ignite (feat. SEUNGRI) [Remixes],2018
KAAZE,1,I Should Have Walked Away,63,I Should Have Walked Away,2019
KAAZE,2,Take Me Home,53,Take Me Home,2019
KAAZE,3,Wolves,52,Wolves,2020
KAAZE,4,People Are Strange - Festival Mix,51,People Are Strange (Incl. Festival Mix),2019
KAAZE,5,Better Than This,47,Better Than This,2019
KAROL G,1,Tusa,98,Tusa,2019
KAROL G,2,Ocean,78,OCEAN,2019
KAROL G,3,Créeme,75,Créeme,2018
KAROL G,4,Créeme,73,OCEAN,2019
KAROL G,5,Culpables,73,Culpables,2018
KAYTRANADA,1,10%,70,BUBBA,2019
KAYTRANADA,2,The Worst In Me,67,BUBBA,2019
KAYTRANADA,3,YOU'RE THE ONE,66,99.9%,2016
KAYTRANADA,4,10%,64,10%,2019
KAYTRANADA,5,GLOWED UP,64,99.9%,2016
KISS,1,I Was Made For Lovin' You,78,Dynasty,1979
KISS,2,Rock And Roll All Nite,75,Dressed To Kill,1975
KISS,3,Detroit Rock City,68,Double Platinum,1978
KISS,4,Heaven's On Fire,65,Animalize,1984
KISS,5,Lick It Up,63,Lick It Up,1983
KSHMR,1,My Best Life (feat. Mike Waters) - Club Mix,66,My Best Life (feat. Mike Waters) [Club Mix],2019
KSHMR,2,No Regrets (feat. Krewella),66,No Regrets (feat. Krewella),2019
KSHMR,3,Carry Me Home (feat. Jake Reese),64,Carry Me Home (feat. Jake Reese),2018
KSHMR,4,Do Bad Well (feat. Nevve),62,Do Bad Well (feat. Nevve),2019
KSHMR,5,Neverland,62,Neverland,2018
Kaan Pars,1,Out of My Head,48,Out of My Head,2018
Kaan Pars,2,Killa,47,Killa,2018
Kaan Pars,3,Sweet Dreams (Are Made of This),47,Sweet Dreams (Are Made of This),2019
Kaan Pars,4,Inspiration,41,Inspiration,2018
Kaan Pars,5,Flow (Original Mix),38,Flow (Original Mix),2018
Kali Uchis,1,"After The Storm (feat. Tyler, The Creator & Bootsy Collins)",71,Isolation,2018
Kali Uchis,2,Dead To Me,70,Isolation,2018
Kali Uchis,3,Solita,69,Solita,2019
Kali Uchis,4,Just A Stranger (feat. Steve Lacy),66,Isolation,2018
Kali Uchis,5,Loner,62,Por Vida,2015
Kansas,1,Dust in the Wind,77,Point Of Know Return,1977
Kansas,2,Carry on Wayward Son,74,Leftoverture,1976
Kansas,3,Carry on Wayward Son,63,The Essential Kansas,2010
Kansas,4,Carry On Wayward Son,55,OCC ROCKS,2009
Kansas,5,Carry on Wayward Son,36,The Best Of Kansas,1984
Kanye West,1,Follow God,85,JESUS IS KING,2019
Kanye West,2,I Love It (& Lil Pump),79,I Love It,2018
Kanye West,3,All Of The Lights,75,My Beautiful Dark Twisted Fantasy,2010
Kanye West,4,Black Skinhead,75,Yeezus,2013
Kanye West,5,On God,75,JESUS IS KING,2019
Karan Aujla,1,Hint,61,Hint,2019
Karan Aujla,2,2am,58,2am,2019
Karan Aujla,3,Ink,52,Ink,2019
Karan Aujla,4,Facts,39,Facts,2019
Karan Aujla,5,Don't Look,0,Don't Look,2019
Karyn White,1,Superwoman,54,Karyn White,1988
Karyn White,2,The Way You Love Me,43,Karyn White,1988
Karyn White,3,Secret Rendezvous,38,Karyn White,1988
Karyn White,4,Romantic,35,Ritual Of Love,1991
Karyn White,5,The Way I Feel About You,29,Ritual Of Love,1991
Kaskade,1,With You,71,With You,2019
Kaskade,2,With You - LöKii Remix,57,With You - The Remixes,2019
Kaskade,3,Disarm You (feat. Ilsey),55,Automatic,2015
Kaskade,4,With You - Dexter Remix,51,With You - The Remixes,2019
Kaskade,5,Fun,50,Redux 003,2019
Kaspiyskiy Gruz,1,Табор уходит в небо,49,Сторона а сторона б,2015
Kaspiyskiy Gruz,2,Доедешь: Пиши,43,The Best of Каспийский Груз,2018
Kaspiyskiy Gruz,3,Черная Волга,41,The Брутто,2016
Kaspiyskiy Gruz,4,"Ой, мороз",29,The Best of Каспийский Груз,2018
Kaspiyskiy Gruz,5,По ресторанам,27,The Брутто,2016
Katy Perry,1,Never Really Over,85,Never Really Over,2019
Katy Perry,2,Harleys In Hawaii,78,Harleys In Hawaii,2019
Katy Perry,3,Dark Horse,77,PRISM (Deluxe),2013
Katy Perry,4,Roar,77,PRISM (Deluxe),2013
Katy Perry,5,Last Friday Night (T.G.I.F.),74,Katy Perry - Teenage Dream: The Complete Confection,2012
Keith Sweat,1,Twisted,63,Keith Sweat,1996
Keith Sweat,2,Nobody (feat. Athena Cage),62,Keith Sweat,1996
Keith Sweat,3,Make It Last Forever (with Jacci McGhee),53,Make It Last Forever,1987
Keith Sweat,4,I Want Her,51,The Best of Keith Sweat: Make You Sweat,2004
Keith Sweat,5,I'll Give All My Love to You,50,The Best of Keith Sweat: Make You Sweat,2004
Kelly Clarkson,1,Stronger (What Doesn't Kill You),73,Stronger (Deluxe Version),2011
Kelly Clarkson,2,Since U Been Gone,72,Breakaway,2004
Kelly Clarkson,3,Because of You,71,Breakaway,2004
Kelly Clarkson,4,Since U Been Gone,68,Breakaway,2004
Kelly Clarkson,5,Breakaway,64,Breakaway,2004
Ken Clayton,1,Here I Go Again on My Own,29,"Hard Rock Music: Clásicos del Rock, Baladas Heavy, Música Rock Melódico Alternativo de los Años 60's 70's 80's",2014
Ken Clayton,2,I Love Rock & Roll,24,80's Hard Rock Music Top Hits. The Greatest Best Songs 1980's,2014
Ken Clayton,3,Real Wild Child (I'm a Wild One),19,80's Hard Rock Music Top Hits. The Greatest Best Songs 1980's,2014
Ken Clayton,4,Pour Some Sugar on Me,16,80's Hard Rock Music Top Hits. The Greatest Best Songs 1980's,2014
Ken Clayton,5,I'm Not Superstitious,12,80's Hard Rock Music Top Hits. The Greatest Best Songs 1980's,2014
Kendra Morris,1,Banshee,32,Banshee,2013
Kendra Morris,2,Im Gonna Be (500 Miles),16,Mockingbird,2014
Kendra Morris,3,Concrete Waves,15,Banshee,2013
Kendra Morris,4,Shine on You Crazy Diamond,15,Mockingbird,2014
Kendra Morris,5,Pow,12,Banshee,2013
Kendrick Lamar,1,HUMBLE.,84,DAMN.,2017
Kendrick Lamar,2,LOVE. FEAT. ZACARI.,80,DAMN.,2017
Kendrick Lamar,3,All The Stars (with SZA),79,Black Panther The Album Music From And Inspired By,2018
Kendrick Lamar,4,DNA.,79,DAMN.,2017
Kendrick Lamar,5,LOYALTY. FEAT. RIHANNA.,73,DAMN.,2017
Kenny Lattimore,1,For You,51,Days Like This: The Best Of Kenny Lattimore,1996
Kenny Lattimore,2,Forever,27,Kenny Lattimore,1996
Kenny Lattimore,3,Can't Get Enough,26,Love Jones The Music,1997
Kenny Lattimore,4,Just Can't Get Over You,26,From The Soul Of Man,1998
Kenny Lattimore,5,Make Believe,23,From The Soul Of Man,1998
Kesha,1,TiK ToK,80,Animal (Expanded Edition),2010
Kesha,2,Die Young,73,Warrior (Expanded Edition),2012
Kesha,3,Raising Hell (feat. Big Freedia),72,Raising Hell (feat. Big Freedia),2019
Kesha,4,We R Who We R,71,Cannibal (Expanded Edition),2010
Kesha,5,Your Love Is My Drug,68,Animal (Expanded Edition),2010
Kevin Roldan,1,PPP,72,PPP,2018
Kevin Roldan,2,Hasta Abajo,69,Hasta Abajo,2019
Kevin Roldan,3,Mamasita,63,Mamasita,2019
Kevin Roldan,4,Nadie Como Yo,62,Volvió KR,2018
Kevin Roldan,5,Me Gustas,52,Me Gustas,2017
Kevu,1,Night At The Opera,34,Night At The Opera,2019
Kevu,2,Heaters,22,Heaters,2019
Kevu,3,Gringos,21,Gringos,2019
Kevu,4,Octagon,16,Octagon,2019
Kevu,5,Cha Cha,12,Cha Cha,2019
Khalid,1,Up All Night,87,Up All Night,2019
Khalid,2,Eleven,83,Eleven,2020
Khalid,3,Young Dumb & Broke,83,American Teen,2017
Khalid,4,Location,82,American Teen,2017
Khalid,5,Talk (feat. Disclosure),82,Free Spirit,2019
Khea,1,"Tengo 30 (feat. Duki, Cazzu, Neo Pistea & Tali Goya)",71,"Tengo 30 (feat. Duki, Cazzu, Neo Pistea & Tali Goya)",2019
Khea,2,"Loca (feat. Duki, Cazzu)",68,Loca,2017
Khea,3,Cómo Le Digo,66,Cómo Le Digo,2018
Khea,4,Ánimo (feat. Duki & Midel),66,Ánimo (feat. Duki & Midel),2019
Khea,5,Vete,64,Vete,2017
Kid 'N Play,1,Rollin' With Kid 'N Play,43,2 Hype,1988
Kid 'N Play,2,Gittin' Funky,32,2 Hype,1988
Kid 'N Play,3,Do This My Way,30,2 Hype,1988
Kid 'N Play,4,"Fun House - From ""House Party"" Soundtrack",26,House Party (Original Motion Picture Soundtrack),1990
Kid 'N Play,5,Hype,23,2 Hype,1988
Kid Cudi,1,Pursuit Of Happiness - Extended Steve Aoki Remix (Explicit),74,Pursuit Of Happiness [Extended Steve Aoki Remix (Explicit)],2012
Kid Cudi,2,Erase Me - Main,69,Man On The Moon II: The Legend Of Mr. Rager,2010
Kid Cudi,3,Day 'N' Nite,50,Day 'n Nite,2008
Kid Cudi,4,Soundtrack 2 My Life,44,Man On The Moon: The End Of Day,2009
Kid Cudi,5,Pursuit Of Happiness (Nightmare),43,Man On The Moon: The End Of Day,2009
Killstation,1,Homecoming,63,Homecoming,2016
Killstation,2,Vengeance,57,Vengeance,2016
Killstation,3,Filth,55,Filth,2016
Killstation,4,Paralax,41,Paralax,2017
Killstation,5,Exsanguination,38,Consanguinity,2016
Kim Petras,1,I Don't Want It At All,62,I Don't Want It At All,2017
Kim Petras,2,There Will Be Blood,60,TURN OFF THE LIGHT,2019
Kim Petras,3,Do Me,59,Clarity,2019
Kim Petras,4,Hillside Boys,56,Hillside Boys,2017
Kim Petras,5,Another One,47,Clarity,2019
Kings of Leon,1,Sex on Fire,79,Only By The Night,2008
Kings of Leon,2,Use Somebody,75,Only By The Night,2008
Kings of Leon,3,Waste A Moment,67,WALLS,2016
Kings of Leon,4,Sex on Fire,64,Only By The Night,2008
Kings of Leon,5,WALLS,64,WALLS,2016
Kiyotaka Sugiyama,1,River's Island,40,River's Island,1984
Kiyotaka Sugiyama,2,Misty Night Cruising,33,NEVER ENDING SUMMER,1984
Kiyotaka Sugiyama,3,JOANNA,27,SINGLE'S HISTORY,1985
Kiyotaka Sugiyama,4,SILENCE GA IPPAI,27,SINGLE'S HISTORY,1985
Kiyotaka Sugiyama,5,ROLLING MEMORIES,26,SINGLE'S HISTORY,1985
Klaas,1,Ok Without You,67,Ok Without You,2018
Klaas,2,Money,63,Money,2019
Klaas,3,Fighter,62,Fighter,2020
Klaas,4,Close to You,59,Close to You,2018
Klaas,5,Big Words,56,Big Words,2018
Klingande,1,Jubel,60,Jubel,2014
Klingande,2,Pumped Up,56,Pumped Up,2017
Klingande,3,Pumped Up,53,Pumped Up,2017
Klingande,4,Jubel - Radio Edit,52,Jubel,2014
Klingande,5,Rebel Yell,49,Rebel Yell,2018
Kodak Black,1,ZEZE,83,Dying to Live,2018
Kodak Black,2,No Flockin',71,No Flockin',2015
Kodak Black,3,ZEZE (feat. Travis Scott & Offset),56,ZEZE (feat. Travis Scott & Offset),2018
Kodak Black,4,Tunnel Vision,52,Painting Pictures,2017
Kodak Black,5,ZEZE (feat. Travis Scott & Offset),37,ZEZE (feat. Travis Scott & Offset),2018
Kollegah,1,American Express (feat. Farid Bang),42,Imperator (Deluxe Edition),2016
Kollegah,2,Königsaura,15,King,2014
Kollegah,3,Medusa,1,Chronik III,2015
Kollegah,4,Bossaura,0,Bossaura,2011
Kollegah,5,Bossaura - Remastered,0,Legacy - Best Of,2017
Kool Moe Dee,1,How Ya Like Me Now - Longer Version,19,The Greatest Hits,1993
Kool Moe Dee,2,I Go To Work (Re-Recorded / Remastered),17,Wild Wild West (Re-Recorded / Remastered),2009
Kool Moe Dee,3,Go See the Doctor,0,Kool Moe Dee,1986
Kool Moe Dee,4,How Ya Like Me Now - Longer Version,0,How Ya Like Me Now,1987
Kool Moe Dee,5,Wild Wild West,0,How Ya Like Me Now,1987
Korn,1,Freak On a Leash,73,Follow The Leader,1998
Korn,2,Coming Undone,71,See You On the Other Side,2005
Korn,3,Falling Away from Me,69,Issues,1999
Korn,4,Got the Life,68,Follow The Leader,1998
Korn,5,You'll Never Find Me,66,The Nothing,2019
Krept & Konan,1,Wrongs,58,7 Nights,2017
Krept & Konan,2,Ban Drill,57,Ban Drill,2019
Krept & Konan,3,Tell Me,40,Tell Me,2019
Krept & Konan,4,Champions League,0,7 Days,2017
Krept & Konan,5,Last Night In LA - Konan Freestyle,0,7 Days,2017
Krewella,1,Alive,55,Get Wet,2013
Krewella,2,Enjoy the Ride,51,Get Wet,2013
Krewella,3,Beggars,50,Ammunition,2016
Krewella,4,Alive - Hardwell Remix,43,Alive (Hardwell Remix),2013
Krewella,5,Live for the Night - W & W Remix,29,Live for the Night (Remix EP),2013
Kungs,1,This Girl (Kungs Vs. Cookin' On 3 Burners),78,Layers,2016
Kungs,2,I Feel So Bad,64,Layers,2016
Kungs,3,Don't You Know - Radio Edit,62,Layers,2016
Kungs,4,Paris,59,Paris,2019
Kungs,5,Tripping Off,50,Layers,2016
Kura,1,Beast Mode,59,Beast Mode,2019
Kura,2,Lightspeed,33,Lightspeed EP,2019
Kura,3,Calcutta,25,Calcutta,2017
Kura,4,Bring The Roof Down (feat. Luciana),24,Bring The Roof Down (feat. Luciana),2019
Kura,5,Bounce,17,Bounce,2016
Kurupt,1,We Can Freak It,53,Kuruption!,1998
Kurupt,2,C-Walk,52,Kuruption!,1998
Kurupt,3,Who Ride Wit Us,49,Tha Streetz Iz A Mutha (Digitally Remastered),2012
Kurupt,4,Represent Dat G.C.,35,Tha Streetz Iz A Mutha (Digitally Remastered),2012
Kurupt,5,Trylogy,25,Tha Streetz Iz A Mutha (Digitally Remastered),2012
Kygo,1,Higher Love,87,Higher Love,2019
Kygo,2,Happy Now,81,Happy Now,2018
Kygo,3,"Carry On (from the Original Motion Picture ""POKÉMON Detective Pikachu"")",79,"Carry On (from the Original Motion Picture ""POKÉMON Detective Pikachu"")",2019
Kygo,4,It Ain't Me (with Selena Gomez),78,It Ain't Me (with Selena Gomez),2017
Kygo,5,Firestone (feat. Conrad Sewell),77,Cloud Nine,2016
LANY,1,ILYSB,69,LANY,2017
LANY,2,Super Far,69,LANY,2017
LANY,3,If You See Her,63,Malibu Nights,2018
LANY,4,Good Girls,62,LANY,2017
LANY,5,ILYSB,54,Make Out,2015
LEISURE,1,Got It Bad,10,Leisure,2016
LEISURE,2,Money,8,Money,2017
LEISURE,3,Got It Bad,4,Got It Bad,2015
LEISURE,4,All over You,2,Leisure,2016
LEISURE,5,Know You Better,2,Leisure,2016
LL Cool J,1,Loungin (Who Do Ya Luv) - Remix,54,Mr. Smith (Deluxe Edition),1995
LL Cool J,2,Around The Way Girl,53,Mama Said Knock You Out,1990
LL Cool J,3,Rock The Bells,51,Radio,1985
LL Cool J,4,I'm Bad,47,Bigger And Deffer,1987
LL Cool J,5,Doin' It,44,Mr. Smith,1995
LOOPERS,1,Out Of Control,45,Out Of Control,2019
LOOPERS,2,Feel It,44,Feel It,2019
LOOPERS,3,Deep Inside,38,Deep Inside,2019
LOOPERS,4,I'm Odd,37,I'm Odd,2019
LOOPERS,5,I'm Heavy,34,I'm Heavy,2018
La Coka Nostra,1,Creed Of The Greedier,38,Masters Of The Dark Arts,2012
La Coka Nostra,2,המוסד,36,Masters Of The Dark Arts,2012
La Coka Nostra,3,Mind Your Business,32,Masters Of The Dark Arts,2012
La Coka Nostra,4,My Universe,32,Masters Of The Dark Arts,2012
La Coka Nostra,5,Murder World,27,Masters Of The Dark Arts,2012
Labrinth,1,Jealous,79,Jealous,2014
Labrinth,2,Still Don't Know My Name,75,Euphoria (Original Score from the HBO Series),2019
Labrinth,3,Beneath Your Beautiful,69,Electronic Earth,2012
Labrinth,4,Something's Got To Give,67,Something's Got To Give,2019
Labrinth,5,Something's Got To Give - Banx & Ranx Remix,37,Something's Got To Give (Banx & Ranx Remix),2019
Lady Gaga,1,Shallow,88,A Star Is Born Soundtrack,2018
Lady Gaga,2,Bad Romance,78,The Fame Monster (Deluxe Edition),2009
Lady Gaga,3,Shallow - Radio Edit,78,A Star Is Born Soundtrack (Without Dialogue),2018
Lady Gaga,4,Poker Face,76,The Fame,2008
Lady Gaga,5,Just Dance,73,The Fame,2008
Laidback Luke,1,Oh Yes (Rockin' With The Best),63,Oh Yes (Rockin' With The Best),2019
Laidback Luke,2,Bam Bam,58,Bam Bam,2019
Laidback Luke,3,More - Blasterjaxx Remix,45,More (The Remixes),2013
Laidback Luke,4,S.A.X. - Original Mix,44,S.A.X.,2015
Laidback Luke,5,Fcukin Beats,42,Fcukin Beats,2016
Lalo Ebratt,1,Déjate Querer,77,Déjate Querer,2019
Lalo Ebratt,2,Mocca - Remix,67,Mocca (Remix),2018
Lalo Ebratt,3,Todo Bien,60,Todo Bien,2019
Lalo Ebratt,4,Boomerang,58,Boomerang,2019
Lalo Ebratt,5,Mala Costumbre,57,Numerología,2019
Lana Del Rey,1,Norman fucking Rockwell,75,Norman Fucking Rockwell!,2019
Lana Del Rey,2,Young And Beautiful,75,Young And Beautiful,2013
Lana Del Rey,3,Summertime Sadness (Lana Del Rey Vs. Cedric Gervais) - Cedric Gervais Remix,73,Summertime Sadness [Lana Del Rey vs. Cedric Gervais] (Cedric Gervais Remix),2013
Lana Del Rey,4,Video Games - Remastered,55,Born To Die,2012
Lana Del Rey,5,Summertime Sadness (Lana Del Rey Vs. Cedric Gervais) - Cedric Gervais Remix,54,Summertime Sadness [Lana Del Rey vs. Cedric Gervais] (Cedric Gervais Remix),2013
Lane 8,1,Road,65,Brightest Lights,2020
Lane 8,2,Just,64,Just,2019
Lane 8,3,I / Y,60,I / Y,2019
Lane 8,4,Visions,59,Visions,2019
Lane 8,5,Atlas,58,Little by Little,2018
Lauv,1,Mean It,85,~how i'm feeling~,2019
Lauv,2,"fuck, i'm lonely (with Anne-Marie) - from “13 Reasons Why: Season 3”",84,"fuck, i'm lonely (with Anne-Marie) (from “13 Reasons Why: Season 3”)",2019
Lauv,3,I Like Me Better,83,I Like Me Better,2017
Lauv,4,i'm so tired...,83,i'm so tired...,2019
Lauv,5,Feelings,81,Feelings,2019
Led Zeppelin,1,Stairway to Heaven - Remaster,78,Led Zeppelin IV (Deluxe Edition),1971
Led Zeppelin,2,Immigrant Song - Remaster,77,Led Zeppelin III (Remastered),1970
Led Zeppelin,3,Whole Lotta Love - 1990 Remaster,76,Led Zeppelin II,1969
Led Zeppelin,4,Black Dog - Remaster,73,Led Zeppelin IV (Deluxe Edition),1971
Led Zeppelin,5,Good Times Bad Times - 1993 Remaster,70,Led Zeppelin,1969
Ledisi,1,What Are You Doing New Year's Eve?,55,It's Christmas,2008
Ledisi,2,Alright,47,Lost And Found,2007
Ledisi,3,Give Love On Christmas Day,43,It's Christmas,2008
Ledisi,4,Think Of You,32,Lost And Found,2007
Ledisi,5,Best Friend,31,Lost And Found,2007
Lee Fields & The Expressions,1,Honey Dove,50,My World,2009
Lee Fields & The Expressions,2,All I Need,48,Emma Jean,2014
Lee Fields & The Expressions,3,Eye to Eye,26,Emma Jean,2014
Lee Fields & The Expressions,4,It's All Over (But the Crying),25,Faithful Man,2012
Lee Fields & The Expressions,5,Loves Comes and Goes,14,Truth & Soul presents Lee Fields (The 45 Mixes),2011
LemKuuja,1,Ai じゃ ない,0,CHEESECAKE+,2018
LemKuuja,2,Golden Funky Groove,0,CHEESECAKE+,2018
LemKuuja,3,Hollywood,0,CHEESECAKE+,2018
LemKuuja,4,Keep On Baby!,0,CHEESECAKE+,2018
LemKuuja,5,Let's Go Out Somewhere,0,CHEESECAKE+,2018
Lemaitre,1,Cut to Black,40,Relativity 3,2013
Lemaitre,2,Playing To Lose,28,Afterglow,2016
Lemaitre,3,Closer,5,1749,2016
Lemaitre,4,Closer,4,Closer,2015
Lemaitre,5,Blue Shift,0,The Friendly Sound EP,2010
Lenny Kravitz,1,Are You Gonna Go My Way,72,Are You Gonna Go My Way,1993
Lenny Kravitz,2,Fly Away,70,5,1998
Lenny Kravitz,3,Low,57,Raise Vibration,2018
Lenny Kravitz,4,Fly Away,52,Greatest Hits,2000
Lenny Kravitz,5,American Woman,51,Greatest Hits,2000
Lenny Tavárez,1,No Me Equivoqué,63,No Me Equivoqué,2018
Lenny Tavárez,2,Caviar,46,Caviar,2017
Lenny Tavárez,3,Secreto,45,Secreto,2017
Lenny Tavárez,4,Toma Bebe - Official Remix,43,Toma Bebe (Official Remix),2018
Lenny Tavárez,5,No Sé Nada,42,No Sé Nada,2017
Leon Bridges,1,Coming Home,67,Coming Home,2015
Leon Bridges,2,Bad Bad News,65,Good Thing,2018
Leon Bridges,3,Bad Bad News,56,Bet Ain't Worth the Hand / Bad Bad News,2018
Leon Bridges,4,Pony - Recorded at Spotify Studios NYC,56,Spotify Singles,2018
Leon Bridges,5,Pull Away,46,Coming Home,2015
Levert,1,Baby I'm Ready,53,Rope A Dope Style,1990
Levert,2,Casanova,53,The Best Of Gerald Levert,2010
Levert,3,Just Coolin' (feat. Heavy D.),32,Just Coolin',1988
Levert,4,Good Ol' Days,18,For Real Tho',1993
Levert,5,Casanova,15,Rhino Hi-Five: Levert,2007
Lewis Capaldi,1,Someone You Loved,94,Divinely Uninspired To A Hellish Extent,2019
Lewis Capaldi,2,Before You Go,90,Before You Go,2019
Lewis Capaldi,3,Bruises,86,Divinely Uninspired To A Hellish Extent,2019
Lewis Capaldi,4,Before You Go,83,Divinely Uninspired To A Hellish Extent (Extended Edition),2019
Lewis Capaldi,5,Bruises - Steve Void Remix,70,Bruises EP,2019
Liam Payne,1,Stack It Up (feat. A Boogie Wit da Hoodie),76,Stack It Up (feat. A Boogie Wit da Hoodie),2019
Liam Payne,2,Strip That Down,74,Strip That Down,2017
Liam Payne,3,Live Forever (With Cheat Codes),71,LP1,2019
Liam Payne,4,Strip That Down (feat. Quavo),71,LP1,2019
Liam Payne,5,Familiar,70,Familiar,2018
Lil Baby,1,Woah,88,Woah,2019
Lil Baby,2,Drip Too Hard (Lil Baby & Gunna),84,Drip Harder,2018
Lil Baby,3,Sum 2 Prove,81,Sum 2 Prove,2020
Lil Baby,4,Yes Indeed,81,Harder Than Ever,2018
Lil Baby,5,Pure Cocaine,77,Street Gossip,2018
Lil Jon,1,Alive (with Offset & 2 Chainz),65,Alive (with Offset & 2 Chainz),2018
Lil Jon,2,Shots,60,Crunk Rock (Deluxe),2010
Lil Jon,3,Take It Off,44,Take It Off,2016
Lil Jon,4,Bia' Bia',42,We Still Crunk!,2000
Lil Jon,5,La Vida Es Una (feat. Pitbull),32,La Vida Es Una (feat. Pitbull),2016
Lil Jon & The East Side Boyz,1,Get Low featuring Ying Yang Twins,64,Crunkest Hits,2011
Lil Jon & The East Side Boyz,2,One Night Stand,39,Crunk Juice,2004
Lil Jon & The East Side Boyz,3,Put Yo Hood Up,32,Crunkest Hits,2011
Lil Jon & The East Side Boyz,4,In Da Club,30,Crunk Juice,2004
Lil Jon & The East Side Boyz,5,Who U Wit,30,Crunkest Hits,2011
Lil Keke,1,Baller In The Mix,27,The Commission,1998
Lil Keke,2,"Pimps, Players & Hustlas",10,The Commission,1998
Lil Keke,3,Don’t Mess Wit Texas,8,The Commission,1998
Lil Keke,4,Southside,0,Southside Of H-Town,2009
Lil Keke,5,Southside,0,Chronicles,2008
Lil Mosey,1,Stuck In A Dream (feat. Gunna),64,Stuck In A Dream (feat. Gunna),2019
Lil Mosey,2,G Walk (with Chris Brown),52,G Walk (with Chris Brown),2019
Lil Mosey,3,Live This Wild,41,Live This Wild,2019
Lil Mosey,4,Noticed,18,Northsbest,2018
Lil Mosey,5,Kamikaze,14,Northsbest,2018
Lil Nas X,1,Old Town Road - Remix,90,7 EP,2019
Lil Nas X,2,Panini,84,7 EP,2019
Lil Nas X,3,Panini - DaBaby Remix,82,Panini,2019
Lil Nas X,4,Panini,79,Panini,2019
Lil Nas X,5,Rodeo,78,7 EP,2019
Lil Peep,1,Falling Down - Bonus Track,83,"Come Over When You're Sober, Pt. 2",2018
Lil Peep,2,Save That Shit,80,"Come Over When You're Sober, Pt. 1",2017
Lil Peep,3,I've Been Waiting (w/ ILoveMakonnen & Fall Out Boy),76,I've Been Waiting (w/ ILoveMakonnen & Fall Out Boy),2019
Lil Peep,4,Beamer Boy,75,Beamer Boy,2017
Lil Peep,5,Fangirl,67,EVERYBODY'S EVERYTHING,2019
Lil Tecca,1,Ransom,90,We Love You Tecca,2019
Lil Tecca,2,why u look mad,72,why u look mad,2019
Lil Tecca,3,Bossanova,70,We Love You Tecca,2019
Lil Tecca,4,Ransom,56,We Love You Tecca,2019
Lil Tecca,5,Ransom,52,Ransom,2019
Lil Uzi Vert,1,Futsal Shuffle 2020,91,Futsal Shuffle 2020,2019
Lil Uzi Vert,2,XO Tour Llif3,84,Luv Is Rage 2,2017
Lil Uzi Vert,3,Sanguine Paradise,82,Sanguine Paradise,2019
Lil Uzi Vert,4,Money Longer,76,Lil Uzi Vert vs. The World,2016
Lil Uzi Vert,5,That's a Rack,74,That's a Rack,2019
Lil Wayne,1,"Sucker For Pain (with Wiz Khalifa, Imagine Dragons, Logic & Ty Dolla $ign feat. X Ambassadors)",77,Sucker For Pain (with Logic & Ty Dolla $ign feat. X Ambassadors),2016
Lil Wayne,2,A Milli,73,Tha Carter III,2008
Lil Wayne,3,Lollipop,71,Tha Carter III,2008
Lil Wayne,4,Mona Lisa (feat. Kendrick Lamar),71,Tha Carter V,2018
Lil Wayne,5,Mrs. Officer,69,Tha Carter III,2008
Lil' Flip,1,Sunshine (feat. Lea) - Explicit Album Version,60,U Gotta Feel Me,2004
Lil' Flip,2,Game Over,52,U Gotta Feel Me,2004
Lil' Flip,3,The Way We Ball,42,Undaground Legend (Explicit),2002
Lil' Flip,4,Sunshine - Re-Recorded,22,Sunshine / Game Over (Re-Recorded / Remastered Versions),2010
Lil' Flip,5,Sunshine - Re-Recorded,10,New Jack Swing - R&B Hip Hop Hits,2011
Limp Bizkit,1,Break Stuff,71,Significant Other,1999
Limp Bizkit,2,My Way,69,Chocolate Starfish And The Hot Dog Flavored Water,2000
Limp Bizkit,3,Break Stuff,59,Greatest Hitz,2005
Limp Bizkit,4,Rollin' (Air Raid Vehicle),45,Greatest Hitz,2005
Limp Bizkit,5,My Way,1,Chocolate Starfish And The Hot Dog Flavored Water (Explicit Version),2000
Lindsey Stirling,1,Shatter Me Featuring Lzzy Hale,58,Shatter Me,2014
Lindsey Stirling,2,Crystallize,55,Lindsey Stirling,2012
Lindsey Stirling,3,Elements,51,Lindsey Stirling,2012
Lindsey Stirling,4,We Are Giants Featuring Dia Frampton,43,Shatter Me,2014
Lindsey Stirling,5,The Upside (feat. Elle King),18,The Upside (feat. Elle King) / The Upside / Underground,2019
Linkin Park,1,In the End,83,Hybrid Theory (Bonus Edition),2000
Linkin Park,2,Numb,81,Meteora,2003
Linkin Park,3,One Step Closer,74,Hybrid Theory (Bonus Edition),2000
Linkin Park,4,BURN IT DOWN,73,LIVING THINGS,2012
Linkin Park,5,Bleed It Out,72,Minutes to Midnight,2007
Lisa Lisa & Cult Jam,1,I Wonder If I Take You Home,51,Playlist: The Very Best Of Lisa Lisa & Cult Jam,1985
Lisa Lisa & Cult Jam,2,Head to Toe,44,Super Hits,1985
Lisa Lisa & Cult Jam,3,All Cried Out (with Full Force),36,Super Hits,1985
Lisa Lisa & Cult Jam,4,Let the Beat Hit 'Em,3,"The New Jack Swing Collection, Vol. 2",2014
Lisa Lisa & Cult Jam,5,Can You Feel the Beat,0,Lisa Lisa And Cult Jam With Full Force,1985
Lisa McClendon,1,Alright (Song of the Sunrise),0,Reality,2009
Lisa McClendon,2,Breathe,0,Soul Music,2003
Lisa McClendon,3,Go,0,Soul Music,2003
Lisa McClendon,4,Has Anybody Seen Love?,0,Soul Music,2003
Lisa McClendon,5,Hey Now,0,Soul Music,2003
Lit Killah,1,Si Te Vas,64,Si Te Vas,2018
Lit Killah,2,Bufón,62,Bufón,2018
Lit Killah,3,Eclipse,62,Eclipse,2019
Lit Killah,4,Tan Bien (feat. Agus Padilla),61,Tan Bien (feat. Agus Padilla),2018
Lit Killah,5,Samurai (feat. Big Soto),57,Samurai (feat. Big Soto),2019
Little Mix,1,Secret Love Song (feat. Jason Derulo),77,Get Weird (Deluxe),2015
Little Mix,2,Black Magic,76,Get Weird (Deluxe),2015
Little Mix,3,Shout Out to My Ex,76,Glory Days: The Platinum Edition,2017
Little Mix,4,Woman Like Me (feat. Nicki Minaj),76,LM5 (Deluxe),2018
Little Mix,5,Woman Like Me (feat. Nicki Minaj),70,Woman Like Me (feat. Nicki Minaj),2018
Litvinenko,1,"Оп, мусорок",46,"Оп, мусорок",2019
Litvinenko,2,Нам надо дыма,45,Нам надо дыма,2018
Litvinenko,3,Любит хулигана,37,Любит хулигана,2019
Litvinenko,4,За туманами,34,За туманами,2018
Litvinenko,5,Рванарана,29,Рванарана,2018
Lloyd,1,Southside,61,Southside,2004
Lloyd,2,Get It Shawty - Main,60,Street Love,2007
Lloyd,3,You,3,Street Love,2007
Lloyd,4,Get It Shawty - Main,1,Street Love,2007
Lloyd,5,Southside,1,Southside,2004
Logic,1,1-800-273-8255,81,Everybody,2017
Logic,2,Everyday,77,Bobby Tarantino II,2018
Logic,3,44 More,73,Bobby Tarantino II,2018
Logic,4,Ballin,71,Uncle Drew (Original Motion Picture Soundtrack),2018
Logic,5,OCD (with Dwn2earth),70,OCD (with Dwn2earth),2019
Lonely in the Rain,1,Breathe,57,Breathe,2019
Lonely in the Rain,2,On & On,52,On & On,2019
Lonely in the Rain,3,Stronger,43,Stronger,2019
Lonely in the Rain,4,Go Home (feat. Mark O),38,Go Home (feat. Mark O),2018
Lonely in the Rain,5,Can't Lose You,31,Can't Lose You,2019
Loote,1,Your Side Of The Bed,67,single.,2018
Loote,2,85%,65,lost,2019
Loote,3,Back Together,54,Back Together,2018
Loote,4,she's all yours,54,lost,2019
Loote,5,All The Fucking Time - Acoustic,52,All The Fucking Time,2019
Lorde,1,Royals,78,Pure Heroine,2013
Lorde,2,Green Light,73,Melodrama,2017
Lorde,3,Tennis Court,67,Pure Heroine,2013
Lorde,4,The Love Club,66,Pure Heroine (Extended),2013
Lorde,5,Supercut,62,Melodrama,2017
Los Angeles Azules,1,Nunca Es Suficiente,76,Esto Sí Es Cumbia,2018
Los Angeles Azules,2,Nunca Es Suficiente,69,Esto Sí Es Cumbia,2018
Los Angeles Azules,3,Amor A Primera Vista,63,Amor A Primera Vista,2019
Los Angeles Azules,4,Mis Sentimientos,59,Cómo Te Voy A Olvidar ¡Edición De Súper Lujo!,2015
Los Angeles Azules,5,Nunca Es Suficiente,58,Nunca Es Suficiente,2018
Lost Frequencies,1,Beat Of My Heart,67,Alive And Feeling Fine,2019
Lost Frequencies,2,Are You With Me - Radio Edit,62,Less Is More,2016
Lost Frequencies,3,Recognise,60,Recognise,2019
Lost Frequencies,4,Like I Love You,58,Like I Love You,2018
Lost Frequencies,5,Reality (feat. Janieck Devy) - Radio Edit,57,Reality (feat. Janieck Devy),2015
Lost Kings,1,Anti-Everything,70,Paper Crowns (Deluxe),2019
Lost Kings,2,When We Were Young,69,When We Were Young,2018
Lost Kings,3,Don't Kill My High,67,Paper Crowns (Deluxe),2019
Lost Kings,4,LA & The Parties,60,LA & The Parties,2019
Lost Kings,5,First Love,58,First Love,2017
Lou Reed,1,Walk On the Wild Side,74,Transformer,1972
Lou Reed,2,Satellite of Love,61,Transformer,1972
Lou Reed,3,Vicious,56,Transformer,1972
Lou Reed,4,Romeo Had Juliette,40,New York,1989
Lou Reed,5,Walk on the Wild Side,17,Transformer,1972
Loud Luxury,1,Body,79,Body,2017
Loud Luxury,2,Love No More,69,Love No More,2018
Loud Luxury,3,Body - Dzeko Remix,67,Body (Dzeko Remix),2018
Loud Luxury,4,Body On My,67,Body On My,2019
Loud Luxury,5,Body (feat. brando),63,Body (feat. brando),2017
Louis The Child,1,Better Not (with Wafia),73,Kids At Play- EP,2018
Louis The Child,2,Free (with Drew Love),70,Free (with Drew Love),2019
Louis The Child,3,Last To Leave (feat. Caroline Ailin),62,Last To Leave (feat. Caroline Ailin),2017
Louis The Child,4,It's Strange (feat. K.Flay),51,It's Strange (feat. K.Flay),2015
Louis The Child,5,Better Not (feat. Wafia),13,Better Not (feat. Wafia),2018
Love Canon,1,Africa,37,"Greatest Hits, Vol. 1",2012
Love Canon,2,Down Under,34,Greatest Hits Vol. 3,2014
Love Canon,3,Everybody Wants to Rule the World,34,Greatest Hits Vol. 2,2012
Love Canon,4,Take On Me,33,Greatest Hits Vol. 2,2012
Love Canon,5,Islands in the Stream,1,Cover Story,2018
Loyle Carner,1,Damselfly,65,Yesterday's Gone,2017
Loyle Carner,2,Angel,62,"Not Waving, But Drowning",2019
Loyle Carner,3,Ain't Nothing Changed,60,Yesterday's Gone,2017
Loyle Carner,4,Loose Ends,55,Loose Ends,2019
Loyle Carner,5,Ottolenghi,54,Ottolenghi,2018
Lucas & Steve,1,Perfect (feat. Haris),74,Perfect (feat. Haris),2019
Lucas & Steve,2,Where Have You Gone (Anywhere),72,Where Have You Gone (Anywhere),2018
Lucas & Steve,3,Say Something - RetroVision Remix,62,Say Something (The Remixes),2019
Lucas & Steve,4,Adagio For Strings,60,Adagio For Strings,2018
Lucas & Steve,5,Perfect (feat. Haris) - LUM!X Remix,59,Perfect (feat. Haris) [LUM!X Remix],2019
Lucas Estrada,1,Blinding Lights,65,Blinding Lights,2019
Lucas Estrada,2,Le Le Let Go,62,Le Le Let Go,2019
Lucas Estrada,3,Won't Let Go,61,Won't Let Go,2018
Lucas Estrada,4,Nothing Like You,59,Nothing Like You,2019
Lucas Estrada,5,Somewhere,59,Somewhere,2019
Lucky Daye,1,Roll Some Mo (feat. Ty Dolla $ign & Wale) - Remix,67,Roll Some Mo (feat. Ty Dolla $ign & Wale) [Remix],2019
Lucky Daye,2,Roll Some Mo,65,Painted,2019
Lucky Daye,3,Buying Time,61,Buying Time,2019
Lucky Daye,4,Fly,47,Fly,2019
Lucky Daye,5,Roll Some Mo,28,Roll Some Mo,2018
Lucky Luke,1,F.E.E.L.,62,F.E.E.L.,2017
Lucky Luke,2,Wonderwall,62,Wonderwall,2018
Lucky Luke,3,Drüg,60,Drüg,2018
Lucky Luke,4,Keke,59,Keke,2018
Lucky Luke,5,Never Stop,56,Never Stop,2018
Lucy Pearl,1,Dance Tonight,52,Lucy Pearl,2000
Lucy Pearl,2,Everyday,51,Lucy Pearl,2000
Lucy Pearl,3,Without You,34,Lucy Pearl,2000
Lucy Pearl,4,Don't Mess With My Man,3,Lucy Pearl,2000
Lucy Pearl,5,Dance Tonight,1,Lucy Pearl,2000
Ludacris,1,My Chick Bad,65,Battle Of The Sexes (Deluxe),2010
Ludacris,2,What's Your Fantasy (Featuring Shawna),63,Back For The First Time,2000
Ludacris,3,How Low,61,Battle Of The Sexes (Deluxe),2010
Ludacris,4,Area Codes,59,Word Of Mouf,2001
Ludacris,5,Rollout (My Business),58,Word Of Mouf,2001
Luis Fonsi,1,Despacito,79,VIDA,2019
Luis Fonsi,2,Despacito - Remix,76,Despacito Feat. Justin Bieber (Remix),2017
Luis Fonsi,3,Date La Vuelta,75,Date La Vuelta,2019
Luis Fonsi,4,Échame La Culpa,75,VIDA,2019
Luis Fonsi,5,Imposible,74,Imposible,2018
Luis Miguel,1,Ahora Te Puedes Marchar,77,Soy Como Quiero Ser,1987
Luis Miguel,2,La Incondicional,75,Busca Una Mujer,1988
Luis Miguel,3,Culpable O No - Miénteme Como Siempre,73,Busca Una Mujer,1988
Luis Miguel,4,Suave,68,Aries,1993
Luis Miguel,5,Fría Como El Viento,61,Busca Una Mujer,1988
Lunay,1,Aventura,89,Épico,2019
Lunay,2,Soltera - Remix,85,Soltera (Remix),2019
Lunay,3,La Cama,79,La Cama,2019
Lunay,4,La Cama,73,Épico,2019
Lunay,5,Soltera,70,Soltera,2019
Luny Tunes,1,Mayor Que Yo 3,62,Mayor Que Yo 3,2015
Luny Tunes,2,Hay Algo en Ti,59,"Mas Flow, Vol. 1",2003
Luny Tunes,3,Métele Sazón,58,"Mas Flow, Vol. 1",2003
Luny Tunes,4,Cójela Que Va Sin Jockey,55,"Mas Flow, Vol. 1",2003
Luny Tunes,5,Aventura,54,"Mas Flow, Vol. 1",2003
Lynyrd Skynyrd,1,Sweet Home Alabama,81,Second Helping,1974
Lynyrd Skynyrd,2,Simple Man,69,Pronounced' Leh-'Nerd 'Skin-'Nerd,1973
Lynyrd Skynyrd,3,Sweet Home Alabama,31,Rock Legends eAlbum (International Version),2007
Lynyrd Skynyrd,4,Sweet Home Alabama,27,Second Helping,1974
Lynyrd Skynyrd,5,Gimme Three Steps,14,(Pronounced 'Leh-'Nérd 'Skin-'Nérd) [Expanded Edition],1973
MAX,1,Love Me Less (feat. Quinn XCII),78,Love Me Less (feat. Quinn XCII),2019
MAX,2,Lights Down Low,69,Hell's Kitchen Angel,2016
MAX,3,Lights Down Low,69,Hell's Kitchen Angel,2016
MAX,4,Acid Dreams,65,Acid Dreams,2019
MAX,5,Still New York,61,Still New York,2018
MC Hammer,1,U Can't Touch This,71,Please Hammer Don't Hurt 'Em,1990
MC Hammer,2,Pumps and a Bump,38,The Funky Headhunter,1994
MC Hammer,3,Let's Get It Started,35,Let's Get It Started,1988
MC Hammer,4,Turn This Mutha Out,35,Greatest Hits,1996
MC Hammer,5,U Can't Touch This,0,90's Top 100,2010
MOTi,1,Friday (feat. JGUAR),61,Friday (feat. JGUAR),2019
MOTi,2,Found Love (feat. Lovespeake),59,Found Love (feat. Lovespeake),2019
MOTi,3,Work,58,Work,2019
MOTi,4,All The Love You Got,57,All The Love You Got,2019
MOTi,5,Beautiful,54,Beautiful,2019
MZ,1,MD - Radio Edit,44,La dictature,2016
MZ,2,Pause,38,La dictature,2016
MZ,3,Deuboukéhi,33,La dictature,2016
MZ,4,Akwaba,32,La dictature,2016
MZ,5,Lidl,32,La dictature,2016
Mabel,1,Don't Call Me Up,85,Ivy To Roses (Mixtape),2019
Mabel,2,Mad Love,77,Mad Love,2019
Mabel,3,OK (Anxiety Anthem),70,High Expectations,2019
Mabel,4,Mad Love - Blinkie Remix,62,Mad Love (Remixes),2019
Mabel,5,Don't Call Me Up - Burak Yeter Remix,46,Don't Call Me Up (Remixes),2019
Mac Miller,1,Good News,87,Good News,2020
Mac Miller,2,Weekend (feat. Miguel),77,GO:OD AM,2015
Mac Miller,3,Ladders,76,Swimming,2018
Mac Miller,4,Dang! (feat. Anderson .Paak),75,The Divine Feminine,2016
Mac Miller,5,My Favorite Part,74,The Divine Feminine,2016
Machine Gun Kelly,1,"Home (with Machine Gun Kelly, X Ambassadors & Bebe Rexha)",73,"Home (with Machine Gun Kelly, X Ambassadors & Bebe Rexha) [From Bright: The Album]",2017
Machine Gun Kelly,2,Trap Paris (feat. Quavo & Ty Dolla $ign),59,bloom,2017
Machine Gun Kelly,3,Wake + Bake,42,bloom,2017
Machine Gun Kelly,4,Bad Things - With Camila Cabello,6,Bad Things,2016
Machine Gun Kelly,5,At My Best (feat. Hailee Steinfeld),4,At My Best (feat. Hailee Steinfeld),2017
Macklemore & Ryan Lewis,1,Can't Hold Us - feat. Ray Dalton,83,The Heist,2012
Macklemore & Ryan Lewis,2,Thrift Shop (feat. Wanz),71,The Heist,2012
Macklemore & Ryan Lewis,3,Thrift Shop (feat. Wanz),71,The Heist [Deluxe Edition],2012
Macklemore & Ryan Lewis,4,Thrift Shop (feat. Wanz),68,Thrift Shop (feat. Wanz),2012
Macklemore & Ryan Lewis,5,Wing$,63,The Heist,2012
Macross 82-99,1,Fun Tonight,52,CHAM!,2015
Macross 82-99,2,Miss Macross,49,CHAM!,2015
Macross 82-99,3,Horsey (feat. Sarah Bonito),47,"Idols, Sakura",2017
Macross 82-99,4,Perfect Blue,41,CHAM!,2015
Macross 82-99,5,I Miss You (feat. Roman),40,CHAM!,2015
Maddix,1,Shuttin It Down,46,Shuttin It Down,2018
Maddix,2,With Or Without You - Jac & Harri Remix,42,With Or Without You (Jac & Harri Remix),2019
Maddix,3,With Or Without You,39,With Or Without You,2019
Maddix,4,Invincible (Till The Day We Die),35,Invincible (Till The Day We Die),2019
Maddix,5,With Or Without You - Kage Remix,32,With Or Without You (Kage Remix),2019
Madiel Lara,1,Dios Nunca Falla,52,Values,2018
Madiel Lara,2,Coronando,47,Coronando,2018
Madiel Lara,3,Me Gusta,44,Me Gusta,2018
Madiel Lara,4,Dile Que No,43,Values,2018
Madiel Lara,5,Link,38,Values,2018
Madison Beer,1,Dear Society,75,Dear Society,2019
Madison Beer,2,Hurts Like Hell (feat. Offset),75,Hurts Like Hell (feat. Offset),2018
Madison Beer,3,Home with You,73,As She Pleases,2018
Madison Beer,4,Dead,61,Dead,2017
Madison Beer,5,Say It to My Face,57,As She Pleases,2018
Madison Mars,1,I Will Let You Down (feat. KLARA),59,I Will Let You Down (feat. KLARA),2019
Madison Mars,2,Lunar,57,Lunar,2019
Madison Mars,3,Back To You,55,Back To You,2019
Madison Mars,4,Ride,46,Ride,2019
Madison Mars,5,Avalon,43,Avalon,2019
Madonna,1,Like a Prayer,71,Celebration (double disc version),2009
Madonna,2,Bitch I'm Madonna,60,Rebel Heart (Deluxe),2015
Madonna,3,Material Girl,54,Like a Virgin (Reissue),1984
Madonna,4,Vogue - Edit,51,I'm Breathless,1990
Madonna,5,Medellín - Offer Nissim Madame X In The Sphinx,43,Medellín (Remixes),2019
Mahalia,1,Simmer (feat. Burna Boy),67,Simmer (feat. Burna Boy),2019
Mahalia,2,Grateful,63,Grateful,2019
Mahalia,3,Sober,63,Sober,2017
Mahalia,4,What You Did (feat. Ella Mai),59,What You Did (feat. Ella Mai),2019
Mahalia,5,No Pressure,57,No Pressure,2017
Major Lazer,1,Que Calor (feat. J Balvin & El Alfa),84,Que Calor (feat. J Balvin & El Alfa),2019
Major Lazer,2,Trigger,80,Trigger,2019
Major Lazer,3,Que Calor (feat. J Balvin & El Alfa),76,Que Calor (feat. J Balvin & El Alfa),2019
Major Lazer,4,Lean On (feat. MØ & DJ Snake),75,Peace Is The Mission : Extended,2015
Major Lazer,5,Cold Water (feat. Justin Bieber & MØ),72,Major Lazer Essentials,2018
Mako,1,Murder,50,Murder,2018
Mako,2,Our Story - Radio Edit,45,Our Story (Radio Edit),2014
Mako,3,Run For Your Life - Attom Chill Remix,38,Run For Your Life (Attom Chill Remix),2017
Mako,4,Into The Sunset - Dannic Remix,25,Into The Sunset (Remixes),2016
Mako,5,Beam [Mix Cut] - Dannic Mix,23,The Sound Of Revealed 2013 (Mixed Version),2014
Malik Montana,1,Jagodzianki (prod.by Abel de Jong),62,Jagodzianki (prod.by Abel de Jong),2019
Malik Montana,2,Jungle Boyz,61,Import / Export,2019
Malik Montana,3,Mitoman,59,Mitoman,2019
Malik Montana,4,Mona Lisa (prod.Dio Mudara),57,Mona Lisa (prod.Dio Mudara),2019
Malik Montana,5,7 5 0,56,7 5 0,2019
Maluma,1,11 PM,86,11:11,2019
Maluma,2,Qué Pena,85,Qué Pena,2019
Maluma,3,HP,83,11:11,2019
Maluma,4,No Se Me Quita (feat. Ricky Martin),82,11:11,2019
Maluma,5,Felices los 4,76,F.A.M.E.,2018
Mamamoo,1,HIP,81,reality in BLACK,2019
Mamamoo,2,gogobebe,72,White Wind,2019
Mamamoo,3,Egotistic,70,RED MOON,2018
Mamamoo,4,Starry Night,67,Yellow Flower,2018
Mamamoo,5,Age Gag,49,Purple,2017
Man Overboard,1,Picture Perfect,16,Man Overboard,2011
Man Overboard,2,Night Feelings,14,Man Overboard,2011
Man Overboard,3,Punishment,13,Man Overboard,2011
Man Overboard,4,Voted Most Likely,13,Man Overboard,2011
Man Overboard,5,Montrose,0,Real Talk,2010
Manfred Mann's Earth Band,1,Blinded By The Light,61,The Roaring Silence,1976
Manfred Mann's Earth Band,2,Blinded By The Light,11,Best Of Vol 1,2000
Manfred Mann's Earth Band,3,Blinded By The Light,10,The Best Of Manfred Mann's Earth Band,1996
Manfred Mann's Earth Band,4,Blinded By The Light,2,The Roaring Silence,1976
Manfred Mann's Earth Band,5,Blinded By The Light (Club Mix),0,Blinded By The Light,2007
Manse,1,Blame,51,Blame,2019
Manse,2,Outlaws,50,Outlaws,2019
Manse,3,Runaway,44,Runaway,2019
Manse,4,Summer ID,32,Summer ID,2019
Manse,5,Freeze Time vs Dare You [Mix Cut] - Hardwell Mashup,31,Hardwell presents Revealed volume 6,2015
Manuel Turizo,1,Te Quemaste,83,ADN,2019
Manuel Turizo,2,Bailemos,76,ADN,2019
Manuel Turizo,3,Una Lady Como Tú,73,Una Lady Como Tú,2017
Manuel Turizo,4,Culpables,71,Culpables,2018
Manuel Turizo,5,Esperándote,69,Esperándote,2017
Maná,1,En El Muelle De San Blas,72,Sueños Líquidos,1997
Maná,2,No Ha Parado De Llover (with Sebastián Yatra),72,No Ha Parado De Llover,2019
Maná,3,Rayando El Sol (feat. Pablo Alborán),72,Rayando El Sol (feat. Pablo Alborán),2019
Maná,4,Bendita Tu Luz,69,Amar Es Combatir,2006
Maná,5,Rayando El Sol,68,Falta Amor,1990
Marc Anthony,1,Vivir Mi Vida,75,3.0,2013
Marc Anthony,2,Está Rico,71,Está Rico,2018
Marc Anthony,3,Parecen Viernes,71,OPUS,2019
Marc Anthony,4,Tu Amor Me Hace Bien - Salsa Version,69,Valio La Pena,2004
Marc Anthony,5,Tu Vida en la Mía,68,OPUS,2019
Mariah Carey,1,All I Want for Christmas Is You,90,Merry Christmas,1994
Mariah Carey,2,Always Be My Baby,73,Daydream,1995
Mariah Carey,3,Fantasy,71,Daydream,1995
Mariah Carey,4,One Sweet Day,68,Daydream,1995
Mariah Carey,5,Obsessed,67,Memoirs of an imperfect Angel,2009
Mark Knight,1,Man With The Red Face - Radio Edit,51,Man With The Red Face,2008
Mark Knight,2,Your Love - Original Club Mix,43,Your Love,2013
Mark Knight,3,Downpipe - Original Club Mix,35,Downpipe,2009
Mark Knight,4,Chaos Theory - Original Mix,22,A Year In The Life,2016
Mark Knight,5,In The Pocket - Original Mix,18,Bullets Vol.4,2016
Mark Ronson,1,Uptown Funk,82,Uptown Special,2015
Mark Ronson,2,Nothing Breaks Like a Heart (feat. Miley Cyrus),79,Nothing Breaks Like a Heart (feat. Miley Cyrus),2018
Mark Ronson,3,Find U Again (feat. Camila Cabello),74,Find U Again (feat. Camila Cabello),2019
Mark Ronson,4,Late Night Feelings (feat. Lykke Li),69,Late Night Feelings (feat. Lykke Li),2019
Mark Ronson,5,Nothing Breaks Like a Heart - Don Diablo Remix,66,Nothing Breaks Like a Heart (Don Diablo Remix),2019
Maroon 5,1,Memories,98,Memories,2019
Maroon 5,2,Girls Like You (feat. Cardi B),81,Girls Like You (feat. Cardi B),2018
Maroon 5,3,Girls Like You (feat. Cardi B),80,Red Pill Blues (Deluxe),2018
Maroon 5,4,She Will Be Loved - Radio Mix,80,Songs About Jane: 10th Anniversary Edition,2002
Maroon 5,5,Sugar,80,V,2015
Marshmello,1,Happier,89,Happier,2018
Marshmello,2,One Thing Right,85,One Thing Right,2019
Marshmello,3,FRIENDS,83,FRIENDS,2018
Marshmello,4,Here With Me,83,Here With Me,2019
Marshmello,5,Silence,81,Silence,2017
Martin Garrix,1,Summer Days (feat. Macklemore & Patrick Stump of Fall Out Boy),83,Summer Days (feat. Macklemore & Patrick Stump of Fall Out Boy),2019
Martin Garrix,2,Used To Love (with Dean Lewis),83,Used To Love (with Dean Lewis),2019
Martin Garrix,3,Scared to Be Lonely,81,Scared to Be Lonely,2017
Martin Garrix,4,In the Name of Love,80,In the Name of Love,2016
Martin Garrix,5,High On Life (feat. Bonn),77,High On Life (feat. Bonn),2018
Martin Jensen,1,Solo Dance,71,Solo Dance,2016
Martin Jensen,2,Nobody,66,Nobody,2019
Martin Jensen,3,Solo Dance,61,Solo Dance,2016
Martin Jensen,4,I Could Get Used To This,58,I Could Get Used To This,2019
Martin Jensen,5,All I Wanna Do,55,All I Wanna Do,2016
Martin Numan,1,The Black Hole,20,The Black Hole,2018
Martin Numan,2,The End,20,The Black Hole,2018
Martin Numan,3,G28,19,The Black Hole,2018
Martin Numan,4,Interlude,19,The Black Hole,2018
Martin Numan,5,Setwit,18,The Black Hole,2018
Martin Silence,1,Me and You (Radio Edit),38,Me and You,2012
Martin Silence,2,We Were Younger,38,We Were Younger,2019
Martin Silence,3,Young Love,38,Young Love,2019
Martin Silence,4,Oh Mama Shake That Booty (feat. Lunar),37,Oh Mama Shake That Booty (feat. Lunar),2013
Martin Silence,5,My World,36,My World,2015
Mary J. Blige,1,Family Affair,70,No More Drama,2001
Mary J. Blige,2,Real Love,63,What's The 411?,1992
Mary J. Blige,3,Sweet Thing,55,What's The 411?,1992
Mary J. Blige,4,"Rudolph, The Red-Nosed Reindeer",51,A Mary Christmas,2013
Mary J. Blige,5,Love No Limit,47,What's The 411?,1992
Mary Mary,1,Shackles (Praise You),60,Go Get It,2000
Mary Mary,2,Yesterday,38,Mary Mary,2005
Mary Mary,3,Heaven,36,Mary Mary,2005
Mary Mary,4,God in Me,33,The Sound,2008
Mary Mary,5,Sunday Morning,33,Go Get It,2000
Masego,1,Tadow,75,Lady Lady,2018
Masego,2,Old Age,58,Lady Lady,2018
Masego,3,Tadow,16,Tadow,2017
Masego,4,Lady Lady,0,Chill Soul,2019
Masego,5,Wifeable (With Sax) feat. Xavier Omär,0,Loose Thoughts,2016
Master P,1,Burbons And Lacs,54,Ghetto D,1997
Master P,2,Pass Me Da Green,50,Ghetto D,1997
Master P,3,Make 'Em Say Ugh,49,Ghetto D,1997
Master P,4,"Bout It, Bout It II",44,Ice Cream Man,1996
Master P,5,Mr. Ice Cream Man,42,Ice Cream Man,1996
Mata,1,Patointeligencja,71,Patointeligencja,2019
Mata,2,Biblioteka Trap,64,Biblioteka Trap,2019
Mata,3,Mata Montana,64,Mata Montana,2019
Mata,4,100 dni do matury,52,100 dni do matury,2020
Mata,5,Tango,49,100 dni do matury,2020
Matoma,1,Old Thing Back (feat. Ja Rule and Ralph Tresvant),69,Old Thing Back (feat. Ja Rule and Ralph Tresvant),2015
Matoma,2,False Alarm,59,False Alarm,2016
Matoma,3,Running Out,58,Running Out,2015
Matoma,4,Paradise (feat. KStewart),50,Paradise (feat. KStewart),2016
Matoma,5,False Alarm,49,False Alarm,2016
Matroda,1,Walk In The Spot,47,Walk In The Spot,2019
Matroda,2,The One,40,The One [UKF10],2019
Matroda,3,Kulio - Bonus Track,39,The RED Tape (Deluxe),2019
Matroda,4,Another Day (feat. Kaleena Zanders),38,The RED Tape - Side B,2019
Matroda,5,True G (feat. BRUX),35,The RED Tape - Side A,2019
Matt Simons,1,Catch & Release - Deepend Remix,69,When The Lights Go Down,2015
Matt Simons,2,Lose Control,46,Lose Control,2016
Matt Simons,3,After The Landslide - Club Remix,42,After The Landslide (Remix),2019
Matt Simons,4,Catch & Release (Alex Adair Remix),22,Catch & Release (Alex Adair Remix),2016
Matt Simons,5,Catch & Release - Deepend Remix,11,Catch & Release (Deepend Remix),2015
Mau y Ricky,1,La Boca - Remix,82,La Boca (Remix),2019
Mau y Ricky,2,La Boca,80,Para Aventuras y Curiosidades,2019
Mau y Ricky,3,Desconocidos,79,Desconocidos,2018
Mau y Ricky,4,BOTA FUEGO,77,BOTA FUEGO,2019
Mau y Ricky,5,"BOTA FUEGO (feat. Dímelo Flow, Justin Quiles & Lenny Tavárez) - Remix",75,"BOTA FUEGO (feat. Dímelo Flow, Justin Quiles & Lenny Tavárez) [Remix]",2019
Maxwell,1,Ascension (Don't Ever Wonder),65,Maxwell's Urban Hang Suite,1996
Maxwell,2,Safari,61,Safari,2016
Maxwell,3,Pretty Wings - uncut,58,BLACKsummers'night (2009),2009
Maxwell,4,This Woman's Work,57,Now,2001
Maxwell,5,Sumthin' Sumthin',55,Maxwell's Urban Hang Suite,1996
Mayday Parade,1,Terrible Things - EP Version,59,Valdosta EP,2009
Mayday Parade,2,I Swear This Time I Mean It,50,Anywhere But Here,2009
Mayday Parade,3,Kids in Love,45,Anywhere But Here,2009
Mayday Parade,4,Bruised and Scarred,44,Anywhere But Here,2009
Mayday Parade,5,When You See My Friends,44,Mayday Parade (Deluxe Edition),2011
Meek Mill,1,Going Bad (feat. Drake),85,Championships,2018
Meek Mill,2,"That's My N**** (with Meek Mill, YG & Snoop Dogg)",73,"That's My N**** (with Meek Mill, YG & Snoop Dogg) [From Bright: The Album]",2017
Meek Mill,3,R.I.C.O. (feat. Drake),71,Dreams Worth More Than Money,2015
Meek Mill,4,Ima Boss (feat. Rick Ross),65,"MMG Presents: Self Made, Vol. 1",2011
Meek Mill,5,Litty (feat. Tory Lanez),65,DC4,2016
Meghan Trainor,1,Like I'm Gonna Lose You (feat. John Legend),78,Title (Deluxe),2015
Meghan Trainor,2,Me Too,72,Thank You (Deluxe Version),2017
Meghan Trainor,3,Dear Future Husband,71,Title (Deluxe),2015
Meghan Trainor,4,All About That Bass,70,Title (Deluxe),2015
Meghan Trainor,5,NO,69,Thank You (Deluxe Version),2017
Metallica,1,Enter Sandman,79,Metallica,1991
Metallica,2,Enter Sandman,73,Metallica,1991
Metallica,3,The Unforgiven,73,Metallica,1991
Metallica,4,Nothing Else Matters,69,Metallica,1991
Metallica,5,Hardwired,56,Hardwired…To Self-Destruct,2016
Method Man,1,Built for This (feat. Freddie Gibbs & Streetlife),35,The Man with the Iron Fists (Original Motion Picture Soundtrack),2012
Method Man,2,Da Rockwilder,10,Blackout!,1999
Method Man,3,Part II,3,How High (Original Motion Picture Soundtrack),2001
Method Man,4,All I Need,0,Tical,1994
Method Man,5,Bring The Pain,0,Tical,1994
Metro Boomin,1,No Complaints,63,No Complaints,2017
Metro Boomin,2,Space Cadet (feat. Gunna),7,NOT ALL HEROES WEAR CAPES,2018
Metro Boomin,3,10 Freaky Girls (with 21 Savage),5,NOT ALL HEROES WEAR CAPES,2018
Metro Boomin,4,Borrowed Love (feat. Swae Lee & WizKid),2,NOT ALL HEROES WEAR CAPES,2018
Metro Boomin,5,Dreamcatcher (feat. Swae Lee & Travis Scott),2,NOT ALL HEROES WEAR CAPES,2018
Michael Jackson,1,Billie Jean,81,Thriller 25 Super Deluxe Edition,1982
Michael Jackson,2,Beat It - Single Version,77,Thriller 25 Super Deluxe Edition,1982
Michael Jackson,3,P.Y.T. (Pretty Young Thing),71,Thriller 25 Super Deluxe Edition,1982
Michael Jackson,4,Remember the Time,69,Dangerous,1991
Michael Jackson,5,Thriller,68,Scream,2017
Michael Learns To Rock,1,Take Me to Your Heart,61,Michael Learns To Rock,1999
Michael Learns To Rock,2,I'm Gonna Be Around - 2014 Remastered Version,42,25,2014
Michael Learns To Rock,3,Complicated Heart - 2014 Remastered Version,41,25,2014
Michael Learns To Rock,4,Sleeping Child - 2014 Remastered Version,40,25,2014
Michael Learns To Rock,5,The Actor - 2014 Remastered Version,40,25,2014
Midel,1,Cara de Diablo,66,Cara de Diablo,2019
Midel,2,"B.U.H.O (feat. Duki, Klave)",59,B.U.H.O,2017
Midel,3,Si No Fue Asi,55,Si No Fue Asi,2019
Midel,4,Guerra y Hambre,49,Guerra y Hambre,2019
Midel,5,B.U.H.O (feat. Duki & Klave),1,B.U.H.O (feat. Duki & Klave),2017
Migos,1,Bad and Boujee (feat. Lil Uzi Vert),77,Culture,2017
Migos,2,MotorSport,75,Culture II,2018
Migos,3,Stir Fry,75,Culture II,2018
Migos,4,Danger (with Migos & Marshmello),74,Danger (with Migos & Marshmello) [From Bright: The Album],2017
Migos,5,Narcos,73,Culture II,2018
Miguel,1,Sky Walker (feat. Travis Scott),77,War & Leisure,2017
Miguel,2,Come Through and Chill (feat. J. Cole & Salaam Remi),71,War & Leisure,2017
Miguel,3,Banana Clip,66,War & Leisure,2017
Miguel,4,Funeral,66,Funeral,2019
Miguel,5,All I Want Is You (feat. J. Cole),62,All I Want Is You,2010
Miguel Bosé,1,Aire soy (feat. Ximena Sariñana),63,Papitwo (Deluxe),2012
Miguel Bosé,2,Si tú no vuelves,57,Colección Definitiva,2013
Miguel Bosé,3,Amante Bandido,55,Bravo Bosé - 30 Grandes Exitos,1999
Miguel Bosé,4,Como un lobo (Dueto 2007),55,Papito (Deluxe),2007
Miguel Bosé,5,Horizonte de las Estrellas,34,Bandido,1984
Miguel Rios,1,Santa Lucia - Remastered,63,Rocanrol Bumerang,1980
Miguel Rios,2,Todo a Pulmon,47,Big Band Rios,1998
Miguel Rios,3,A Tumba Abierta - Live,0,Rock & Rios (Remastered),2005
Miguel Rios,4,Al Andalus - Live,0,Rock & Rios (Remastered),2005
Miguel Rios,5,Al Sur De Granada - Live,0,Rock & Rios (Remastered),2005
Mike Bahía,1,Detente,79,Navegando,2019
Mike Bahía,2,La Lá,70,La Lá,2019
Mike Bahía,3,La Lá,68,Navegando,2019
Mike Bahía,4,Serenata,64,Navegando,2019
Mike Bahía,5,Detente,4,Detente,2019
Mike Candys,1,Push It,60,Push It,2019
Mike Candys,2,Lights Go Down,59,Lights Go Down,2019
Mike Candys,3,Something Like That,58,Something Like That,2019
Mike Candys,4,The Riddle Anthem - Rework,54,The Riddle Anthem (Rework),2018
Mike Candys,5,Never Walk Alone - Radio Edit,40,Never Walk Alone (Radio Edit),2017
Mike Gudmann,1,Everything,38,Everything,2019
Mike Gudmann,2,Many Times,31,Many Times,2019
Mike Gudmann,3,I Feel Like,28,I Feel Like,2019
Mike Gudmann,4,Bailando,27,Bailando,2019
Mike Gudmann,5,Promise,25,Promise,2019
Mike Jones,1,Still Tippin' (feat. Slim Thug & Paul Wall),62,Who Is Mike Jones?,2005
Mike Jones,2,Back Then,58,Who Is Mike Jones?,2005
Mike Jones,3,Badd,54,United States Of Atlanta,2005
Mike Jones,4,Still Tippin' (feat. Slim Thug & Paul Wall),51,The American Dream,2007
Mike Jones,5,My 64 (feat. Bun B & Snoop Dogg),48,The American Dream,2007
Mike Perry,1,The Ocean (feat. Shy Martin),73,The Ocean (feat. Shy Martin),2016
Mike Perry,2,All Star,65,All Star,2019
Mike Perry,3,One Life,64,One Life,2019
Mike Perry,4,Stay Young,57,Stay Young,2017
Mike Perry,5,Body to Body,56,Body to Body,2017
Mike Posner,1,I Took A Pill In Ibiza - Seeb Remix,78,"At Night, Alone.",2016
Mike Posner,2,I Took A Pill In Ibiza - Seeb Remix,73,"At Night, Alone.",2016
Mike Posner,3,Fun Up Here (feat. Logic),56,Keep Going,2019
Mike Posner,4,Be As You Are - JordanXL Remix,45,"At Night, Alone.",2016
Mike Posner,5,Be As You Are,42,"At Night, Alone.",2016
Mike WiLL Made-It,1,23,68,23,2013
Mike WiLL Made-It,2,"Runnin (with A$AP Rocky, A$AP Ferg & Nicki Minaj)",66,Creed II: The Album,2018
Mike WiLL Made-It,3,Aries (YuGo) Part 2 (with Rae Sremmurd & Big Sean feat. Quavo & Pharrell),62,Aries (YuGo) Part 2 (with Rae Sremmurd & Big Sean feat. Quavo & Pharrell),2018
Mike WiLL Made-It,4,"Perfect Pint (feat. Kendrick Lamar, Gucci Mane & Rae Sremmurd)",62,Ransom 2,2017
Mike WiLL Made-It,5,"Gucci On My (feat. 21 Savage, YG & Migos)",60,Ransom 2,2017
Mike Williams,1,The Beat,70,The Beat,2018
Mike Williams,2,Wait Another Day,70,Wait Another Day,2018
Mike Williams,3,Day Or Night,67,Day Or Night,2019
Mike Williams,4,Kylie,63,Kylie,2019
Mike Williams,5,I Got You,56,I Got You,2019
Miky Woodz,1,Pinky Ring - Remix,66,Pinky Ring (Remix),2019
Miky Woodz,2,No Le Baje (Como en los Viejos Tiempos),59,No Le Baje (Como en los Viejos Tiempos),2019
Miky Woodz,3,Antes de Morirme,58,Before Famous,2017
Miky Woodz,4,Estamos Clear,54,EL OG,2018
Miky Woodz,5,No Siento Nada,48,No Siento Nada,2019
Miley Cyrus,1,Slide Away,81,Slide Away,2019
Miley Cyrus,2,Party In The U.S.A.,78,The Time Of Our Lives (International Version),2009
Miley Cyrus,3,Malibu,77,Younger Now,2017
Miley Cyrus,4,Mother's Daughter,77,SHE IS COMING,2019
Miley Cyrus,5,We Can't Stop,77,Bangerz (Deluxe Version),2013
Mint Condition,1,Breakin' My Heart (Pretty Brown Eyes),57,Meant To Be Mint,1991
Mint Condition,2,U Send Me Swingin',53,From The Mint Factory,1993
Mint Condition,3,What Kind Of Man Would I Be,51,Definition Of A Band,1996
Mint Condition,4,Nothing Left to Say,44,E-Life,2017
Mint Condition,5,If You Love Me,39,Life's Aquarium,1999
Minty Burns,1,Haunted,39,Hollywood Forever,2019
Minty Burns,2,Smoke Alone,34,The Dispensary,2018
Minty Burns,3,Dab Man,29,The Dispensary,2018
Minty Burns,4,On the Run,28,Hollywood Forever,2019
Minty Burns,5,Way Out,23,Way Out,2019
Mobb Deep,1,"Shook Ones, Pt. II",73,The Infamous,1995
Mobb Deep,2,Survival of the Fittest,68,The Infamous,1995
Mobb Deep,3,Hell on Earth (Front Lines),66,Hell On Earth (Explicit),1996
Mobb Deep,4,Quiet Storm,62,Murda Muzik,1999
Mobb Deep,5,Give Up the Goods (Just Step) (feat. Big Noyd),56,The Infamous,1995
Moguai,1,Gangsta - Radio Edit,34,Danceaholic,2016
Moguai,2,Don't Stop (feat. Moe Mitchell),31,Don't Stop (feat. Moe Mitchell),2019
Moguai,3,I Like It,28,I Like It,2018
Moguai,4,Lessons - Parookaville 2017 Anthem / FRDY Festival Remix,13,Lessons,2017
Moguai,5,Hold On - Radio Edit,4,Hold On,2015
Mon Laferte,1,Caderas Blancas,62,Norma,2018
Mon Laferte,2,Paisaje Japonés,58,Paisaje Japonés,2019
Mon Laferte,3,Canción De Mierda,56,Canción De Mierda,2019
Mon Laferte,4,Chilango Blues,54,Chilango Blues,2019
Mon Laferte,5,El Beso,54,El Beso,2018
Montell Jordan,1,This Is How We Do It,65,This Is How We Do It,1995
Montell Jordan,2,Get It On Tonite,51,Best Of Montell Jordan,2015
Montell Jordan,3,Get It On Tonite,38,#1 Spot,2005
Montell Jordan,4,This Is How We Do It,7,Best Of Montell Jordan,2015
Montell Jordan,5,Get It On Tonite,6,Get It On...Tonite,1999
Montrose,1,Rock Candy,48,Montrose,1973
Montrose,2,Rock the Nation,40,Montrose,1973
Montrose,3,Rock the Nation - Remastered,20,The Very Best Of Montrose,2000
Montrose,4,Bad Motor Scooter - Remastered LP Verison,14,The Very Best Of Montrose,2000
Montrose,5,Rock Candy - Remastered LP Verison,14,The Very Best Of Montrose,2000
Moonchild,1,The List,50,Voyager,2017
Moonchild,2,Back to Me,49,Be Free,2012
Moonchild,3,The Truth,40,Please Rewind,2015
Moonchild,4,Doors Closing,31,Voyager,2017
Moonchild,5,Cure,0,Cure,2017
Morbo,1,Enséñame,30,Morbo,2001
Morbo,2,Hoy,29,Morbo,2001
Morbo,3,Se Me Acaba,28,Morbo,2001
Morbo,4,Falaz,20,Morbo,2001
Morbo,5,No Es Lo Mismo,18,Morbo,2001
Morrissey,1,Suedehead - 2011 Remaster,63,Viva Hate [2011 - Remaster] (2011 Remastered Version),1988
Morrissey,2,Everyday Is Like Sunday - 2011 Remaster,60,Viva Hate [2011 - Remaster] (2011 Remastered Version),1988
Morrissey,3,Suedehead - 2011 Remaster,51,Viva Hate [Remastered],1988
Morrissey,4,Everyday Is Like Sunday - 2011 Remaster,50,Viva Hate [Remastered],1988
Morrissey,5,"The More You Ignore Me, the Closer I Get - 2014 Remaster",50,Vauxhall And I (20th Anniversary Definitive Master),1994
Mos Def,1,UMI Says,55,Black On Both Sides,1999
Mos Def,2,Love Rain - (Coffee Shop Mix),16,Jill Scott Collaborations,2007
Mos Def,3,Auditorium,0,The Ecstatic,2009
Mos Def,4,Beef,0,Rawkus Records - Best of Decade I 1995-2005 (Explicit Version),2005
Mos Def,5,Sunshine,0,The New Danger (Explicit Version),2004
Motörhead,1,Ace of Spades,74,Ace of Spades (Expanded Edition),1980
Motörhead,2,Overkill,61,Overkill (Deluxe Edition),1979
Motörhead,3,Breaking The Law,31,Hell Bent Forever - A Tribute To Judas Priest,2008
Motörhead,4,Hellraiser,22,Collections,2007
Motörhead,5,Overkill,20,Rock Band Classics,2008
Mr. Probz,1,Waves - Robin Schulz Radio Edit,76,Waves (Robin Schulz Radio Edit),2014
Mr. Probz,2,Nothing Really Matters - Afrojack Remix,52,Nothing Really Matters (Afrojack Remix),2015
Mr. Probz,3,Waves feat. Chris Brown & T.I - Robin Schulz Remix,48,Waves [feat. Chris Brown & T.I. (Robin Schulz Remix)],2014
Mr. Probz,4,Praying To A God - Melio Remix,43,Praying To A God (Remixes),2019
Mr. Probz,5,Waves - Robin Schulz Radio Edit,43,Dancefloor Hits,2014
Ms. Lauryn Hill,1,Ex-Factor,67,The Miseducation of Lauryn Hill,1998
Ms. Lauryn Hill,2,Mr. Intentional - Live,40,MTV Unplugged No. 2.0,2002
Ms. Lauryn Hill,3,Feeling Good,34,NINA REVISITED: A Tribute to Nina Simone,2015
Ms. Lauryn Hill,4,Doo Wop (That Thing),16,The Miseducation of Lauryn Hill,1998
Ms. Lauryn Hill,5,Ex-Factor,14,The Miseducation of Lauryn Hill,1998
Mura Masa,1,Move Me,64,Move Me,2018
Mura Masa,2,Complicated,61,Complicated,2018
Mura Masa,3,Love$ick,9,Love$ick,2016
Mura Masa,4,Firefly,5,Someday Somewhere,2015
Mura Masa,5,Love For That,2,Love For That,2015
Muse,1,Uprising,75,The Resistance,2009
Muse,2,Starlight,73,Black Holes and Revelations,2006
Muse,3,Supermassive Black Hole,73,Black Holes and Revelations,2006
Muse,4,Madness,70,The 2nd Law,2012
Muse,5,Hysteria,69,Absolution,2004
Musiq Soulchild,1,sobeautiful,58,onmyradio,2008
Musiq Soulchild,2,Just Friends (Sunny),57,Aijuswanaseing,2000
Musiq Soulchild,3,Just Friends (Sunny),55,Aijuswanaseing,2000
Musiq Soulchild,4,Love,54,Aijuswanaseing,2000
Musiq Soulchild,5,Halfcrazy - Album Version (Edited),51,Juslisen,2002
Mustard,1,Ballin' (with Roddy Ricch),90,Perfect Ten,2019
Mustard,2,"Baguettes in the Face (feat. NAV, Playboi Carti & A Boogie Wit da Hoodie)",82,Perfect Ten,2019
Mustard,3,"100 Bands (feat. Quavo, 21 Savage, YG & Meek Mill)",65,"100 Bands (feat. Quavo, 21 Savage, YG & Meek Mill)",2019
Mustard,4,In My Room (feat. Ty Dolla $ign & Tyga),61,Blood For Mercy,2015
Mustard,5,I Do...,39,The Ghetto,2017
Myke Towers,1,Si Se Da - Remix,84,Si Se da Remix,2019
Myke Towers,2,Piensan,81,Piensan,2019
Myke Towers,3,La Playa,79,La Playa,2019
Myke Towers,4,La Playa - Remix,79,La Playa (Remix),2020
Myke Towers,5,Si Se Da,78,Si Se Da,2019
MØ,1,Final Song,71,Final Song,2016
MØ,2,Sun In Our Eyes,58,Sun In Our Eyes,2018
MØ,3,Sun In Our Eyes - Don Diablo Remix,58,Sun In Our Eyes (Don Diablo Remix),2018
MØ,4,On & On - Mixed,53,Walshy Fire Presents: MMMMØ - The Mix,2019
MØ,5,Final Song - Diplo & Jauz Remix,49,Final Song (Diplo & Jauz Remix),2016
Mötley Crüe,1,Kickstart My Heart,76,Dr. Feelgood,1989
Mötley Crüe,2,"Girls, Girls, Girls",71,"Girls, Girls, Girls",1987
Mötley Crüe,3,Home Sweet Home,70,Theatre of Pain,1985
Mötley Crüe,4,Shout At The Devil,66,Shout At The Devil,1983
Mötley Crüe,5,Live Wire,64,Too Fast For Love,1981
Möwe,1,Skyline,57,Skyline,2017
Möwe,2,Down By The River (feat. Emy Perez),55,Down By The River (feat. Emy Perez),2018
Möwe,3,Boy Oh Boy,47,Back In The Summer,2016
Möwe,4,Skyline - Klave Remix,18,Skyline (Remixes),2017
Möwe,5,Lovers Friends - John Dahlbäck Remix,6,Lovers Friends (Remixes),2016
Mœnia,1,Ni Tú Ni Nadie,68,Stereo Hits,2005
Mœnia,2,Manto Estelar,65,Adicion,1999
Mœnia,3,No Dices Mas,62,Adicion,1999
Mœnia,4,Juegos de Amor,49,Stereo Hits,2005
Mœnia,5,No Puedo Estar Sin Ti,49,Moenia,1997
N.V.,1,Just Like the Wind,36,"High Power Records Greatest Freestyle Hits, Vol. One",1993
N.V.,2,Crimes Of love,0,Some Kind Of Love,1994
N.V.,3,Girl You Hear me Crying,0,Some Kind Of Love,1994
N.V.,4,Just Like The Wind (94 Flava),0,Some Kind Of Love,1994
N.V.,5,Some Kind Of Love,0,Some Kind Of Love,1994
N.W.A.,1,Straight Outta Compton,70,Straight Outta Compton,1988
N.W.A.,2,Fuck Tha Police,68,Straight Outta Compton,1988
N.W.A.,3,Gangsta Gangsta,62,Straight Outta Compton,1988
N.W.A.,4,Alwayz Into Somethin',61,Efil4zaggin,1991
N.W.A.,5,Chin Check,59,The Best Of N.W.A: The Strength Of Street Knowledge,2006
N1NT3ND0,1,Криминал,50,N1NT3ND0,2011
N1NT3ND0,2,Ран Вася Ран,39,N1NT3ND0,2011
N1NT3ND0,3,Буду погибать мало.дым,32,N1NT3ND0,2011
N1NT3ND0,4,ЧП,26,N1NT3ND0,2011
N1NT3ND0,5,Пуля на вылет,23,N1NT3ND0,2011
NAEMS,1,Jolly Roger,27,Jolly Roger,2019
NAEMS,2,Shambo,23,Shambo,2019
NAEMS,3,Mantra,19,Mantra,2018
NAEMS,4,Dominica,18,Dominica,2018
NAEMS,5,Savana (Radio Edit),18,Savana,2019
NERVO,1,Faded,64,Faded,2019
NERVO,2,Dare Me,60,Dare Me,2020
NERVO,3,You're Gonna Love Again,51,Collateral,2015
NERVO,4,You're Gonna Love Again,35,You're Gonna Love Again,2012
NERVO,5,Reason,30,Reason,2012
NGHTMRE,1,CASH COW,67,CASH COW,2019
NGHTMRE,2,GUD VIBRATIONS,63,GUD VIBRATIONS,2016
NGHTMRE,3,GUD VIBRATIONS - Habstrakt Remix,57,GUD VIBRATIONS (Habstrakt Remix),2019
NGHTMRE,4,Like That,57,Like That,2018
NGHTMRE,5,REDLIGHT - Holy Goof Remix,50,REDLIGHT (Holy Goof Remix),2019
NLE Choppa,1,Camelot,85,Camelot,2019
NLE Choppa,2,Famous Hoes,80,Famous Hoes,2019
NLE Choppa,3,Shotta Flow (Feat. Blueface) [Remix],80,Shotta Flow (Feat. Blueface) [Remix],2019
NLE Choppa,4,"Camelot (feat. Yo Gotti, BlocBoy JB & Moneybagg Yo) - Remix",77,"Camelot (feat. Yo Gotti, BlocBoy JB & Moneybagg Yo) [Remix]",2019
NLE Choppa,5,Shotta Flow,76,Shotta Flow,2019
NLSN,1,Like Lovers Do,57,Like Lovers Do,2019
NLSN,2,Turn You Down,52,Turn You Down,2019
NLSN,3,Cloud Forest,48,Cloud Forest,2020
NLSN,4,Alright,46,Alright,2019
NLSN,5,Here with You,44,Here with You,2018
NODE,1,Limbo (feat. Gilli),61,Limbo (feat. Gilli),2020
NODE,2,Ra Ta Ta Ta (feat. Stepz),55,Samme Vej,2019
NODE,3,Mafiosa,53,Samme Vej,2019
NODE,4,Ghettostjerne (feat. ZK),49,Samme Vej,2019
NODE,5,Samme Vej,49,Samme Vej,2019
NOTD,1,So Close,79,So Close (feat. Georgia Ku),2018
NOTD,2,I Wanna Know (feat. Bea Miller),74,I Wanna Know (feat. Bea Miller),2018
NOTD,3,I Miss Myself (with HRVY),71,I Miss Myself (with HRVY),2019
NOTD,4,Wanted,70,Wanted,2019
NOTD,5,I Miss Myself - R3HAB Remix,56,I Miss Myself (R3HAB Remix),2019
Nacho,1,Báilame - Remix,69,La Criatura,2018
Nacho,2,Ya No Más,67,Ya No Más,2019
Nacho,3,Mona Lisa,66,Mona Lisa,2019
Nacho,4,Báilame,63,La Criatura,2018
Nacho,5,Emborráchate,62,UNO,2019
Naeleck,1,Threnody - Bombs Away Remix,50,Threnody,2016
Naeleck,2,Take A Sip - Dodge & Fuski Remix,49,Take A Sip Remixes,2019
Naeleck,3,"Disease - KATFYR ""Tokyo Bound"" Remix",43,Disease,2013
Naeleck,4,Virtual Gaming,37,Virtual Gaming,2020
Naeleck,5,Threnody,25,Threnody,2016
Nappy Roots,1,Awnaw - All Hooks up Version,49,"Watermelon, Chicken & Gritz",2002
Nappy Roots,2,Po' Folks (feat. Anthony Hamilton),48,"Watermelon, Chicken & Gritz",2002
Nappy Roots,3,Melting Pot,36,The 40 Akerz Project,2015
Nappy Roots,4,Country Boyz,35,"Watermelon, Chicken & Gritz",2002
Nappy Roots,5,Blowin' Trees (+ Napdonalds Skit),29,"Watermelon, Chicken & Gritz",2002
Nas,1,If I Ruled the World (Imagine That) (feat. Lauryn Hill),68,It Was Written,1996
Nas,2,N.Y. State of Mind,66,Illmatic XX,1994
Nas,3,The Message,64,It Was Written,1996
Nas,4,Hate Me Now (feat. Puff Daddy),62,I Am...,1999
Nas,5,The World Is Yours,60,Illmatic,1994
Natti Natasha,1,La Mejor Versión de Mi - Remix,80,La Mejor Versión de Mi (Remix),2019
Natti Natasha,2,Criminal,77,Criminal,2017
Natti Natasha,3,Me Gusta - Remix,70,Me Gusta (Remix),2019
Natti Natasha,4,Deja Tus Besos - Remix,62,Deja Tus Besos (Remix),2019
Natti Natasha,5,Pa' Mala Yo,53,Iluminatti,2019
Nazareth,1,Love Hurts,58,Hair Of The Dog,1975
Nazareth,2,Love Hurts,7,Hair Of The Dog,2010
Nazareth,3,Hair of the Dog,2,Hair Of The Dog,2010
Nazareth,4,Love Hurts,1,The Singles,2012
Nazareth,5,Razamanaz,0,The Anthology,2009
Ne-Yo,1,So Sick,77,In My Own Words,2006
Ne-Yo,2,Let Me Love You (Until You Learn To Love Yourself),69,R.E.D. (Deluxe Edition),2012
Ne-Yo,3,Miss Independent,68,Year Of The Gentleman (Bonus Track Edition),2008
Ne-Yo,4,So Sick,16,In My Own Words,2006
Ne-Yo,5,Because Of You,7,Because Of You,2007
Neil Young,1,Heart of Gold - 2009 Remaster,71,Harvest (2009 Remaster),1972
Neil Young,2,Rockin' in the Free World,65,Freedom,1989
Neil Young,3,Old Man - 2017 Remaster,50,Decade,1977
Neil Young,4,Shut It Down,43,Colorado,2019
Neil Young,5,Milky Way,36,Milky Way,2019
Nelly,1,Dilemma,77,Nellyville,2002
Nelly,2,Ride Wit Me,73,Country Grammar,2000
Nelly,3,Hot In Herre,71,Nellyville,2002
Nelly,4,Air Force Ones,61,Nellyville,2002
Nelly,5,Over And Over,59,Suit,2004
New Edition,1,Can You Stand The Rain,61,Heart Break,1988
New Edition,2,If It Isn't Love,57,Heart Break,1988
New Edition,3,I'm Still In Love With You,52,Home Again,1996
New Edition,4,Hit Me Off,45,Home Again,1996
New Edition,5,If It Isn't Love,44,Greatest Hits-Volume One,1991
New Order,1,Blue Monday - 2016 Remaster,73,Singles (Remastered),2005
New Order,2,Bizarre Love Triangle,67,Brotherhood [Collector's Edition],1986
New Order,3,Age of Consent - 2015 Remaster,65,Power Corruption and Lies,1983
New Order,4,Blue Monday - 2011 Total Version,54,TOTAL,2011
New Order,5,Your Silent Face - 2015 Remaster,54,Power Corruption and Lies,1983
New World Sound,1,Aye,0,Aye,2013
New World Sound,2,Bantam,0,Bantam,2012
New World Sound,3,Cube,0,Cube,2013
New World Sound,4,Flute - Radio Mix,0,Flute,2013
New World Sound,5,The Buzz - Original Mix Edit,0,The Buzz,2014
Next,1,Too Close,64,Rated Next,1997
Next,2,Wifey,53,Platinum & Gold Collection,2004
Next,3,Leaving with Me,37,Leaving with Me - Single,2014
Next,4,I Still Love You,36,Rated Next,1997
Next,5,Wifey - Club Mix/Dirty Version,24,Work It Out!,2010
Niall Horan,1,Nice To Meet Ya,87,Nice To Meet Ya,2019
Niall Horan,2,Put A Little Love On Me,80,Put A Little Love On Me,2019
Niall Horan,3,Slow Hands,77,Flicker (Deluxe),2017
Niall Horan,4,Nice To Meet Ya - Diplo Remix,65,Nice To Meet Ya (Diplo Remix),2019
Niall Horan,5,Slow Hands,63,Slow Hands,2017
Nick Jonas,1,Right Now,73,Right Now,2018
Nick Jonas,2,Jealous - Remix,69,Nick Jonas X2,2015
Nick Jonas,3,"Introducing Me - From ""Camp Rock 2: The Final Jam""",67,Camp Rock 2: The Final Jam,2010
Nick Jonas,4,Jealous,65,Nick Jonas X2,2015
Nick Jonas,5,Introducing Me,49,Camp Rock 2: The Final Jam,2010
Nickelback,1,How You Remind Me,78,Silver Side Up,2001
Nickelback,2,Burn It to the Ground,70,Dark Horse,2008
Nickelback,3,Far Away,70,All the Right Reasons,2005
Nickelback,4,Photograph,67,All the Right Reasons,2005
Nickelback,5,Savin' Me,64,All the Right Reasons,2005
Nicki Minaj,1,MEGATRON,75,MEGATRON,2019
Nicki Minaj,2,Starships,73,Pink Friday: Roman Reloaded The Re-Up (Explicit Version),2012
Nicki Minaj,3,Chun-Li,72,Queen,2018
Nicki Minaj,4,Super Bass,71,Pink Friday (Deluxe),2010
Nicki Minaj,5,Starships,69,Pink Friday ... Roman Reloaded,2011
Nicky Jam,1,Whine Up,90,Intimo,2019
Nicky Jam,2,Muévelo,82,Muévelo,2020
Nicky Jam,3,Atrévete,81,Intimo,2019
Nicky Jam,4,El Perdón,74,Fénix,2017
Nicky Jam,5,X - Remix,73,X (Remix),2018
Nicky Romero,1,Paradise,65,Paradise,2018
Nicky Romero,2,Dynamite,61,Dynamite,2019
Nicky Romero,3,Love You Forever,61,Love You Forever,2019
Nicky Romero,4,Ring The Alarm,57,Ring The Alarm,2019
Nicky Romero,5,Ring The Alarm - Stadiumx Remix,49,Ring The Alarm (Remixes),2019
Nidža Bleja,1,All I Wonna Do Is You,40,Worldwide Vol.5,2016
Nidža Bleja,2,Fjudziz,37,Electromusic,2010
Nidža Bleja,3,Feel jazz,36,Gajbeni muzicki studio DZEZ,2009
Nidža Bleja,4,Feel jazz - Remix,36,Gajbeni muzicki studio DZEZ,2009
Nidža Bleja,5,Hope,36,Zaraze,2008
Night Lovell,1,BUMBLE BEE,64,GOODNIGHT LOVELL,2019
Night Lovell,2,MARY JANE,62,GOODNIGHT LOVELL,2019
Night Lovell,3,BAD KID,61,GOODNIGHT LOVELL,2019
Night Lovell,4,PLEASE DON’T GO,61,GOODNIGHT LOVELL,2019
Night Lovell,5,CAN'T LOSE YOU,55,GOODNIGHT LOVELL,2019
Night Tempo,1,Catch!,38,Catch!,2017
Night Tempo,2,Better Days,30,Better Days,2018
Night Tempo,3,Love Me Like You Do,30,Fantasy,2017
Night Tempo,4,Usagi Funk,30,Usagi Funk,2017
Night Tempo,5,ShortCake,29,Fantasy,2017
Nio Garcia,1,Te Boté - Remix,80,Te Boté (Remix),2018
Nio Garcia,2,Mírame - Remix,79,Mírame,2019
Nio Garcia,3,Hoy Se Bebe - Remix,68,Hoy Se Bebe (Remix),2019
Nio Garcia,4,Mírame,66,Mírame,2019
Nio Garcia,5,La Jeepeta,63,La Jeepeta,2020
Nirvana,1,Smells Like Teen Spirit,81,Nevermind (Deluxe Edition),1991
Nirvana,2,Heart-Shaped Box,74,In Utero - 20th Anniversary - Deluxe Edition,1993
Nirvana,3,Smells Like Teen Spirit,74,Nevermind (Remastered),1991
Nirvana,4,Come As You Are,72,Nevermind (Remastered),1991
Nirvana,5,The Man Who Sold The World,72,MTV Unplugged In New York,1994
Noah Cyrus,1,July,88,July,2019
Noah Cyrus,2,Lonely,75,Lonely,2019
Noah Cyrus,3,Make Me (Cry),69,Make Me (Cry),2016
Noah Cyrus,4,Team,66,Team,2018
Noah Cyrus,5,Again - Alan Walker Remix,58,Again (Alan Walker Remix),2017
Noname,1,Diddy Bop (feat. Cam O'bi & Raury),63,Telefone,2016
Noname,2,"Shadow Man (feat. Phoelix, Smino & Saba)",61,Telefone,2016
Noname,3,Song 32,60,Song 32,2019
Noname,4,Song 32,7,Song 32,2019
Noname,5,Song 31,4,Song 31,2019
Nothing More,1,Let 'em Burn,59,The Stories We Tell Ourselves,2017
Nothing More,2,Do You Really Want It,57,The Stories We Tell Ourselves,2017
Nothing More,3,Go To War,54,Go To War,2017
Nothing More,4,Who We Are,44,The Stories We Tell Ourselves,2017
Nothing More,5,This Is the Time (Ballast),0,This Is the Time (Ballast),2014
Nurminsky,1,Ауфф,47,Ауфф,2018
Nurminsky,2,Валим,47,Пацаны с улиц выбиваются в люди,2019
Nurminsky,3,Мент на меня газует,46,Мент на меня газует,2018
Nurminsky,4,Джип,45,Джип,2018
Nurminsky,5,За 105 двор,38,За 105 двор,2019
O.T. Genasis,1,Big Shot (feat. Mustard),65,Big Shot (feat. Mustard),2019
O.T. Genasis,2,CoCo,64,CoCo,2014
O.T. Genasis,3,Cut It (feat. Young Dolph),63,Cut It (feat. Young Dolph),2015
O.T. Genasis,4,Thick (feat. 2 Chainz),50,Coke N Butter,2016
O.T. Genasis,5,CoCo - Flosstradamus Remix,34,CoCo: The Global Remixes,2015
ODESZA,1,Sun Models (feat. Madelyn Grant),67,In Return,2014
ODESZA,2,Say My Name (feat. Zyra),66,In Return,2014
ODESZA,3,Loyal,57,A Moment Apart (Deluxe Edition),2018
ODESZA,4,Kusanagi,54,In Return,2014
ODESZA,5,La Ciudad,54,A Moment Apart,2017
OMI,1,Cheerleader - Felix Jaehn Remix Radio Edit,76,Me 4 U,2015
OMI,2,Cheerleader - Felix Jaehn Remix Radio Edit,67,Me 4 U,2015
OMI,3,Cheerleader (Felix Jaehn Remix) - Radio Edit,51,Cheerleader (Felix Jaehn Remix Radio Edit),2015
OMI,4,Drop In the Ocean,50,Me 4 U,2015
OMI,5,Cheerleader (Ricky Blaze Remix),29,Cheerleader (Remixes),2014
ONE OK ROCK,1,The Beginning,61,JINSEI KAKETE BOKU WA,2013
ONE OK ROCK,2,We Are,54,Ambitions,2017
ONE OK ROCK,3,完全感覚Dreamer,54,Nicheシンドローム,2010
ONE OK ROCK,4,One Way Ticket,53,Ambitions,2017
ONE OK ROCK,5,Cry Out,51,35xxxv (Deluxe Edition),2015
Oasis,1,Wonderwall - Remastered,79,(What's The Story) Morning Glory? [Remastered],1995
Oasis,2,Don't Look Back in Anger - Remastered,73,(What's The Story) Morning Glory? [Remastered],1995
Oasis,3,Stand by Me,67,Be Here Now,1997
Oasis,4,Stop Crying Your Heart Out,67,Heathen Chemistry,2002
Oasis,5,Champagne Supernova - Remastered,66,(What's The Story) Morning Glory? [Remastered],1995
Odd Chap,1,Cheek to Cheek - Swing Hop Mix,45,Cheek to Cheek (Swing Hop Mix),2019
Odd Chap,2,Day & Night,45,Day & Night,2018
Odd Chap,3,Button Up,39,Vintage Jukebox EP,2018
Odd Chap,4,To the Bat Cave,39,To the Bat Cave,2018
Odd Chap,5,Higher Love,38,Higher Love,2018
Of Monsters and Men,1,Little Talks,75,My Head Is An Animal,2012
Of Monsters and Men,2,King And Lionheart,61,My Head Is An Animal,2012
Of Monsters and Men,3,From Finner,45,My Head Is An Animal,2012
Of Monsters and Men,4,Crystals,5,Beneath The Skin (Deluxe),2015
Of Monsters and Men,5,Empire,4,Beneath The Skin (Deluxe),2015
Offset,1,Ric Flair Drip (& Metro Boomin),81,Without Warning,2017
Offset,2,Clout (feat. Cardi B),78,FATHER OF 4,2019
Offset,3,Legacy (feat. Travis Scott & 21 Savage),72,FATHER OF 4,2019
Offset,4,Red Room,67,Red Room,2019
Offset,5,Wild Wild West (feat. Gunna),60,FATHER OF 4,2019
Oh Wonder,1,Happy,69,Happy,2020
Oh Wonder,2,Drive,66,Oh Wonder,2015
Oh Wonder,3,Midnight Moon,49,Oh Wonder,2015
Oh Wonder,4,Technicolour Beat,5,Oh Wonder,2015
Oh Wonder,5,Without You,4,Oh Wonder,2015
Ol' Dirty Bastard,1,Got Your Money (feat. Kelis),65,N***A Please,1999
Ol' Dirty Bastard,2,Shimmy Shimmy Ya,65,Return To The 36 Chambers: The Dirty Version,1995
Ol' Dirty Bastard,3,Brooklyn Zoo,59,Return To The 36 Chambers: The Dirty Version,1995
Ol' Dirty Bastard,4,Damage,37,Return To The 36 Chambers: The Dirty Version,1995
Ol' Dirty Bastard,5,Shimmy Shimmy Ya,1,Rhino Hi-Five: Ol' Dirty Bastard,2006
Olexesh,1,Magisch,52,Magisch,2018
Olexesh,2,Fake Love,45,ROLEXESH,2018
Olexesh,3,Schüsse aus'm Benz,44,ROLEXESH,2018
Olexesh,4,MOB,43,MOB,2017
Olexesh,5,Geld spielt keine Rolex,42,ROLEXESH,2018
Oliver Heldens,1,Fire In My Soul,70,Fire In My Soul,2018
Oliver Heldens,2,This Groove,70,This Groove,2019
Oliver Heldens,3,The G.O.A.T.,62,The G.O.A.T.,2020
Oliver Heldens,4,Summer Lover (feat. Devin & Nile Rodgers),61,Summer Lover (feat. Devin & Nile Rodgers),2019
Oliver Heldens,5,Summer Lover (feat. Devin & Nile Rodgers) - Moguai Remix,38,Summer Lover (Moguai Remix) (feat. Devin & Nile Rodgers),2019
Olly James,1,Movin' Too Fast,43,Movin' Too Fast,2019
Olly James,2,Tokyo,42,Tokyo,2019
Olly James,3,Amsterdam,39,Amsterdam,2020
Olly James,4,Fusion,38,Fusion,2019
Olly James,5,CA$H,32,CA$H,2019
Olympis,1,Cool Kids,67,Cool Kids,2019
Olympis,2,eoh,60,eoh,2019
Olympis,3,Wrong (with Emund),44,Wrong (with Emund),2019
Olympis,4,eoh (Mike Emilio Remix),44,eoh (Mike Emilio Remix),2019
Olympis,5,Candy Shop,36,Candy Shop,2020
One Direction,1,Story of My Life,80,Midnight Memories (Deluxe),2013
One Direction,2,What Makes You Beautiful,78,Up All Night,2012
One Direction,3,They Don't Know About Us,77,Take Me Home: Yearbook Edition,2012
One Direction,4,Drag Me Down,76,Made In The A.M. (Deluxe Edition),2015
One Direction,5,Steal My Girl,73,FOUR (Deluxe),2014
OneRepublic,1,Counting Stars,80,Native,2013
OneRepublic,2,Secrets,76,Waking Up,2009
OneRepublic,3,Counting Stars,74,Native,2014
OneRepublic,4,Wanted,74,Wanted,2019
OneRepublic,5,Connection,70,Connection,2018
Orchestral Manoeuvres In The Dark,1,Enola Gay - Remastered,65,Organisation,1980
Orchestral Manoeuvres In The Dark,2,"If You Leave - From ""Pretty In Pink""",59,If You Leave,2009
Orchestral Manoeuvres In The Dark,3,Electricity - 2003 Digital Remaster,55,Orchestral Manoeuvres In The Dark,1980
Orchestral Manoeuvres In The Dark,4,Souvenir - Remastered 2003,54,Architecture And Morality,1981
Orchestral Manoeuvres In The Dark,5,So In Love,53,Crush,1985
Orishas,1,537 C U B A,54,A Lo Cubano,1999
Orishas,2,"Cuba Isla Bella (feat. Gente de Zona, Leoni Torres, Isaac Delgado, Buena Fe, Descemer Bueno, Laritza Bacallao, Waldo Mendoza & Pedrito Martinez)",49,"Cuba Isla Bella (feat. Gente de Zona, Leoni Torres, Isaac Delgado, Buena Fe, Descemer Bueno, Laritza Bacallao, Waldo Mendoza & Pedrito Martinez)",2016
Orishas,3,Havana 1957,49,Gourmet,2018
Orishas,4,Cuba No Se Fue de Mí,47,Cuba No Se Fue de Mí,2019
Orishas,5,Everyday,44,Gourmet,2018
Otsochodzi,1,Nowy Kolor,57,Nowy Kolor,2017
Otsochodzi,2,Mów,56,Mów,2019
Otsochodzi,3,Kevin,55,Kevin,2019
Otsochodzi,4,Sezon,54,Miłość,2019
Otsochodzi,5,Wszystko co mam,53,Wszystko co mam,2019
OutKast,1,Hey Ya!,78,Speakerboxxx/The Love Below,2003
OutKast,2,Ms. Jackson,77,Stankonia,2000
OutKast,3,Roses,71,Speakerboxxx/The Love Below,2003
OutKast,4,ATLiens,67,ATLiens,1996
OutKast,5,"So Fresh, So Clean",66,Stankonia,2000
Ozuna,1,Fantasía,85,Nibiru,2019
Ozuna,2,Baila Baila Baila - Remix,80,"Baila Baila Baila (Remix) [feat. Farruko, Anuel Aa]",2019
Ozuna,3,Vaina Loca,79,Aura,2018
Ozuna,4,Patek,75,Nibiru,2019
Ozuna,5,Se Preparó,75,Odisea,2017
Ozzy Osbourne,1,Crazy Train,77,Blizzard of Ozz (Expanded Edition),1980
Ozzy Osbourne,2,Ordinary Man (feat. Elton John),71,Ordinary Man (feat. Elton John),2020
Ozzy Osbourne,3,Under the Graveyard,71,Under the Graveyard,2019
Ozzy Osbourne,4,"Mama, I'm Coming Home",69,No More Tears (Expanded Edition),1991
Ozzy Osbourne,5,Straight to Hell,66,Straight to Hell,2019
P!nk,1,Just Give Me a Reason (feat. Nate Ruess),80,The Truth About Love,2012
P!nk,2,Raise Your Glass,76,Raise Your Glass,2010
P!nk,3,What About Us,76,Beautiful Trauma,2017
P!nk,4,Can We Pretend (feat. Cash Cash),75,Can We Pretend (feat. Cash Cash),2019
P!nk,5,"Just Like Fire (From the Original Motion Picture ""Alice Through The Looking Glass"")",70,"Just Like Fire (From the Original Motion Picture ""Alice Through The Looking Glass"")",2016
PJ Harvey,1,Down By The Water,58,To Bring You My Love,1995
PJ Harvey,2,This Mess We're In,58,"Stories From The City, Stories From The Sea",2000
PJ Harvey,3,This Is Love,51,"Stories From The City, Stories From The Sea",2000
PJ Harvey,4,Red Right Hand - From 'Peaky Blinders' Original Soundtrack,50,Red Right Hand (From 'Peaky Blinders' Original Soundtrack),2019
PJ Harvey,5,The Words That Maketh Murder,37,Let England Shake,2011
PRETTYMUCH,1,Phases,76,Phases,2019
PRETTYMUCH,2,Summer on You,73,Summer on You,2018
PRETTYMUCH,3,Would You Mind,64,Would You Mind,2017
PRETTYMUCH,4,Jello,63,Jello,2018
PRETTYMUCH,5,Open Arms,61,Open Arms,2017
Pablo Alborán,1,Tabú,78,Tabú,2019
Pablo Alborán,2,Dónde está el amor (feat. Jesse & Joy),70,Tanto (Edición Premium),2012
Pablo Alborán,3,Pasos de cero,67,Terral,2014
Pablo Alborán,4,Recuérdame,65,Terral,2014
Pablo Alborán,5,Solamente tú,57,Tanto (Nueva edición),2012
Panama Wedding,1,All of the People,46,Parallel Play,2014
Panama Wedding,2,All Of The People,0,All Of The People,2014
Panama Wedding,3,Feels Like Summer,0,Parallel Play EP,2014
Panama Wedding,4,Halfway To Heaven,0,Into Focus EP,2015
Panama Wedding,5,Infinite High,0,Infinite High,2015
Panic! At The Disco,1,High Hopes,86,Pray for the Wicked,2018
Panic! At The Disco,2,Into the Unknown - Panic! At The Disco Version,82,Frozen 2 (Original Motion Picture Soundtrack/Deluxe Edition),2019
Panic! At The Disco,3,This Is Gospel,72,"Too Weird To Live, Too Rare To Die!",2013
Panic! At The Disco,4,Miss Jackson (feat. LOLO),68,"Too Weird To Live, Too Rare To Die!",2013
Panic! At The Disco,5,Lying Is the Most Fun a Girl Can Have Without Taking Her Clothes Off,63,A Fever You Can't Sweat Out,2005
Papa Roach,1,Last Resort,79,Infest,2001
Papa Roach,2,Scars,64,Getting Away With Murder,2004
Papa Roach,3,Come Around,63,Who Do You Trust?,2019
Papa Roach,4,Elevate,62,Elevate,2018
Papa Roach,5,...To Be Loved,55,The Paramour Sessions,2006
Paperwhite,1,Only Us,43,Only Us,2017
Paperwhite,2,Storm,40,Escape,2016
Paperwhite,3,Count On You,30,Count On You,2018
Paperwhite,4,Galaxy,29,Magic,2014
Paperwhite,5,Wanderlust,27,Escape,2016
Paramore,1,Hard Times,74,After Laughter,2017
Paramore,2,Misery Business,71,Riot!,2007
Paramore,3,Fake Happy,64,After Laughter,2017
Paramore,4,That's What You Get,63,Riot!,2007
Paramore,5,Ignorance - Acoustic,50,Ignorance,2009
Parokya Ni Edgar,1,Harana,62,Buruguduystunstugudunstuy,1997
Parokya Ni Edgar,2,Halaga,61,Gulong Itlog Gulong,1999
Parokya Ni Edgar,3,Bagsakan,54,Halina Sa Parokya,2005
Parokya Ni Edgar,4,The Yes Yes Show,46,"Inuman Sessions, Vol. 1",2004
Parokya Ni Edgar,5,Harana,45,"Inuman Sessions, Vol. 1",2004
Parov Stelar,1,Booty Swing,63,"The Princess, Pt. Two",2012
Parov Stelar,2,All Night,59,The Princess,2012
Parov Stelar,3,All Night,56,The Art Of Sampling (Deluxe Version),2013
Parov Stelar,4,The Sun - Klingande Remix Radio Edit,56,The Sun (Klingande Remix),2015
Parov Stelar,5,Mambo Rap,50,Mambo Rap,2018
Party Favor,1,Bap U,59,Bap U,2014
Party Favor,2,Work It Out,55,Layers,2019
Party Favor,3,Gasoline,52,Gasoline,2019
Party Favor,4,2012,51,2012,2019
Party Favor,5,Blame - Tisoki Remix,44,Blame (Remixes),2019
Pasabordo,1,El Besito - Unplugged,45,El Besito (Unplugged),2020
Pasabordo,2,Quisiera - Unplugged,37,Quisiera (Unplugged),2019
Pasabordo,3,El Besito,0,Paso a Paso,2012
Pasabordo,4,El Calendario,0,Por Ti,2008
Pasabordo,5,Te Quiero Amar,0,Paso a Paso,2012
Pastor Troy,1,Throw It Up,52,Kings Of Crunk,2002
Pastor Troy,2,Murder Man,47,Face Off Part II,2005
Pastor Troy,3,Vica Versa,47,Face Off,2001
Pastor Troy,4,No Mo Play In G.A.,21,We Ready I Declare War,1999
Pastor Troy,5,"Who, Want, War",15,Face Off Part II,2005
Pat Benatar,1,Hit Me With Your Best Shot,68,Crimes Of Passion,1980
Pat Benatar,2,We Belong,66,Tropico,1984
Pat Benatar,3,Love Is A Battlefield,59,Pat Benatar: The Collection,2001
Pat Benatar,4,Shadows Of The Night,55,Get Nervous,1982
Pat Benatar,5,Hit Me With Your Best Shot - Remastered,44,Classic Rock,2008
Paul McCartney,1,Band On The Run - Remastered 2010,71,Band On The Run (Standard),1973
Paul McCartney,2,Maybe I’m Amazed - Remastered 2011,67,McCartney (Paul McCartney Archive Collection),1970
Paul McCartney,3,Uncle Albert / Admiral Halsey - Medley / Remastered 2012,55,Ram (Paul McCartney Archive Collection),1971
Paul McCartney,4,Come On To Me,40,Egypt Station (Explorer's Edition),2019
Paul McCartney,5,No More Lonely Nights,37,Wingspan,2001
Paula Abdul,1,Straight Up,59,Forever Your Girl,1988
Paula Abdul,2,Cold Hearted,53,Forever Your Girl,1988
Paula Abdul,3,Opposites Attract,51,Forever Your Girl,1988
Paula Abdul,4,Forever Your Girl,41,Forever Your Girl,1988
Paula Abdul,5,The Way That You Love Me,36,Forever Your Girl,1988
Paulo Londra,1,Adan y Eva,79,Adan y Eva,2018
Paulo Londra,2,Tal Vez,78,Tal Vez,2019
Paulo Londra,3,Por Eso Vine,77,Homerun,2019
Paulo Londra,4,Party (feat. A Boogie Wit da Hoodie),74,Party (feat. A Boogie Wit da Hoodie),2019
Paulo Londra,5,No Puedo,73,Homerun,2019
Pearl Jam,1,Alive,75,Ten,1991
Pearl Jam,2,Black,75,Ten,1991
Pearl Jam,3,Even Flow,75,Ten,1991
Pearl Jam,4,Last Kiss,70,Last Kiss,1999
Pearl Jam,5,Yellow Ledbetter,69,Jeremy,1991
Pebbles,1,Girlfriend - Single Version,42,Greatest Hits: Pebbles,2000
Pebbles,2,Mercedes Boy,40,Pebbles,1987
Pebbles,3,Giving You The Benefit,31,Always,1990
Pebbles,4,Giving You The Benefit,25,'90s Soul Number 1's,2007
Pebbles,5,Mercedes Boy - Single Remix Version,25,Greatest Hits: Pebbles,2000
Pegboard Nerds,1,MOSHI,50,MOSHI,2019
Pegboard Nerds,2,Exterminate,36,Exterminate,2019
Pegboard Nerds,3,Hero (feat. Elizaveta),2,Hero (feat. Elizaveta),2014
Pegboard Nerds,4,Swamp Thing,1,Swamp Thing,2015
Pegboard Nerds,5,BAMF,0,BAMF,2016
Pekeño 77,1,Tamo Lindo,61,Tamo Lindo,2019
Pekeño 77,2,Detenido,59,Detenido,2019
Pekeño 77,3,Titi Flaco,52,Titi Flaco,2019
Pekeño 77,4,"Chico, Qué Te Pasa?",49,EP3: Conocí La Muerte y No Era Tan Mala,2019
Pekeño 77,5,Rangos,10,Rangos,2019
Pet Shop Boys,1,Always on My Mind,70,Discography - Complete Singles Collection,1998
Pet Shop Boys,2,West End Girls - 2001 Remaster,67,Please,1986
Pet Shop Boys,3,It's a Sin - 2001 Remaster,65,Actually,1987
Pet Shop Boys,4,Go West - 2003 Remaster,63,PopArt - The Hits,2003
Pet Shop Boys,5,Domino Dancing,59,Discography - Complete Singles Collection,1998
Pete Kingsman,1,Out of the Darkness - Radio Edit,38,Out of the Darkness (Radio Edit),2018
Pete Kingsman,2,Someone,32,Someone,2018
Pete Kingsman,3,Love Poison,30,Love Poison,2018
Pete Kingsman,4,Like You Know,29,Like You Know,2018
Pete Kingsman,5,Only You,23,Only You,2019
Pete Rock & C.L. Smooth,1,They Reminisce Over You (T.R.O.Y.),60,Mecca And The Soul Brother,1992
Pete Rock & C.L. Smooth,2,Straighten It Out,52,Mecca And The Soul Brother,1992
Pete Rock & C.L. Smooth,3,For Pete's Sake,34,Mecca And The Soul Brother,1992
Pete Rock & C.L. Smooth,4,"The Basement (feat. Heavy D, Rob-O, Grap & Dida)",31,Mecca And The Soul Brother,1992
Pete Rock & C.L. Smooth,5,Return of the Mecca,29,Mecca And The Soul Brother,1992
Pharrell Williams,1,"Happy - From ""Despicable Me 2""",79,G I R L,2014
Pharrell Williams,2,"Happy - From ""Despicable Me 2""",54,G I R L,2014
Pharrell Williams,3,Happy - Live at Webster Hall,18,Sprint Sound Sessions,2014
Pharrell Williams,4,Gush,15,G I R L,2014
Pharrell Williams,5,Young Girl / I Really Like You,0,In My Mind,2006
Phos Toni,1,Baby Swing - Radio Edit,37,Baby Swing (Radio Edit),2019
Phos Toni,2,Make Me Dizzy (Radio Edit),36,Make Me Dizzy (Radio Edit),2017
Phos Toni,3,Peter Lumberjack,36,Peter Lumberjack,2017
Phos Toni,4,Not Happy,33,Not Happy,2019
Phos Toni,5,Dirty Skirt - Radio Edit,26,Electro Swing Elite Compilation 2016,2017
Pickin' On Series,1,Kryptonite,38,Pickin' On 3 Doors Down: A Bluegrass Tribute - Down to This:,2007
Pickin' On Series,2,I Bet My Life,37,Pickin' on the Hits of 2015,2015
Pickin' On Series,3,New Slang,37,The Bluegrass Tribute to The Shins,2007
Pickin' On Series,4,Shake It Off,36,"Pickin' On Taylor Swift, Vol. 2",2015
Pickin' On Series,5,Sweet Child O' Mine,36,The Bluegrass Tribute to Guns N' Roses,2007
Pink Floyd,1,"Another Brick in the Wall, Pt. 2",76,The Wall,1979
Pink Floyd,2,Wish You Were Here,76,Wish You Were Here,1975
Pink Floyd,3,Comfortably Numb,74,The Wall,1979
Pink Floyd,4,Money,73,The Dark Side of the Moon,1973
Pink Floyd,5,Wish You Were Here - 2011 Remastered Version,71,Wish You Were Here [Remastered] (Remastered Version),1975
Piso 21,1,Pa' Olvidarme De Ella,86,Pa' Olvidarme De Ella,2019
Piso 21,2,Te Vi,83,Te Vi,2018
Piso 21,3,Una Vida Para Recordar,79,Una Vida Para Recordar,2019
Piso 21,4,Mami,74,Mami,2019
Piso 21,5,Déjala Que Vuelva (feat. Manuel Turizo),72,Ubuntu,2018
Pitbull,1,Give Me Everything,79,Planet Pit (Deluxe Version),2011
Pitbull,2,Time of Our Lives,77,Globalization,2014
Pitbull,3,No Lo Trates,76,No Lo Trates,2019
Pitbull,4,Timber (feat. Ke$ha),76,Global Warming: Meltdown (Deluxe Version),2012
Pitbull,5,International Love,71,Planet Pit (Deluxe Version),2011
Pixies,1,Where Is My Mind?,74,Surfer Rosa (Remastered),1988
Pixies,2,Hey,67,Doolittle,1989
Pixies,3,Debaser,63,Doolittle,1989
Pixies,4,Monkey Gone to Heaven,61,Doolittle,1989
Pixies,5,St. Nazaire,35,St. Nazaire,2019
Placebo,1,Every You Every Me,66,Without You I'm Nothing,1998
Placebo,2,This Picture,59,Sleeping With Ghosts,2003
Placebo,3,Song to Say Goodbye,57,Meds,2006
Placebo,4,Meds,55,Meds,2006
Placebo,5,Special K,55,Black Market Music,2000
Plan B,1,Ella Fuma,71,Ella Fuma,2018
Plan B,2,Es un Secreto,62,House Of Pleasure,2010
Plan B,3,Fanática Sensual,62,Love And Sex,2014
Plan B,4,Si No Le Contesto,59,House Of Pleasure,2010
Plan B,5,Frikitona,58,Frikitona - Single,2011
Poison,1,Every Rose Has Its Thorn - Remastered 2003,71,Open Up And Say...Ahh! (20th Anniversary Edition),1988
Poison,2,Nothin' But A Good Time - Remastered 2006,65,Open Up And Say...Ahh! (20th Anniversary Edition),1988
Poison,3,Unskinny Bop,61,Flesh & Blood,1990
Poison,4,Fallen Angel - Remastered,57,Open Up And Say...Ahh! (20th Anniversary Edition),1988
Poison,5,Talk Dirty To Me,54,Double Dose: Ultimate Hits,2011
Pop Evil,1,Torn to Pieces,59,Onyx,2013
Pop Evil,2,Trenches,59,Onyx,2013
Pop Evil,3,Deal with the Devil,53,Onyx,2013
Pop Evil,4,A Crime To Remember,49,Pop Evil,2018
Pop Evil,5,Last Man Standing,40,War Of Angels,2011
Portavoz,1,Desde,0,Desde,2016
Portavoz,2,Escribo Rap Con R de Revolución,0,Escribo Rap Con R de Revolución,2012
Portavoz,3,No Van Pal Baile,0,No Van Pal Baile,2017
Portavoz,4,Puetas Subterráneos,0,Escribo Rap Con R de Revolución,2012
Portavoz,5,Witrapaiñ ”Estamos de Pie”,0,Witrapaiñ ”Estamos de Pie”,2017
Portrait,1,Here We Go Again! - Radio Edit,39,Greatest Hits,2000
Portrait,2,Here We Go Again!,34,Portrait,1992
Portrait,3,Honey Dip,23,Portrait,1992
Portrait,4,Honey Dip - Radio Edit,22,Greatest Hits,2000
Portrait,5,Here We Go Again! - Extended,13,Portrait,1992
Post Malone,1,Circles,98,Hollywood's Bleeding,2019
Post Malone,2,Goodbyes (feat. Young Thug),90,Hollywood's Bleeding,2019
Post Malone,3,Sunflower - Spider-Man: Into the Spider-Verse,88,Spider-Man: Into the Spider-Verse (Soundtrack From & Inspired by the Motion Picture),2018
Post Malone,4,rockstar (feat. 21 Savage),88,beerbongs & bentleys,2018
Post Malone,5,Better Now,87,beerbongs & bentleys,2018
Prabh Deep,1,Maya,49,Maya,2019
Prabh Deep,2,Amar,46,Amar,2019
Prabh Deep,3,"Class-Sikh Maut, Vol. II",45,"Class-Sikh Maut, Vol. II",2018
Prabh Deep,4,Khat,44,Khat,2019
Prabh Deep,5,K.O.,40,K.O.,2019
Prince,1,Kiss,73,Parade - Music from the Motion Picture Under the Cherry Moon,1986
Prince,2,When Doves Cry,70,Purple Rain,1984
Prince,3,1999,68,1999,1982
Prince,4,Let's Go Crazy,61,Purple Rain,1984
Prince,5,I Would Die 4 U,60,Purple Rain,1984
Prince Royce,1,Cúrame (feat. Manuel Turizo),75,Cúrame (feat. Manuel Turizo),2019
Prince Royce,2,Trampa (feat. Zion & Lennox),71,Trampa (feat. Zion & Lennox),2019
Prince Royce,3,Adicto (feat. Marc Anthony),70,Adicto (feat. Marc Anthony),2018
Prince Royce,4,Darte un Beso,70,Soy el Mismo,2013
Prince Royce,5,Deja vu,69,FIVE (Deluxe Edition),2017
Proleter,1,April Showers,56,Curses from Past Times EP,2011
Proleter,2,What Lana Says,47,What Lana Says,2018
Proleter,3,Lullaby,43,Bubbles,2018
Proleter,4,Miss Her,43,Bubbles,2018
Proleter,5,Moonlight Jive,38,Life Playing Tricks,2017
Puddle Of Mudd,1,She Hates Me,69,Come Clean,2001
Puddle Of Mudd,2,Blurry,65,Come Clean,2001
Puddle Of Mudd,3,Psycho,62,Famous,2007
Puddle Of Mudd,4,She Hates Me,21,She Hates Me,2002
Puddle Of Mudd,5,Blurry,7,Come Clean,2001
Quality Control,1,Baby (Lil Baby feat. DaBaby),79,Quality Control: Control The Streets Volume 2,2019
Quality Control,2,"Pink Toes (Offset, DaBaby feat. Gunna)",70,Quality Control: Control The Streets Volume 2,2019
Quality Control,3,Double Trouble (Quavo feat. Meek Mill),66,Quality Control: Control The Streets Volume 2,2019
Quality Control,4,Ice Tray,66,Quality Control: Control The Streets Volume 1,2017
Quality Control,5,Bless Em (Takeoff feat. Travis Scott),62,Quality Control: Control The Streets Volume 2,2019
Queen,1,Bohemian Rhapsody - 2011 Mix,84,A Night At The Opera (2011 Remaster),1975
Queen,2,Don't Stop Me Now - 2011 Mix,83,Jazz (2011 Remaster),1978
Queen,3,Another One Bites The Dust - Remastered 2011,82,The Game (2011 Remaster),1980
Queen,4,Under Pressure - Remastered,81,Hot Space (2011 Remaster),1982
Queen,5,We Will Rock You - Remastered,79,News Of The World (2011 Remaster),1977
Quentyn,1,Someone New,45,Someone New,2019
Quentyn,2,Innocence,38,Innocence (feat. Zay),2019
Quentyn,3,Rush,38,Rush (feat. Pikes),2019
Quentyn,4,Arrive,37,Arrive,2017
Quentyn,5,Higher,37,Higher (feat. Josha Daniel),2019
Quiet Riot,1,Cum on Feel the Noize,70,Quiet Riot - Greatest Hits,1996
Quiet Riot,2,Cum on Feel the Noize,69,Metal Health,1983
Quiet Riot,3,Metal Health (Bang Your Head),61,Metal Health,1983
Quiet Riot,4,Insanity,37,Hollywood Cowboys,2019
Quiet Riot,5,Metal Health (Bang Your Head),32,Guitar Heroes: Rock Of The 80s,2007
Quintino,1,TUTUTU,52,Bright Nights,2019
Quintino,2,TUTUTU,49,TUTUTU,2019
Quintino,3,Can't Bring Me Down,48,Can't Bring Me Down,2019
Quintino,4,Make Believe,47,Bright Nights,2019
Quintino,5,Unbroken (feat. Gia Koka),44,Unbroken (feat. Gia Koka),2016
R. Kelly,1,Ignition - Remix,70,Chocolate Factory,2003
R. Kelly,2,Bump n' Grind,61,12 Play,1993
R. Kelly,3,Same Girl (with Usher),60,Double Up,2007
R. Kelly,4,Your Body's Callin',48,12 Play,1993
R. Kelly,5,She's Got That Vibe,44,Born Into The 90's,1992
R.E.M.,1,Losing My Religion,81,Out Of Time (25th Anniversary Edition),1991
R.E.M.,2,Everybody Hurts,73,Automatic For The People,1992
R.E.M.,3,It's The End Of The World As We Know It (And I Feel Fine),67,Document (R.E.M. No. 5),1987
R.E.M.,4,The One I Love - Remastered,63,Document - 25th Anniversary Edition,1987
R.E.M.,5,Losing My Religion,23,Out Of Time (U.S. Version),1991
R.K.M & Ken-Y,1,Igual Que Ayer,63,Masterpiece: Nuestra Obra Maestra,2016
R.K.M & Ken-Y,2,Me Matas,63,Masterpiece: Nuestra Obra Maestra,2016
R.K.M & Ken-Y,3,Down,62,Masterpiece: Nuestra Obra Maestra,2016
R.K.M & Ken-Y,4,Un Sueño,59,Alex Gargolas Greatest Hits,2013
R.K.M & Ken-Y,5,Te Regalo Amores,56,Te Regalo Amores,2008
R3HAB,1,All Around The World (La La La),80,All Around The World (La La La),2019
R3HAB,2,All Comes Back To You,72,All Comes Back To You,2019
R3HAB,3,Flames (with ZAYN),70,Flames (with ZAYN),2019
R3HAB,4,Lullaby,70,Lullaby,2018
R3HAB,5,Freak - Joe Stone 2K18 Edit,68,Freak (Joe Stone 2K18 Edit),2018
R5,1,Smile,49,Sometime Last Night (Special Edition),2015
R5,2,Heart Made Up On You,48,Sometime Last Night (Special Edition),2015
R5,3,Smile,47,Sometime Last Night,2015
R5,4,Pass Me By,46,Louder (Deluxe),2013
R5,5,Loud,41,Louder (Deluxe),2013
REO Speedwagon,1,Can't Fight This Feeling,73,Wheels Are Turnin',1984
REO Speedwagon,2,Keep on Loving You,70,Hi Infidelity (30th Anniversary Edition),1980
REO Speedwagon,3,Take It On the Run,65,Hi Infidelity (30th Anniversary Edition),1980
REO Speedwagon,4,Roll with the Changes,57,"You Can Tune a Piano, But You Can't Tuna Fish",1978
REO Speedwagon,5,Keep on Loving You,49,The Essential REO Speedwagon,2004
RL Grime,1,UCLA,73,NOVA,2018
RL Grime,2,I Wanna Know,64,NOVA,2018
RL Grime,3,Atoms - Said the Sky Remix,59,"NOVA (The Remixes, Vol. 1)",2018
RL Grime,4,Take It Away,57,NOVA,2018
RL Grime,5,I Wanna Know,55,I Wanna Know,2018
ROSALÍA,1,"Yo x Ti, Tu x Mi",88,"Yo x Ti, Tu x Mi",2019
ROSALÍA,2,Con Altura,87,Con Altura,2019
ROSALÍA,3,A Palé,74,A Palé,2019
ROSALÍA,4,MALAMENTE - Cap.1: Augurio,73,El Mal Querer,2018
ROSALÍA,5,Milionària,71,Fucking Money Man,2019
Radiohead,1,Creep,82,Pablo Honey,1993
Radiohead,2,Karma Police,74,OK Computer,1997
Radiohead,3,High And Dry,72,The Bends,1995
Radiohead,4,Fake Plastic Trees,70,The Bends,1995
Radiohead,5,Exit Music (For a Film),64,OK Computer,1997
Rae Sremmurd,1,Black Beatles,76,SremmLife 2 (Deluxe),2016
Rae Sremmurd,2,Come Get Her,76,SremmLife,2015
Rae Sremmurd,3,No Type,74,SremmLife,2015
Rae Sremmurd,4,Bedtime Stories (feat. The Weeknd) - From SR3MM,59,SR3MM,2018
Rae Sremmurd,5,Look Alive - Remix,51,Look Alive (Remix),2016
Raekwon,1,"Ice Cream (feat. Ghostface Killah, Method Man & Cappadonna)",63,Only Built 4 Cuban Linx,1995
Raekwon,2,Criminology,47,Only Built 4 Cuban Linx,1995
Raekwon,3,The Morning,45,Kanye West Presents Good Music Cruel Summer,2012
Raekwon,4,Heaven & Hell,43,Only Built 4 Cuban Linx,1995
Raekwon,5,Visiting Hour,25,The Wild,2017
Rage Against The Machine,1,Killing In The Name,78,Rage Against The Machine - XX (20th Anniversary Special Edition),1992
Rage Against The Machine,2,Bulls On Parade,73,Evil Empire,1996
Rage Against The Machine,3,Guerrilla Radio,69,The Battle Of Los Angeles,1999
Rage Against The Machine,4,Sleep Now In the Fire,66,The Battle Of Los Angeles,1999
Rage Against The Machine,5,Killing In the Name,57,Rage Against The Machine,1992
Raheem DeVaughn,1,Just Right,50,The Love Reunion,2019
Raheem DeVaughn,2,Guess Who Loves You More,47,The Love Experience,2005
Raheem DeVaughn,3,Believe,39,The Love Experience,2005
Raheem DeVaughn,4,Woman,35,Love Behind The Melody,2008
Raheem DeVaughn,5,Love Drug,31,Love Behind The Melody,2008
Rahsaan Patterson,1,Spend The Night,43,Rahsaan Patterson,1997
Rahsaan Patterson,2,The One For Me,32,After Hours,2004
Rahsaan Patterson,3,Come Over,28,Rahsaan Patterson,1997
Rahsaan Patterson,4,Stop By,3,Rahsaan Patterson,1997
Rahsaan Patterson,5,Do You Feel The Way I Do,0,Love In Stereo,1999
Rainbow,1,The Temple Of The King,59,Ritchie Blackmore's Rainbow,1975
Rainbow,2,Long Live Rock N Roll,54,Long Live Rock N Roll (Deluxe Edition),1978
Rainbow,3,Since You Been Gone,13,Down To Earth (Deluxe Edition),1979
Rainbow,4,The Temple Of The King,6,Ritchie Blackmore's Rainbow (Remastered),1975
Rainbow,5,I Surrender,4,Difficult To Cure,1981
Ralph,1,Gravity,46,Gravity,2019
Ralph,2,Gimme,36,A Good Girl,2018
Ralph,3,Tease,35,Tease,2017
Ralph,4,Something More,34,Something More,2016
Ralph,5,Weather,31,Weather,2018
Ralph Tresvant,1,Sensitivity,54,Ralph Tresvant,1990
Ralph Tresvant,2,Sensitivity,47,20 #1's: 90's R&B,2015
Ralph Tresvant,3,Stone Cold Gentleman (Rizz's Interlude),31,Ralph Tresvant,1990
Ralph Tresvant,4,Sensitivity (Ralph's Rap),15,Ralph Tresvant,1990
Ralph Tresvant,5,You'll Remember Me,11,It's Goin' Down,1993
Ram Jam,1,Black Betty,67,The Very Best Of Ram Jam,1990
Ram Jam,2,Black Betty,61,The Dukes Of Hazzard (Music From The Motion Picture),2005
Ram Jam,3,Black Betty,39,70s 100 Hits,2010
Ram Jam,4,Black Betty,2,The Definitive 70's,2008
Ram Jam,5,Black betty,2,Absolute Rock Anthems,2008
Raphael Saadiq,1,Still Ray,50,Instant Vintage,2002
Raphael Saadiq,2,Be Here,47,Instant Vintage,2002
Raphael Saadiq,3,Never Give You Up,38,The Way I See It,2008
Raphael Saadiq,4,Excuse Me,34,Instant Vintage,2002
Raphael Saadiq,5,Stone Rollin',34,Stone Rollin',2011
Rapsody,1,OooWee,57,Crown,2016
Rapsody,2,Power,42,Laila’s Wisdom,2017
Rapsody,3,Laila’s Wisdom,36,Laila’s Wisdom,2017
Rapsody,4,Black & Ugly,31,Laila’s Wisdom,2017
Rapsody,5,Sassy,30,Laila’s Wisdom,2017
Rauw Alejandro,1,Fantasias,92,Fantasias,2019
Rauw Alejandro,2,El Efecto,78,El Efecto,2019
Rauw Alejandro,3,Fantasias - Unplugged,77,Fantasias (Unplugged),2019
Rauw Alejandro,4,El Efecto - Remix,76,El Efecto (Remix),2019
Rauw Alejandro,5,Que Le De - Remix,72,Que Le De (Remix),2019
Recayd Mob,1,Plaqtudum,67,Plaqtudum,2018
Recayd Mob,2,Baby Hair,60,Baby Hair,2019
Recayd Mob,3,ÓhUhLança,57,ÓhUhLança,2019
Recayd Mob,4,Novo Drip,55,Novo Drip,2019
Recayd Mob,5,Plaqtudum - Frijo & Negro Dub Remix,45,Plaqtudum (Frijo & Negro Dub Remix),2019
Red Hot Chili Peppers,1,Californication,81,Californication (Deluxe Edition),1999
Red Hot Chili Peppers,2,Under the Bridge,81,Blood Sugar Sex Magik (Deluxe Edition),1991
Red Hot Chili Peppers,3,Can't Stop,80,By the Way (Deluxe Edition),2002
Red Hot Chili Peppers,4,Snow (Hey Oh),79,Stadium Arcadium,2006
Red Hot Chili Peppers,5,Otherside,78,Californication (Deluxe Edition),1999
Red Velvet,1,Psycho,87,‘The ReVe Festival’ Finale,2019
Red Velvet,2,피카부 Peek-A-Boo,70,Perfect Velvet - The 2nd Album,2017
Red Velvet,3,Power Up,65,Summer Magic - Summer Mini Album,2018
Red Velvet,4,Kingdom Come,52,Perfect Velvet - The 2nd Album,2017
Red Velvet,5,Mosquito,43,Summer Magic - Summer Mini Album,2018
Reda Rwena,1,Avanti Avanti (feat. Celo & Abdi & Hanybal),39,Avanti Avanti (feat. Celo & Abdi & Hanybal),2018
Reda Rwena,2,Guardia Civil,31,Guardia Civil,2017
Reda Rwena,3,Intro - TBB,30,Intro - TBB,2018
Reda Rwena,4,Lass mal dein Film,30,Lass mal dein Film,2018
Reda Rwena,5,Panther im Dschungel,29,Panther im Dschungel,2018
Reik,1,Indeciso,88,Indeciso,2019
Reik,2,Aleluya,79,Ahora,2019
Reik,3,Amigos Con Derechos,79,Ahora,2019
Reik,4,Me Niego (feat. Ozuna & Wisin),77,Ahora,2019
Reik,5,Ya Me Enteré,75,Des/Amor,2016
Rels B,1,"¿CÓMO TE VA, QUERIDA?",69,Happy Birthday Flakko,2019
Rels B,2,OTRO CHEKE,66,Happy Birthday Flakko,2019
Rels B,3,LA LATINA,64,LA LATINA,2019
Rels B,4,Buenos Genes,63,Flakk Daniel's Lp,2018
Rels B,5,Euromillón,56,Euromillón,2018
Remik Gonzalez,1,Odio el Drama,50,Odio el Drama,2018
Remik Gonzalez,2,"A Ver, a Ver",40,"A Ver, a Ver",2019
Remik Gonzalez,3,Se Les Cae el Canton,19,Se Les Cae el Canton,2017
Remik Gonzalez,4,Alv la Policia,0,Rolando Hits,2016
Remik Gonzalez,5,Como Debe De,0,Grandes Exitos,2017
Rev Theory,1,Hell Yeah,63,Light It Up,2008
Rev Theory,2,Drop the Hammer,42,Drop the Hammer,2019
Rev Theory,3,ONE,35,ONE,2020
Rev Theory,4,The Fire,33,Justice,2011
Rev Theory,5,Hell Yeah,4,Light It Up,2008
Rex Orange County,1,Best Friend,81,Best Friend,2017
Rex Orange County,2,Loving Is Easy,80,Loving Is Easy,2017
Rex Orange County,3,Sunflower,79,Sunflower,2017
Rex Orange County,4,Corduroy Dreams,75,Bcos U Will Never B Free,2016
Rex Orange County,5,Television / So Far So Good,69,Apricot Princess,2017
Reyer,1,No Longer Slaves (Reyer & Retain Remix),36,Worship: The Remix Project,2015
Reyer,2,God's Great Dance Floor - Remix,31,God's Great Dance Floor,2013
Reyer,3,Break Every Chain (Reyer Remix),25,Worship: The Remix Project,2015
Reyer,4,Afterlife (Reyer Remix),22,Worship: The Remix Project,2015
Reyer,5,Like a Lion - Reyer Remix,18,Like a Lion,2017
Reykon,1,Latina (feat. Maluma),74,Latina (feat. Maluma),2019
Reykon,2,"Domingo (Reykon, Cosculluela, Greeicy & Rauw Alejandro) - Remix",67,"Domingo (Reykon, Cosculluela, Greeicy & Rauw Alejandro) [Remix]",2019
Reykon,3,Domingo (feat. Cosculluela),66,Domingo (feat. Cosculluela),2018
Reykon,4,Perriando,65,Perriando,2019
Reykon,5,Mala (feat. Nio Garcia & Casper Mágico) - Remix,40,Mala (feat. Nio Garcia & Casper Mágico) [Remix],2018
Rhye,1,Open,64,Woman,2013
Rhye,2,Song For You,60,Blood,2018
Rhye,3,Taste,58,Blood,2018
Rhye,4,3 Days,57,Woman,2013
Rhye,5,Blood Knows,41,Blood,2018
Ricardo Arjona,1,Fuiste Tú,74,Independiente + Demos,2011
Ricardo Arjona,2,Mujeres,68,Animal Nocturno,1989
Ricardo Arjona,3,Quién Diría,60,Canciones De Amor,2012
Ricardo Arjona,4,Te Conozco,57,Sólo Para Mujeres,2013
Ricardo Arjona,5,Desnuda,51,Sólo Para Mujeres,2013
Rich Homie Quan,1,"Flex (Ooh, Ooh, Ooh)",63,"Flex (Ooh, Ooh, Ooh)",2015
Rich Homie Quan,2,"Flex (Ooh, Ooh, Ooh)",56,"Flex (Ooh, Ooh, Ooh) - Single",2015
Rich Homie Quan,3,Type of Way,46,Still Goin In - Reloaded,2013
Rich Homie Quan,4,Tell Em,43,Rich Homie Gang - Hood Lifestyle,2014
Rich Homie Quan,5,Blah Blah Blah,40,I Promise I Will Never Stop Going In (Deluxe Edition),2014
Rich Music LTD,1,Quizas,88,The Academy,2019
Rich Music LTD,2,Perreo en La Luna,85,The Academy,2019
Rich Music LTD,3,Uniforme,81,The Academy,2019
Rich Music LTD,4,Porno,77,The Academy,2019
Rich Music LTD,5,Imaginate,76,The Academy,2019
Rich The Kid,1,Plug Walk,77,The World Is Yours,2018
Rich The Kid,2,That's Tuff (feat. Quavo),75,That's Tuff,2019
Rich The Kid,3,Money Talk,64,Money Talk,2020
Rich The Kid,4,Plug Walk,2,Plug Walk,2018
Rich The Kid,5,Tic Toc (with Tory Lanez),2,Tic Toc (with Tory Lanez),2019
Rick Ross,1,Gold Roses (feat. Drake),69,Gold Roses (feat. Drake),2019
Rick Ross,2,Hustlin',67,Port Of Miami,2006
Rick Ross,3,Stay Schemin,64,Stay Schemin,2012
Rick Ross,4,Summer Reign (feat. Summer Walker),62,Port of Miami 2,2019
Rick Ross,5,B.M.F. (Blowin' Money Fast),59,Teflon Don,2010
Ricky Martin,1,Vente Pa' Ca,73,Vente Pa' Ca,2016
Ricky Martin,2,Cántalo,72,Cántalo,2019
Ricky Martin,3,La Mordidita,69,A Quien Quiera Escuchar (Deluxe Edition),2015
Ricky Martin,4,Vuelve,68,Vuelve,1998
Ricky Martin,5,Tu Recuerdo (feat. La Mari De Chambao & Tommy Torres) - MTV Unplugged Version,67,Ricky Martin MTV Unplugged,2006
Riff,1,White Men Can't Jump,21,"The New Jack Swing Collection, Vol. 4",2014
Riff,2,My Heart Is Failing Me,17,RIFF,1991
Riff,3,"Judy Had A Boyfriend - Mucho 12"" no rap",10,To Whom It May Concern,1993
Riff,4,Every Time My Heart Beats,7,RIFF,1991
Riff,5,April's Fool,1,RIFF,1991
Rihanna,1,Umbrella,80,Good Girl Gone Bad: Reloaded,2008
Rihanna,2,Work,77,ANTI (Deluxe),2016
Rihanna,3,Don't Stop The Music,76,Good Girl Gone Bad: Reloaded,2008
Rihanna,4,Bitch Better Have My Money,75,Bitch Better Have My Money,2015
Rihanna,5,We Found Love,75,Talk That Talk,2011
Rim'K,1,Air Max,61,Air Max,2018
Rim'K,2,Cellophané,55,Fantôme,2017
Rim'K,3,Alien,0,Monster Tape,2016
Rim'K,4,Everyday,0,Monster Tape,2016
Rim'K,5,Monster,0,Monster Tape,2016
Ringo Starr,1,Photograph,58,Ringo,1973
Ringo Starr,2,It Don't Come Easy,55,Ringo,1973
Ringo Starr,3,No-No Song,44,Goodnight Vienna,1974
Ringo Starr,4,It Don't Come Easy,42,Very Best Of,2007
Ringo Starr,5,Life Is Good,37,What's My Name,2019
Rise Against,1,Savior,70,Appeal To Reason,2008
Rise Against,2,Prayer Of The Refugee,65,The Sufferer & The Witness,2006
Rise Against,3,The Violence,62,Wolves,2017
Rise Against,4,Give It All,3,Siren Song Of The Counter-Culture (Japan Version / International Version),2004
Rise Against,5,Under The Knife,3,The Sufferer & The Witness,2006
Rita Ora,1,Let You Love Me,72,Phoenix (Deluxe Edition),2018
Rita Ora,2,Let You Love Me,72,Let You Love Me,2018
Rita Ora,3,Only Want You - Sam Feldt Remix,64,Only Want You (Sam Feldt Remix),2019
Rita Ora,4,Body on Me,62,Body on Me,2015
Rita Ora,5,Poison,60,Poison,2015
Rival Sons,1,Too Bad,54,Feral Roots,2019
Rival Sons,2,Open My Eyes,51,Great Western Valkyrie,2014
Rival Sons,3,Electric Man,48,Great Western Valkyrie,2014
Rival Sons,4,Get What's Coming,39,Rival Sons,2011
Rival Sons,5,Open My Eyes,27,Great Western Valkyrie (Tour Edition),2015
Rob Stepwart,1,Genesis,17,Trip Stories,2018
Rob Stepwart,2,Dreams,15,Trip Stories,2018
Rob Stepwart,3,Final Liberty,15,Trip Stories,2018
Rob Stepwart,4,Fuck the Game,15,Trip Stories,2018
Rob Stepwart,5,Superheroe,15,Trip Stories,2018
Robbie Williams,1,Angels,73,Life Thru A Lens,1997
Robbie Williams,2,Feel,72,Escapology,2002
Robbie Williams,3,Rock DJ,68,Sing When You're Winning,2000
Robbie Williams,4,Let Me Entertain You,67,Life Thru A Lens,1997
Robbie Williams,5,She's The One,67,I've Been Expecting You,1998
Roberto Marín Muñoz,1,Won't Let You,40,Won't Let You,2019
Roberto Marín Muñoz,2,Can't Hide from Love,36,Can't Hide from Love,2019
Roberto Marín Muñoz,3,Feel Something Again - Radio Edit,32,Feel Something Again,2019
Roberto Marín Muñoz,4,Karma,30,Karma,2019
Roberto Marín Muñoz,5,Change Your Mind,24,Change Your Mind,2020
Robin Schulz,1,Speechless (feat. Erika Sirola),78,Speechless (feat. Erika Sirola),2018
Robin Schulz,2,Sugar (feat. Francesco Yates),76,Sugar,2015
Robin Schulz,3,In Your Eyes (feat. Alida),74,In Your Eyes (feat. Alida),2020
Robin Schulz,4,All This Love (feat. Harlœ),73,All This Love (feat. Harlœ),2019
Robin Schulz,5,Shed a Light,65,Shed A Light,2016
Robin Thicke,1,Blurred Lines,76,Blurred Lines (Deluxe),2013
Robin Thicke,2,Blurred Lines,53,Blurred Lines,2013
Robin Thicke,3,Morning Sun,52,Morning Sun,2015
Robin Thicke,4,Dreamworld,38,Something Else,2008
Robin Thicke,5,"My Life - From ""Despicable Me"" Soundtrack",36,Despicable Me,2010
Roc DaGuard,1,Never Liked You,33,Never Liked You,2019
Roc DaGuard,2,I SEE,28,I SEE,2018
Roc DaGuard,3,"You Got Me: Brooklyn Brand Mixtape, Vol.1",26,"You Got Me: Brooklyn Brand Mixtape, Vol.1",2014
Roc DaGuard,4,Get Rite,22,Get Rite,2006
Roc DaGuard,5,The Ma'ma Song,22,The Ma'ma Song,2017
Rod Stewart,1,I Don't Want to Talk About It - 2008 Remaster,66,Atlantic Crossing,1975
Rod Stewart,2,Tonight's the Night (Gonna Be Alright) - 2009 Remaster,55,A Night on the Town (Deluxe Edition),1976
Rod Stewart,3,Hot Legs,53,Foot Loose & Fancy Free,1977
Rod Stewart,4,You're in My Heart (The Final Acclaim),50,Foot Loose & Fancy Free,1977
Rod Stewart,5,I Was Only Joking,49,Foot Loose & Fancy Free,1977
Roddy Ricch,1,The Box,98,Please Excuse Me For Being Antisocial,2019
Roddy Ricch,2,Peta (feat. Meek Mill),84,Please Excuse Me For Being Antisocial,2019
Roddy Ricch,3,High Fashion (feat. Mustard),83,Please Excuse Me For Being Antisocial,2019
Roddy Ricch,4,Tip Toe (feat. A Boogie Wit da Hoodie),81,Tip Toe (feat. A Boogie Wit da Hoodie),2019
Roddy Ricch,5,Start Wit Me (feat. Gunna),80,Please Excuse Me For Being Antisocial,2019
Romeo Santos,1,Propuesta Indecente,76,"Fórmula, Vol. 2 (Deluxe Edition)",2014
Romeo Santos,2,Bella y Sensual,73,Golden,2017
Romeo Santos,3,Sobredosis (feat. Ozuna),72,Golden,2017
Romeo Santos,4,Odio,71,"Fórmula, Vol. 2 (Deluxe Edition)",2014
Romeo Santos,5,Yo También,69,"Fórmula, Vol. 2 (Deluxe Edition)",2014
Roosevelt,1,Falling Back,54,Falling Back,2019
Roosevelt,2,Montreal,54,Elliot - EP,2013
Roosevelt,3,Yr Love - Midnight Version,40,"Midnight Versions, Pt. 2",2019
Roosevelt,4,Last to Know,21,Young Romance,2018
Roosevelt,5,Moving On,0,Roosevelt,2016
Rudimental,1,These Days,79,These Days,2018
Rudimental,2,Lay It All on Me,60,We the Generation,2015
Rudimental,3,"These Days (feat. Jess Glynne, Macklemore & Dan Caplen)",60,Toast to Our Differences (Deluxe Edition),2019
Rudimental,4,Scared of Love,49,Toast to Our Differences (Deluxe Edition),2019
Rudimental,5,Scared of Love (feat. RAY BLK & Stefflon Don),47,Scared of Love (feat. RAY BLK & Stefflon Don),2019
Rush,1,Tom Sawyer,73,Moving Pictures (2011 Remaster),1981
Rush,2,Limelight,69,Moving Pictures (2011 Remaster),1981
Rush,3,The Spirit Of Radio,67,Permanent Waves,1980
Rush,4,Closer To The Heart,62,A Farewell To Kings,1977
Rush,5,Freewill,60,Permanent Waves,1980
Russ,1,BEST ON EARTH (feat. BIA),82,BEST ON EARTH (feat. BIA),2019
Russ,2,NIGHTTIME (Interlude),75,NIGHTTIME (Interlude),2019
Russ,3,Ride Slow,70,There's Really A Wolf,2017
Russ,4,The Flute Song,67,ZOO,2018
Russ,5,RENT FREE,66,RENT FREE,2019
Ryos,1,Identity,46,Identity,2019
Ryos,2,Catching Fire,44,Catching Fire,2020
Ryos,3,Alone,40,Alone,2019
Ryos,4,Identity - Ryos VIP Mix,33,Identity (Ryos VIP Mix),2019
Ryos,5,Living Again,0,Living Again,2018
RÜFÜS DU SOL,1,Treat You Better - Single Edit,61,Treat You Better,2018
RÜFÜS DU SOL,2,New Sky,58,SOLACE,2018
RÜFÜS DU SOL,3,Treat You Better - Purple Disco Machine Remix,56,SOLACE REMIXES VOL. 4,2019
RÜFÜS DU SOL,4,Lost in My Mind,53,SOLACE,2018
RÜFÜS DU SOL,5,Treat You Better - Cassian Remix,40,SOLACE REMIXES VOL. 5,2019
SWV,1,Weak,66,It's About Time,1992
SWV,2,I'm So Into You,62,It's About Time,1992
SWV,3,Right Here - Human Nature Radio Mix,59,It's About Time,1992
SWV,4,You're Always On My Mind,53,It's About Time,1992
SWV,5,You're the One,49,New Beginning,1996
SZA,1,Love Galore (feat. Travis Scott),77,Ctrl,2017
SZA,2,The Weekend,76,Ctrl,2017
SZA,3,The Weekend - Funk Wav Remix,76,The Weekend (Funk Wav Remix),2017
SZA,4,Broken Clocks,72,Ctrl,2017
SZA,5,Garden (Say It Like Dat),69,Ctrl,2017
Sa4,1,Allstars,57,Neue deutsche Quelle,2017
Sa4,2,Schnell machen,54,Schnell machen,2017
Sa4,3,Bunker,44,Neue deutsche Quelle,2017
Sa4,4,Geht Los!,44,Der Sampler 3,2015
Sa4,5,Ghettotourist,44,Nebensache - EP,2016
Sade,1,Smooth Operator - Single Version,66,The Best Of Sade,1994
Sade,2,Your Love Is King,61,Diamond Life,1984
Sade,3,Love Is Stronger Than Pride,56,Stronger Than Pride,1988
Sade,4,Jezebel,39,Promise,1985
Sade,5,Flow - Remastered,37,The Ultimate Collection,2011
Saint Motel,1,Cold Cold Man,65,My Type EP,2014
Saint Motel,2,Sweet Talk,63,saintmotelevision,2016
Saint Motel,3,My Type,61,My Type,2014
Saint Motel,4,For Elise,60,saintmotelevision,2016
Saint Motel,5,Ace in the Hole,45,My Type EP,2014
Saliva,1,Click Click Boom,7,Moving Forward In Reverse: Greatest Hits,2010
Saliva,2,Click Click Boom,4,Every Six Seconds,2001
Saliva,3,Click Click Boom,2,Every Six Seconds,2001
Saliva,4,Rise Up,0,Rise Up - Single,2014
Saliva,5,Your Disease,0,Every Six Seconds,2001
Sam Feldt,1,Post Malone (feat. RANI),83,Magnets EP,2019
Sam Feldt,2,Post Malone (feat. RANI),75,Post Malone (feat. RANI) [Joe Stone Remix],2019
Sam Feldt,3,Post Malone (feat. RANI) - VIZE Remix,72,Post Malone (feat. RANI) [VIZE Remix],2019
Sam Feldt,4,2 Hearts (feat. Gia Koka),70,2 Hearts (feat. Gia Koka),2020
Sam Feldt,5,Post Malone (feat. RANI) - GATTÜSO Remix,69,Post Malone (feat. RANI) [GATTÜSO Remix],2019
Sam Smith,1,How Do You Sleep?,91,How Do You Sleep?,2019
Sam Smith,2,Dancing With A Stranger (with Normani),87,Dancing With A Stranger (with Normani),2019
Sam Smith,3,"Fire On Fire - From ""Watership Down""",81,"Fire On Fire (From ""Watership Down"")",2018
Sam Smith,4,I Feel Love,78,I Feel Love,2019
Sam Smith,5,Lay Me Down,76,In The Lonely Hour (Drowning Shadows Edition),2015
Sampha,1,(No One Knows Me) Like the Piano,63,Process,2017
Sampha,2,Incomplete Kisses,55,Process,2017
Sampha,3,Timmy's Prayer,47,Process,2017
Sampha,4,Under,46,Process,2017
Sampha,5,Blood On Me,1,Blood On Me,2016
San Holo,1,Light,68,Light,2017
San Holo,2,We Rise,63,We Rise,2015
San Holo,3,Lead Me Back,57,Lead Me Back,2019
San Holo,4,One Thing,55,One Thing,2017
San Holo,5,lift me from the ground - Jaron Remix,47,album1 (a lot of remixes),2019
Sander van Doorn,1,Gold Skies,49,Gold Skies,2014
Sander van Doorn,2,Gold Skies - Tiësto Remix,37,Gold Skies (Remixes),2014
Sander van Doorn,3,One Love (feat. KOCH),37,One Love (feat. KOCH),2019
Sander van Doorn,4,500 (PCM),34,500 (PCM),2019
Sander van Doorn,5,Gold Skies - Tiësto Remix,34,Gold Skies,2014
Sandro Silva,1,Epic - Garmiani Remix,59,Epic (Garmiani Remix),2018
Sandro Silva,2,Omerta,43,Omerta,2019
Sandro Silva,3,Activate,31,Activate,2019
Sandro Silva,4,Symphony - Original Mix,27,Symphony,2014
Sandro Silva,5,Payback - Original Mix,25,Payback,2013
Santana,1,Maria Maria (feat. The Product G&B) - Radio Mix,66,Supernatural (Remastered),1999
Santana,2,Black Magic Woman - Single Version,65,Santana's Greatest Hits,1969
Santana,3,Black Magic Woman,61,Ultimate Santana,2007
Santana,4,Evil Ways,60,Santana (Legacy Edition),1969
Santana,5,Smooth (feat. Rob Thomas),59,Supernatural (Legacy Edition),1999
"Sarah, the Illstrumentalist",1,Lemon Wedge in the Sky,59,Home By 11 PM,2019
"Sarah, the Illstrumentalist",2,Multidimensional,57,All The Feels,2019
"Sarah, the Illstrumentalist",3,Pyrite,52,Pocket Full of Crystals: Vol 2,2019
"Sarah, the Illstrumentalist",4,OPalite,49,Pocket Full of Crystals: Vol 1,2019
"Sarah, the Illstrumentalist",5,Tropic Breeze,49,Nomad Life,2018
ScHoolboy Q,1,Collard Greens,72,Oxymoron (Deluxe),2014
ScHoolboy Q,2,Numb Numb Juice,72,CrasH Talk,2019
ScHoolboy Q,3,Studio,67,Oxymoron (Deluxe),2014
ScHoolboy Q,4,Sacrilegious,51,Habits & Contradictions,2012
ScHoolboy Q,5,Los Awesome,45,Oxymoron (Deluxe),2014
Scarface,1,Smile,60,Greatest Hits,2010
Scarface,2,I Seen a Man Die,53,The Diary,1994
Scarface,3,Guess Who's Back,52,Greatest Hits,2010
Scarface,4,No Tears,49,The Diary,1994
Scarface,5,Hand of the Dead Body,40,The Diary,1994
Scorpions,1,Wind Of Change,77,Crazy World,1990
Scorpions,2,Still Loving You,72,Comeblack,2011
Scorpions,3,Rock You Like A Hurricane,68,Love At First Sting,1984
Scorpions,4,Rock You Like a Hurricane,64,Comeblack,2011
Scorpions,5,Rock You Like a Hurricane,61,Stranger Things (Soundtrack from the Netflix Original Series),2017
Sean C. Johnson,1,No Never,25,"Simply a Vessel, Vol 3: Surrender All",2012
Sean C. Johnson,2,Surrender All,21,"Simply a Vessel, Vol 3: Surrender All",2012
Sean C. Johnson,3,Well Done,19,Simply a Vessel Vol 2: Faithful,2009
Sean C. Johnson,4,Molasses,18,"Simply a Vessel, Vol 3: Surrender All",2012
Sean C. Johnson,5,Faithful,17,Simply a Vessel Vol 2: Faithful,2009
Sean Paul,1,Contra La Pared,79,Contra La Pared,2019
Sean Paul,2,No Lie,76,Mad Love The Prequel,2018
Sean Paul,3,Get Busy,71,Dutty Rock,2002
Sean Paul,4,She Doesn't Mind,65,Tomahawk Technique,2012
Sean Paul,5,Get Busy,61,Dutty Rock,2002
Sean Price,1,Definition of God,26,Imperius Rex,2017
Sean Price,2,Pyrex,25,Mic Tyson,2012
Sean Price,3,Straight Music,25,Mic Tyson,2012
Sean Price,4,The Genesis of the Omega,24,Mic Tyson,2012
Sean Price,5,Price & Shining Armor,23,Mic Tyson,2012
Sebastian Ingrosso,1,Reload - Radio Edit,64,Reload (Vocal Version / Radio Edit),2013
Sebastian Ingrosso,2,Calling (Lose My Mind) - Radio Edit,61,Calling (Lose My Mind),2012
Sebastian Ingrosso,3,Reload - Radio Edit,57,Reload (Remixes),2013
Sebastian Ingrosso,4,Calling (Lose My Mind) - Radio Edit,56,Calling (Lose My Mind),2012
Sebastian Ingrosso,5,Reload - Vocal Version / Radio Edit,7,Reload (Vocal Version / Radio Edit),2013
Sebastian Yatra,1,Runaway,80,Runaway,2019
Sebastian Yatra,2,Un Año,78,Un Año,2019
Sebastian Yatra,3,No Hay Nadie Más,76,MANTRA,2018
Sebastian Yatra,4,Cristina,74,Cristina,2019
Sebastian Yatra,5,Un Año,74,FANTASÍA,2019
Sech,1,Si Te Vas,88,Si Te Vas,2019
Sech,2,Otro Trago - Remix,86,Otro Trago (Remix),2019
Sech,3,Otro Trago,84,Sueños,2019
Sech,4,Solita,77,Sueños,2019
Sech,5,Falsas Promesas,68,Sueños,2019
Seeb,1,Grip,73,Grip,2018
Seeb,2,Fade Out,68,Fade Out,2019
Seeb,3,Grip - Alternative Version,60,Grip (Alternative Version),2019
Seeb,4,What Do You Love,57,What Do You Love,2016
Seeb,5,Grip - Jay Pryor Remix,50,Grip (Jay Pryor Remix),2019
Seether,1,Fake It,73,Finding Beauty In Negative Spaces (Bonus Track Version),2007
Seether,2,Broken,69,Disclaimer II,2004
Seether,3,Remedy,69,Karma and Effect,2005
Seether,4,Broken,61,Seether: 2002-2013,2013
Seether,5,Betray And Degrade,56,Poison The Parish (Deluxe Edition),2017
Seinabo Sey,1,Younger - Kygo Remix,66,Pretend,2015
Seinabo Sey,2,Younger - Kygo Remix,57,Younger (The Remixes),2014
Seinabo Sey,3,Remember,55,I Owe You Nothing / Remember,2018
Seinabo Sey,4,Younger - Kygo Remix,5,Pretend,2015
Seinabo Sey,5,Hard Time - Kretsen Remix,3,Hard Time / Pistols At Dawn,2015
Selena Gomez,1,Lose You To Love Me,93,Lose You To Love Me,2019
Selena Gomez,2,Rare,88,Rare,2020
Selena Gomez,3,Look At Her Now,86,Look At Her Now,2019
Selena Gomez,4,Lose You To Love Me,85,Rare,2020
Selena Gomez,5,Wolves,82,Wolves,2017
Selena Gomez & The Scene,1,Love You Like A Love Song,75,When The Sun Goes Down,2011
Selena Gomez & The Scene,2,Who Says,74,When The Sun Goes Down,2011
Selena Gomez & The Scene,3,Naturally,63,Kiss & Tell,2009
Selena Gomez & The Scene,4,A Year Without Rain,61,A Year Without Rain (International Standard Version),2010
Selena Gomez & The Scene,5,Round & Round,52,A Year Without Rain,2010
Semser,1,Fugazzi,19,Tsunami,2018
Semser,2,Overdose,19,Overdose,2019
Semser,3,Fariña,18,Blocksound,2018
Semser,4,Flight,17,Blocksound,2018
Semser,5,L.A.,17,Reality,2018
Seryoga,1,Чёрный бумер,51,Мой двор: начало истории,2004
Seryoga,2,Chiki,29,King Ring,2008
Seryoga,3,Кружим,23,Синглы,2017
Seryoga,4,2Kaiser (Street),16,2Kaiser,2006
Seryoga,5,Возле дома твоего,8,The Best of...,2010
Seth Hills,1,Pressure,48,Pressure,2019
Seth Hills,2,Infinite,39,Infinite,2019
Seth Hills,3,Echo,38,Echo,2019
Seth Hills,4,Whisper,35,Whisper,2019
Seth Hills,5,Rebound,31,Rebound,2019
Seven Kayne,1,"Buenos Aires (feat. Khea, Bhavi)",61,Buenos Aires,2019
Seven Kayne,2,Tres Rosas,58,Tres Rosas,2018
Seven Kayne,3,A Mi Manera,55,A Mi Manera,2019
Seven Kayne,4,Si Te Lastime,1,Si Te Lastime,2017
Seven Kayne,5,Tres Rosas,0,Tres Rosas,2018
Seven Lions,1,Rush Over Me,62,Rush Over Me,2016
Seven Lions,2,Island (feat. Nevve),59,Island (feat. Nevve),2019
Seven Lions,3,Strangers,58,Worlds Apart,2014
Seven Lions,4,Horizon,55,Horizon,2018
Seven Lions,5,Don’t Leave,50,Don't Leave,2017
Shai,1,If I Ever Fall In Love,56,If I Ever Fall In Love,1992
Shai,2,Comforter,44,If I Ever Fall In Love,1992
Shai,3,If I Ever Fall In Love,38,90s R&B,2017
Shai,4,Come With Me,35,Blackface,1995
Shai,5,Baby I'm Yours,30,20th Century Masters: The Millennium Collection: Best Of Shai,2001
Shakira,1,Hips Don't Lie (feat. Wyclef Jean),80,"Oral Fixation, Vol. 2 (Expanded Edition)",2005
Shakira,2,Me Gusta,79,Me Gusta,2020
Shakira,3,Waka Waka (This Time for Africa) [The Official 2010 FIFA World Cup (TM) Song],77,Waka Waka (This Time for Africa) [The Official 2010 FIFA World Cup (TM) Song] (feat. Freshlyground),2010
Shakira,4,Chantaje (feat. Maluma),76,El Dorado,2017
Shakira,5,Clandestino,74,Clandestino,2018
Shanice,1,I Love Your Smile,59,Inner Child,1991
Shanice,2,Don't Wanna Love You,24,Boomerang,1992
Shanice,3,I Love Your Smile,4,100 Essential Love Songs (Online version),2006
Shanice,4,I Love Your Smile,0,Motown: The Complete No. 1's,2008
Shanice,5,I Love Your Smile,0,Soul Sisters,1999
Shaun Frank,1,Where Do You Go (feat. Lexy Panterra),45,Where Do You Go (feat. Lexy Panterra),2019
Shaun Frank,2,Don't Tell The Bank (feat. Roshin),41,Activ8,2019
Shaun Frank,3,Higher State,31,Activ8,2019
Shaun Frank,4,Bon Appétit (feat. YA-LE) - Noizu Remix,30,Bon Appétit (feat. YA-LE) [Noizu Remix],2018
Shaun Frank,5,Heaven - KSHMR Remix,0,Heaven (The Remixes),2016
Shawn Mendes,1,Señorita,93,Señorita,2019
Shawn Mendes,2,Señorita,88,Shawn Mendes (Deluxe),2019
Shawn Mendes,3,If I Can't Have You,84,If I Can't Have You,2019
Shawn Mendes,4,Treat You Better,83,Illuminate,2017
Shawn Mendes,5,There's Nothing Holdin' Me Back,82,Illuminate (Deluxe),2017
Shinedown,1,DEVIL,68,ATTENTION ATTENTION,2018
Shinedown,2,Cut the Cord,67,Threat to Survival,2015
Shinedown,3,MONSTERS,66,ATTENTION ATTENTION,2018
Shinedown,4,Sound of Madness,66,The Sound of Madness,2008
Shinedown,5,State of My Head,66,Threat to Survival,2015
Showtek,1,Booyah 2018 Remixes (feat. We Are Loud & Sonny Wilson) - Breathe Carolina Remix,57,Booyah 2018 Remixes (feat. We Are Loud & Sonny Wilson),2018
Showtek,2,Listen To Your Momma,56,Listen To Your Momma (feat. Leon Sherman),2019
Showtek,3,Booyah - Radio Edit,47,Booyah,2013
Showtek,4,Mellow,47,Mellow,2016
Showtek,5,Booyah - Original Mix,41,Booyah (The Remixes),2013
SiR,1,Hair Down (feat. Kendrick Lamar),70,Hair Down (feat. Kendrick Lamar),2019
SiR,2,Hair Down (feat. Kendrick Lamar),67,Chasing Summer,2019
SiR,3,You Can't Save Me,66,Chasing Summer,2019
SiR,4,Ooh Nah Nah (feat. Masego),64,Ooh Nah Nah (feat. Masego),2017
SiR,5,That's Why I Love You (feat. Sabrina Claudio),63,Chasing Summer,2019
Sia,1,Chandelier,79,1000 Forms Of Fear,2014
Sia,2,Cheap Thrills,77,This Is Acting,2016
Sia,3,"No New Friends (feat. Sia, Diplo, and Labrinth)",75,"LABRINTH, SIA & DIPLO PRESENT... LSD",2019
Sia,4,The Greatest,74,This Is Acting (Deluxe Version),2016
Sia,5,Elastic Heart,72,1000 Forms Of Fear,2014
Sick Individuals,1,Symphony,63,Symphony,2018
Sick Individuals,2,I'll Be Here For You,57,I'll Be Here For You,2019
Sick Individuals,3,LUNA,55,LUNA,2019
Sick Individuals,4,Guilty,53,Guilty,2019
Sick Individuals,5,Fallin',52,Fallin',2019
Sidhu Moose Wala,1,Dhakka,65,Dhakka,2019
Sidhu Moose Wala,2,B-Town (feat. Sunny Malton),59,B-Town (feat. Sunny Malton),2019
Sidhu Moose Wala,3,So High,58,So High,2018
Sidhu Moose Wala,4,"Dollar - From ""Dakuaan Da Munda""",57,"Dollar (From ""Dakuaan Da Munda"")",2018
Sidhu Moose Wala,5,East Side Flow,56,East Side Flow,2019
Sidney Samson,1,Bomba Latina,42,Bomba Latina,2019
Sidney Samson,2,Celebrate The Rain (From The Hit),13,Celebrate The Rain,2014
Sidney Samson,3,Brut Riddim - 120 bpm,10,Brut Riddim,2018
Sidney Samson,4,Better Than Yesterday - Club Mix,0,Better Than Yesterday,2013
Sidney Samson,5,Torrent,0,Torrent,2014
Sidoka,1,Não Me Sinto Mal Mais,73,Não Me Sinto Mal Mais,2019
Sidoka,2,Olha Pro Oclin,67,Doka Language,2019
Sidoka,3,Porsche,65,Porsche,2019
Sidoka,4,Sommelier,62,Sommelier,2019
Sidoka,5,Petalaz,61,Petalaz,2019
Sigala,1,We Got Love,76,We Got Love,2019
Sigala,2,Wish You Well,75,Wish You Well,2019
Sigala,3,Somebody,69,Brighter Days,2018
Sigala,4,Came Here for Love,68,Came Here for Love,2017
Sigala,5,Easy Love,67,Brighter Days,2018
Sikander Kahlon,1,Safar,39,Safar,2019
Sikander Kahlon,2,Wargi Na,35,Wargi Na,2019
Sikander Kahlon,3,Kitn King in the North (feat. Byg Byrd),32,Mohali Messiah,2018
Sikander Kahlon,4,Swag on 100 (feat. Sady Immortal),30,Swag on 100 (feat. Sady Immortal),2018
Sikander Kahlon,5,Denzel (feat. Andy Grewal),29,Mohali Messiah,2018
Silkk The Shocker,1,It Ain't My Fault,40,Charge It 2 Da Game,1998
Silkk The Shocker,2,Somebody Like Me,25,Made Man,1999
Silkk The Shocker,3,Mama Always Told Me,24,Charge It 2 Da Game,1998
Silkk The Shocker,4,Throw Yo Hood Up,20,Charge It 2 Da Game,1998
Silkk The Shocker,5,You Ain't Gotta Lie To Kick It,18,Charge It 2 Da Game,1998
Silvestre Dangond,1,Cásate Conmigo,68,Cásate Conmigo,2017
Silvestre Dangond,2,Justicia,68,Justicia,2018
Silvestre Dangond,3,Vivir Bailando,67,Vivir Bailando,2019
Silvestre Dangond,4,Vallenato Apretao,60,Vallenato Apretao,2019
Silvestre Dangond,5,Ya No Me Duele Más - Remix,48,Ya No Me Duele Más (Remix),2016
Simple Minds,1,Alive And Kicking,53,Once Upon A Time (Super Deluxe),1985
Simple Minds,2,Don't You (Forget About Me),45,Once Upon A Time (Deluxe),1985
Simple Minds,3,Don't You (Forget About Me) - Remastered,44,Celebrate (Greatest Hits),2013
Simple Minds,4,Love Song,42,Sons And Fascination/Sister Feelings Call,1981
Simple Minds,5,Alive And Kicking - Remastered 2002,11,5 Album Set (Sons and Fascination/New Gold Dream/Sparkle in the Rain/Once Upon a Time/Street Fighting Years),2012
Simple Plan,1,I'm Just a Kid,70,"No Pads, No Helmets...Just Balls (15th Anniversary Tour Edition)",2018
Simple Plan,2,Welcome to My Life,68,Still Not Getting Any,2004
Simple Plan,3,Perfect - Acoustic Version,45,Still Not Getting Any,2004
Simple Plan,4,Singing In The Rain,41,Singing In The Rain,2016
Simple Plan,5,When I'm Gone - Acoustic Version,28,When I'm Gone (International),2007
Sinead Harnett,1,If You Let Me,62,If You Let Me,2016
Sinead Harnett,2,If You Let Me,56,Lessons in Love,2019
Sinead Harnett,3,No Other Way,54,N.O.W,2014
Sinead Harnett,4,Pulling Away,45,Lessons in Love,2019
Sinead Harnett,5,No Other Way,4,N.O.W,2014
Skid Row,1,18 and Life,69,Skid Row,1989
Skid Row,2,I Remember You,68,Skid Row,1989
Skid Row,3,Youth Gone Wild,62,Skid Row,1989
Skid Row,4,18 and Life,59,Best Of,1998
Skid Row,5,Youth Gone Wild,43,Best Of,1998
Skillet,1,Monster,75,Awake,2009
Skillet,2,Feel Invincible,72,Unleashed,2016
Skillet,3,Hero,72,Awake,2009
Skillet,4,Comatose,66,Comatose,2006
Skillet,5,Feel Invincible,50,Feel Invincible,2016
Skrillex,1,HUMBLE. - SKRILLEX REMIX,72,HUMBLE. (SKRILLEX REMIX),2017
Skrillex,2,Purple Lamborghini (with Rick Ross),72,Purple Lamborghini (with Rick Ross),2016
Skrillex,3,Midnight Hour with Boys Noize & Ty Dolla $ign,70,Midnight Hour with Boys Noize & Ty Dolla $ign,2019
Skrillex,4,Would You Ever,67,Would You Ever,2017
Skrillex,5,Fuji Opener,58,Show Tracks,2019
Sleeping With Sirens,1,If You Can't Hang,65,Let's Cheers To This,2011
Sleeping With Sirens,2,Leave It All Behind,62,Leave It All Behind,2019
Sleeping With Sirens,3,"If I'm James Dean, You're Audrey Hepburn",60,With Ears To See And Eyes To Hear,2010
Sleeping With Sirens,4,Agree to Disagree,57,How It Feels to Be Lost,2019
Sleeping With Sirens,5,The Bomb Dot Com V2.0,49,With Ears To See And Eyes To Hear,2010
Slipknot,1,Unsainted,77,We Are Not Your Kind,2019
Slipknot,2,Duality,76,Vol. 3: The Subliminal Verses,2004
Slipknot,3,Nero Forte,72,We Are Not Your Kind,2019
Slipknot,4,The Devil in I,71,.5: The Gray Chapter (Special Edition),2014
Slipknot,5,Snuff,58,All Hope Is Gone (10th Anniversary),2008
Smallpools,1,Million Bucks,61,Million Bucks,2017
Smallpools,2,Dreaming,57,LOVETAP!,2015
Smallpools,3,Passenger Side,56,Passenger Side,2017
Smallpools,4,Mother - 8 Mix,47,Mother (8 Mix),2017
Smallpools,5,Million Bucks - Violet Days Remix,26,Million Bucks (Violet Days Remix),2017
Smokepurpp,1,What I Please (feat. Denzel Curry),74,What I Please (feat. Denzel Curry),2019
Smokepurpp,2,What I Please (feat. Denzel Curry),67,Deadstar 2,2019
Smokepurpp,3,Audi II,65,Audi II,2019
Smokepurpp,4,Audi II,62,Deadstar 2,2019
Smokepurpp,5,Baguettes (feat. Gunna),53,Lost Planet 2.0,2019
Snakehips,1,All My Friends (feat. Tinashe & Chance the Rapper),74,All My Friends (feat. Tinashe & Chance the Rapper),2015
Snakehips,2,Summer Fade (feat. Anna of the North),64,Summer Fade (feat. Anna of the North),2019
Snakehips,3,Cruel (feat. ZAYN),62,Cruel (feat. ZAYN),2016
Snakehips,4,Gucci Rock N Rolla (feat. Rivers Cuomo & KYLE),56,Gucci Rock N Rolla (feat. Rivers Cuomo & KYLE),2019
Snakehips,5,Don't Leave - Ekali Remix,45,Don't Leave (Remixes),2017
Snoop Dogg,1,Gin And Juice (feat. Dat Nigga Daz),72,Doggystyle,1993
Snoop Dogg,2,Who Am I (What's My Name)?,70,Doggystyle,1993
Snoop Dogg,3,Drop It Like It's Hot,67,R&G (Rhythm & Gangsta): The Masterpiece,2004
Snoop Dogg,4,Beautiful,64,The Best Of Snoop Dogg,2005
Snoop Dogg,5,"Ain't No Fun (If the Homies Cant Have None) (feat. Nate Dogg, Warren G & Kurupt)",63,Doggystyle,1993
Soda Stereo,1,Trátame Suavemente - Remasterizado 2007,54,El Ultimo Concierto A,1997
Soda Stereo,2,Signos - Remasterizada 2007,53,El Ultimo Concierto A,1997
Soda Stereo,3,Ella Usó Mi Cabeza Como Un Revólver - Remasterizado 2007,51,El Ultimo Concierto A,1997
Soda Stereo,4,Lo Que Sangra (La Cúpula) - Remasterizado 2007,50,El Ultimo Concierto A,1997
Soda Stereo,5,Canción Animal - Remasterizado 2007,47,El Ultimo Concierto A,1997
Soft Cell,1,Tainted Love,74,Non-Stop Erotic Cabaret,1981
Soft Cell,2,Tainted Love,53,Non Stop Erotic Cabaret (Deluxe Edition),1981
Soft Cell,3,Bedsitter,18,Non Stop Erotic Cabaret (Deluxe Edition),1981
Soft Cell,4,Tainted Love,12,Tainted Love / Where Did Our Love Go,2009
Soft Cell,5,Tainted Love,8,The Very Best Of Soft Cell [International Version (Excluding UK & Eire)],2002
Solange,1,Cranes in the Sky,66,A Seat at the Table,2016
Solange,2,Stay Flo,66,When I Get Home,2019
Solange,3,Almeda,65,When I Get Home,2019
Solange,4,Don't Touch My Hair,61,A Seat at the Table,2016
Solange,5,Mad,57,A Seat at the Table,2016
Soul For Real,1,Candy Rain,59,Candy Rain,1995
Soul For Real,2,Every Little Thing I Do,52,Candy Rain,1995
Soul For Real,3,Candy Rain,49,'90s Soul Number 1's,2007
Soul For Real,4,Candy Rain,38,90's Soul Number 1's,2007
Soul For Real,5,Every Little Thing I Do - Remix,4,"The New Jack Swing Collection, Vol. 2",2014
Soundgarden,1,Outshined,63,Badmotorfinger (25th Anniversary Remaster),1991
Soundgarden,2,Black Hole Sun,49,Superunknown,1994
Soundgarden,3,Black Hole Sun,46,Telephantasm,2010
Soundgarden,4,Rusty Cage,3,Badmotorfinger,1991
Soundgarden,5,Live To Rise,0,Avengers Assemble,2012
Spencer & Hill,1,Dump Party - Radio Mix,7,Most Wanted EP,2009
Spencer & Hill,2,Housebeat - Original Mix,6,Spencer & Hill EP,2008
Spencer & Hill,3,Right On Time - Original Mix,2,Spencer & Hill EP,2008
Spencer & Hill,4,One Stop Love - Radio Mix,0,Spencer & Hill EP,2008
Spencer & Hill,5,When The Lights Turn Off - New Radio Mix,0,When The Lights Turn Off,2006
St. Viper,1,Where we gonna go,41,Zaraze,2008
St. Viper,2,It`s only Friday,40,Zaraze,2008
St. Viper,3,Here come the lords,36,Zaraze,2008
St. Viper,4,Make up,36,Zaraze,2008
St. Viper,5,Spanjolka,36,Zaraze,2008
StaFFord63,1,Дым - мой круговорот,45,Дым - мой круговорот (Special Edition),2018
StaFFord63,2,Брат за брата,37,Кайфуй душа (Special Edition),2018
StaFFord63,3,Салам пацанам,36,Дым - мой круговорот (Special Edition),2018
StaFFord63,4,Жизнь пацанская,32,Дым - мой круговорот (Special Edition),2018
StaFFord63,5,Был хулиганом,29,Наркотик мой (Special Edition),2017
Stan Kolev,1,Samadhi,31,Samadhi,2018
Stan Kolev,2,Meraki - Original Mix,23,Meraki,2018
Stan Kolev,3,Emotions Attached,8,Subservient EP,2018
Stan Kolev,4,Gridlock,7,Reflections,2018
Stan Kolev,5,Subservient,3,Subservient EP,2018
Starley,1,Call on Me - Ryan Riback Remix,68,Call On Me (Remixes),2016
Starley,2,Call On Me - Ryan Riback Remix,58,Call On Me,2016
Starley,3,Lovers + Strangers,58,Lovers + Strangers,2019
Starley,4,Signs - Eden Prince Remix,56,Signs (Eden Prince Remix),2018
Starley,5,Lovers + Strangers - GATTÜSO Remix,46,Lovers + Strangers (GATTÜSO Remix),2019
Status Quo,1,Whatever You Want,62,Whatever You Want,1979
Status Quo,2,Caroline,45,Hello!,1973
Status Quo,3,Liberty Lane,37,Backbone,2019
Status Quo,4,You're In The Army Now - Status Quo In Concert,32,Live At The BBC,2010
Status Quo,5,Whatever You Want,19,Classic,2009
Steely Dan,1,Reelin' In The Years,71,Can't Buy A Thrill,1972
Steely Dan,2,Do It Again,69,Can't Buy A Thrill,1972
Steely Dan,3,Hey Nineteen,60,Gaucho,1980
Steely Dan,4,Rikki Don't Lose That Number,60,Pretzel Logic,1974
Steely Dan,5,My Old School,55,Countdown To Ecstasy,1973
Steppenwolf,1,Born To Be Wild,73,Steppenwolf,1968
Steppenwolf,2,Born To Be Wild - Single Version,67,Steppenwolf,1968
Steppenwolf,3,The Pusher,54,Steppenwolf,1968
Steppenwolf,4,Magic Carpet Ride,13,Born To Be Wild: A Retrospective,1991
Steppenwolf,5,Magic Carpet Ride,4,70s Classic Rock,1998
Steve Angello,1,KNAS - BROHUG Remix,51,KNAS (BROHUG Remix),2019
Steve Angello,2,Breaking Kind,36,Genesis,2017
Steve Angello,3,Children Of The Wild (feat. Mako),0,Children Of The Wild (feat. Mako),2015
Steve Angello,4,SLVR,0,SLVR,2013
Steve Angello,5,SLVR,0,SLVR,2013
Steve Aoki,1,"Azukita (Steve Aoki, Daddy Yankee, Play-N-Skillz & Elvis Crespo) (feat. Elvis Crespo)",69,"Azukita (Steve Aoki, Daddy Yankee, Play-N-Skillz & Elvis Crespo) (feat. Elvis Crespo)",2018
Steve Aoki,2,Mayhem,66,Mayhem,2018
Steve Aoki,3,Send It,65,Send It,2019
Steve Aoki,4,Popcorn,63,Popcorn,2019
Steve Aoki,5,Delirious (Boneless) (feat. Kid Ink),59,Neon Future I,2014
Steve Lacy,1,C U Girl,69,C U Girl,2015
Steve Lacy,2,Ryd,60,Steve Lacy's Demo,2017
Steve Lacy,3,Some,51,Steve Lacy's Demo,2017
Steve Lacy,4,Looks,49,Steve Lacy's Demo,2017
Steve Lacy,5,Dark Red,47,Steve Lacy's Demo,2017
Steve Miller Band,1,The Joker,75,The Joker,1973
Steve Miller Band,2,Take The Money And Run,67,Fly Like An Eagle,1976
Steve Miller Band,3,Rock'n Me,64,Fly Like An Eagle,1976
Steve Miller Band,4,Jet Airliner - Remastered 2017,33,Ultimate Hits,2017
Steve Miller Band,5,The Joker,19,The Joker,1973
Stevie B,1,Spring Love,49,Best Of Stevie B,1991
Stevie B,2,I Wanna Be the One,46,Best Of Stevie B,1991
Stevie B,3,Dreamin' of Love,41,Best Of Stevie B,1991
Stevie B,4,Party Your Body,36,Best Of Stevie B,1991
Stevie B,5,Dreaming Of Love,0,Hit Collection,2008
Stevie Wonder,1,Someday At Christmas,59,Someday At Christmas,1967
Stevie Wonder,2,One Little Christmas Tree,48,Best Of/20th Century - Christmas,2004
Stevie Wonder,3,What Christmas Means To Me,15,The Ultimate Motown Christmas Collection,2009
Stevie Wonder,4,Superstition - Single Version,6,The Definitive Collection,2002
Stevie Wonder,5,Higher Ground,4,Innervisions (Reissue),1973
Stormzy,1,Own It (feat. Ed Sheeran & Burna Boy),88,Heavy Is The Head,2019
Stormzy,2,Own It (feat. Ed Sheeran & Burna Boy),76,Own It (feat. Ed Sheeran & Burna Boy),2019
Stormzy,3,Pop Boy (feat. Aitch),72,Heavy Is The Head,2019
Stormzy,4,Wiley Flow,71,Wiley Flow,2019
Stormzy,5,Still Disappointed,70,Still Disappointed,2020
Struggle Jennings,1,The Struggle Is Real,54,Return of the Outlaw,2016
Struggle Jennings,2,Outlaw Shit (feat. Waylon Jennings & Yelawolf),52,I Am Struggle,2013
Struggle Jennings,3,The Dance,49,The Dance,2016
Struggle Jennings,4,"Like Father, Like Son",47,Return of the Outlaw,2016
Struggle Jennings,5,One Shot,43,Return of the Outlaw,2016
Styx,1,Renegade,66,Pieces Of Eight,1978
Styx,2,Come Sail Away,64,The Grand Illusion,1977
Styx,3,Mr. Roboto,60,Kilroy Was Here,1983
Styx,4,Come Sail Away,56,Gold,2004
Styx,5,Too Much Time On My Hands,55,Paradise Theatre,1981
Sultan + Shepard,1,Head Over Heels - James Roe Remix,55,Head Over Heels (James Roe Remix),2019
Sultan + Shepard,2,We Found Love - Zack Martino & Kastra Remix,55,We Found Love (Zack Martino & Kastra Remix),2019
Sultan + Shepard,3,Keep Moving - (Sultan + Shepard Reboot),49,Keep Moving (Sultan + Shepard Reboot),2019
Sultan + Shepard,4,Lion,43,And If... / Lion,2019
Sultan + Shepard,5,The Way,43,Echoes Of Life: Night,2019
Sum 41,1,In Too Deep,74,"All Killer, No Filler",2001
Sum 41,2,Fat Lip,73,"All Killer, No Filler",2001
Sum 41,3,Still Waiting,69,Does This Look Infected?,2002
Sum 41,4,The Hell Song,64,Does This Look Infected?,2002
Sum 41,5,Out For Blood,58,Order In Decline,2019
Summer Walker,1,Come Thru (with Usher),80,Over It,2019
Summer Walker,2,Playing Games (with Bryson Tiller) - Extended Version,80,Over It,2019
Summer Walker,3,Girls Need Love (with Drake) - Remix,78,Last Day Of Summer,2018
Summer Walker,4,Something Real (with London On Da Track & Chris Brown),76,Something Real (with London On Da Track & Chris Brown),2019
Summer Walker,5,Drunk Dialing...LODT,69,Over It,2019
Sunnery James & Ryan Marciano,1,Monster (with Magnificence),45,Monster (with Magnificence),2019
Sunnery James & Ryan Marciano,2,Drums Of Tobago - Extended Mix,20,Drums Of Tobago,2016
Sunnery James & Ryan Marciano,3,Badman,18,Badman,2018
Sunnery James & Ryan Marciano,4,Savages - Magnificence Remix,12,Savages (Remixes),2018
Sunnery James & Ryan Marciano,5,One Life - Original Mix,0,One Life,2014
Supertramp,1,Give A Little Bit,74,Even In The Quietest Moments,1977
Supertramp,2,The Logical Song - Remastered 2010,71,Breakfast In America (Deluxe Edition),1979
Supertramp,3,Goodbye Stranger - 2010 Remastered,65,Breakfast In America (Deluxe Edition),1979
Supertramp,4,Breakfast In America,35,Breakfast In America,1979
Supertramp,5,Give A Little Bit,0,Classics,1987
Survivor,1,Eye of the Tiger,76,Rocky IV,1985
Survivor,2,Eye of the Tiger,72,Eye Of The Tiger,1982
Survivor,3,"Burning Heart - From ""Rocky IV"" Soundtrack",64,Rocky IV,1985
Survivor,4,Eye of the Tiger,58,Eye Of The Tiger,1982
Survivor,5,Eye of the Tiger,53,80s 100 Hits,2010
Swanky Tunes,1,Supersonic (feat. Christian Burns),53,Supersonic (feat. Christian Burns),2019
Swanky Tunes,2,You Don't Know Me,43,You Don't Know Me,2019
Swanky Tunes,3,Till The End,42,Till The End,2016
Swanky Tunes,4,Game Time,33,Game Time,2019
Swanky Tunes,5,Get Down - Original Mix,0,Get Down,2014
Swedish House Mafia,1,Don't You Worry Child - Radio Edit,77,Don't You Worry Child,2012
Swedish House Mafia,2,Save The World,67,Save The World,2011
Swedish House Mafia,3,Greyhound,65,Until Now,2012
Swedish House Mafia,4,One (Your Name) - Radio Edit,60,One (Your Name),2010
Swedish House Mafia,5,Don't You Worry Child - Acoustic Version,58,Don't You Worry Child,2012
Sweet,1,Ballroom Blitz,60,Desolation Boulevard,1974
Sweet,2,Love Is Like Oxygen - Alternate Version,38,Greatest Hits (Alternate Versions),2012
Sweet,3,Fox on the Run - Single Version,36,"Fox on the Run (from the ""Guardians of the Galaxy 2"" Trailer)",2016
Sweet,4,Hellraiser,32,Hits,2014
Sweet,5,Ballroom Blitz,0,Hits,2014
Swingrowers,1,No Strings Attached,46,Outsidein,2018
Swingrowers,2,Pump Up the Jam,42,Do Not Cover,2014
Swingrowers,3,No Strings Attached,33,No Strings Attached,2018
Swingrowers,4,Enjoy the Moment,30,Remote,2014
Swingrowers,5,Butterfly - Wolfgang Lohr Remix,2,Butterfly (Remixes),2017
Syn Cole,1,Miami 82 - Kygo Remix,59,Miami 82 (Remixes),2014
Syn Cole,2,Keep Going,58,Keep Going,2019
Syn Cole,3,Discovery,55,Discovery,2019
Syn Cole,4,Who You Are (feat. MIO),53,Who You Are (feat. MIO),2018
Syn Cole,5,Discovery - Sunrise Mix,51,Discovery (Sunrise Mix),2019
System Of A Down,1,Chop Suey!,80,Toxicity,2001
System Of A Down,2,Toxicity,78,Toxicity,2001
System Of A Down,3,B.Y.O.B.,75,Mezmerize,2005
System Of A Down,4,Aerials,74,Toxicity,2001
System Of A Down,5,Chop Suey!,18,Toxicity,2001
T-Pain,1,Buy U a Drank (Shawty Snappin'),76,Epiphany,2007
T-Pain,2,I'm Sprung,67,Rappa Ternt Sanga,2005
T-Pain,3,F.B.G.M.,64,F.B.G.M.,2017
T-Pain,4,Girlfriend (feat. G-Eazy),62,Girlfriend (feat. G-Eazy),2019
T-Pain,5,Bartender (feat. Akon),54,Epiphany,2007
T-SQUARE,1,Kanojo to Mugiwaraboushi,0,Paradise,2015
T-SQUARE,2,Knock Me Out,0,Paradise,2015
T-SQUARE,3,Mystic Island,0,Paradise,2015
T-SQUARE,4,Natsu No Owari,0,Paradise,2015
T-SQUARE,5,Night Cruise,0,Paradise,2015
T.I.,1,Live Your Life (feat. Rihanna),74,Paper Trail,2008
T.I.,2,Whatever You Like,74,Paper Trail,2008
T.I.,3,What You Know,63,King,2006
T.I.,4,Rubber Band Man,53,Trap Muzik,2003
T.I.,5,You Know What It Is (feat. Wyclef Jean),45,T.I. VS T.I.P.,2007
T.K. Soul,1,Party Like Back in the Day,38,The Hit Maker: 10 Years of Tk Soul,2012
T.K. Soul,2,I'm Looking for a Lady,36,Life After Love,2014
T.K. Soul,3,If You Dont Want Me,36,The Hit Maker: 10 Years of Tk Soul,2012
T.K. Soul,4,Caught Up in Doing Wrong,32,Life After Love,2014
T.K. Soul,5,It Aint Cheating Til You Get Caught,27,The Hit Maker: 10 Years of Tk Soul,2012
TENDER,1,Nadir,48,Modern Addiction,2017
TENDER,2,Outside,48,Outside,2016
TENDER,3,Afternoon,43,Afternoon,2016
TENDER,4,Vow,39,Modern Addiction,2017
TENDER,5,Smoke,37,EP III,2016
TINI,1,Fresa,82,Fresa,2019
TINI,2,Oye,81,Oye,2019
TINI,3,22,74,22,2019
TINI,4,Recuerdo,72,Recuerdo,2020
TINI,5,Consejo de Amor,71,Quiero Volver,2018
TJR,1,Funky Vodka,32,Funky Vodka,2013
TJR,2,Bounce Generation - Original Mix,19,Bounce Generation,2014
TJR,3,Ode To Oi,3,Ode To Oi,2013
TJR,4,Bounce Generation - Original Mix,0,Bounce Generation,2014
TJR,5,Come Back Down,0,Come Back Down,2014
TLC,1,No Scrubs,79,Fanmail,1999
TLC,2,Waterfalls,71,Crazysexycool,1994
TLC,3,Creep,66,Crazysexycool,1994
TLC,4,What About Your Friends,58,Ooooooohhh... On The TLC Tip,1992
TLC,5,Red Light Special,56,Crazysexycool,1994
TOTO,1,Africa,83,Toto IV,1982
TOTO,2,Hold the Line,75,Toto,1978
TOTO,3,Africa,55,80s 100 Hits,2010
TOTO,4,Africa,50,Greatest Hits: 40 Trips Around The Sun,2018
TOTO,5,Hold the Line,49,Greatest Hits: 40 Trips Around The Sun,2018
TREN LOKOTE,1,Malandro,47,Malandro,2019
TREN LOKOTE,2,SureÑos,46,Cementerio De Raperos,2017
TREN LOKOTE,3,Malditos,42,Malditos,2019
TREN LOKOTE,4,El Ambiente Huele a Mota,39,Cementerio De Raperos,2017
TREN LOKOTE,5,No Hay Falla,37,Cementerio De Raperos,2017
TV Noise,1,EDM O' CLOCK,50,EDM O' CLOCK,2019
TV Noise,2,Mumble,42,Mumble,2019
TV Noise,3,Rave,42,Rave,2019
TV Noise,4,Lasers,41,Lasers,2019
TV Noise,5,Bring It Back,39,Bring It Back EP,2019
TWO LANES,1,Back to You,47,Drifting,2019
TWO LANES,2,Drifting,47,Drifting,2019
TWO LANES,3,Drifting - Tim Schaufert Remix,43,Drifting (Remixes),2019
TWO LANES,4,Awake,42,Drifting,2019
TWO LANES,5,Back Down - Price Park Remix,39,Drifting (Remixes),2019
Tame Impala,1,The Less I Know The Better,85,Currents,2015
Tame Impala,2,Borderline,76,Borderline,2019
Tame Impala,3,Feels Like We Only Go Backwards,75,Lonerism,2012
Tame Impala,4,Let It Happen,75,Currents,2015
Tame Impala,5,Yes I'm Changing,69,Currents,2015
Tamia,1,So Into You,64,Tamia,1998
Tamia,2,Officially Missing You,52,More,2004
Tamia,3,Into You (feat. Fabolous),42,More,2004
Tamia,4,Falling for You,39,Tamia,1998
Tamia,5,Never Gonna Let You Go,32,Tamia,1998
Tasha Cobbs Leonard,1,You Know My Name,53,Heart. Passion. Pursuit.,2017
Tasha Cobbs Leonard,2,Your Spirit,53,Heart. Passion. Pursuit.,2017
Tasha Cobbs Leonard,3,I'm Getting Ready,52,Heart. Passion. Pursuit.,2017
Tasha Cobbs Leonard,4,Gracefully Broken,50,Heart. Passion. Pursuit.,2017
Tasha Cobbs Leonard,5,The Name Of Our God,40,Heart. Passion. Pursuit.,2017
Taylor Swift,1,You Need To Calm Down,86,Lover,2019
Taylor Swift,2,Lover (Remix) [feat. Shawn Mendes],85,Lover (Remix) [feat. Shawn Mendes],2019
Taylor Swift,3,I Forgot That You Existed,79,Lover,2019
Taylor Swift,4,Blank Space,78,1989 (Deluxe),2014
Taylor Swift,5,I Knew You Were Trouble.,76,Red (Big Machine Radio Release Special),2012
Taz,1,Bankroll,48,Till Death Do Us Part III,2019
Taz,2,Ghost Rider,45,Ghost Rider,2018
Taz,3,Petty,37,Devils Valley III,2019
Taz,4,Deep End,35,Till Death Do Us Part III,2019
Taz,5,2 Pound,24,An Empty Mind,2019
Tchami,1,After Life (feat. Stacy Barthe),57,After Life (feat. Stacy Barthe),2015
Tchami,2,Omega (feat. Ibranovski),54,Omega (feat. Ibranovski),2019
Tchami,3,Move Your Body (Future House),44,Move Your Body (Future House),2015
Tchami,4,The Sermon,32,No Redemption EP,2018
Tchami,5,Kurupt (Lucati Remix),28,Kurupt (Lucati Remix),2018
Tears For Fears,1,Everybody Wants To Rule The World,80,Songs From The Big Chair (Super Deluxe Edition),1985
Tears For Fears,2,Shout,70,Songs From The Big Chair,1985
Tears For Fears,3,"Head Over Heels - Dave Bascombe 7"" N.Mix",64,Songs From The Big Chair (Deluxe),1985
Tears For Fears,4,Mad World,64,The Hurting,1983
Tears For Fears,5,Everybody Wants To Rule The World - Extended Version,2,Songs From The Big Chair (Super Deluxe Edition),1985
Ted Nugent,1,Stranglehold,66,Ted Nugent,1975
Ted Nugent,2,Cat Scratch Fever,58,Cat Scratch Fever,1977
Ted Nugent,3,Stranglehold,56,Great Gonzos! The Best Of Ted Nugent,1981
Ted Nugent,4,Cat Scratch Fever,46,Cat Scratch Fever,1977
Ted Nugent,5,Just What the Doctor Ordered,44,The Essential Ted Nugent,2010
Tego Calderon,1,Pa' Que Retozen,71,El Abayarde,2003
Tego Calderon,2,Al Natural (feat. Yandel),63,El Enemy de Los Guasíbiri,2004
Tego Calderon,3,Punto y Aparte,61,Rompe La Discoteca,2009
Tego Calderon,4,Cuando Baila Reggaeton,54,The Underdog - El Subestimado,2006
Tego Calderon,5,Dominicana,54,El Abayarde,2003
Terror Jr,1,3 Strikes,56,Bop City,2016
Terror Jr,2,Terrified,54,"Unfortunately, Terror Jr",2019
Terror Jr,3,Straight From The Bottle,42,Come Outside And Break Your Heart,2019
Terror Jr,4,9 2 5,41,9 2 5,2019
Terror Jr,5,Come First,37,Come First,2016
Tetengo,1,One Night of Karma,20,One Nigth of Karma,2019
Tetengo,2,Can't Stop the Ocean,19,One Nigth of Karma,2019
Tetengo,3,Poison (Interlude),18,Electroshow,2018
Tetengo,4,1.Casino of Tricks,17,One Nigth of Karma,2019
Tetengo,5,Disruption,16,Electroshow,2018
Tevin Campbell,1,Can We Talk,66,The Best Of Tevin Campbell,2001
Tevin Campbell,2,Can We Talk,47,Rhino Hi-Five: Tevin Campbell,2005
Tevin Campbell,3,Alone with You,46,T.E.V.I.N.,1991
Tevin Campbell,4,Tell Me What You Want Me to Do,43,T.E.V.I.N.,1991
Tevin Campbell,5,I'm Ready,38,Rhino Hi-Five: Tevin Campbell,2005
Teyana Taylor,1,How You Want It?,71,How You Want It?,2019
Teyana Taylor,2,Gonna Love Me,70,K.T.S.E.,2018
Teyana Taylor,3,Morning,69,Morning,2019
Teyana Taylor,4,Issues/Hold On,67,K.T.S.E.,2018
Teyana Taylor,5,"Gonna Love Me (feat. Ghostface Killah, Method Man & Raekwon) - Remix",58,"Gonna Love Me (feat. Ghostface Killah, Method Man & Raekwon) [Remix]",2018
Thalía,1,No Me Acuerdo,75,Valiente,2018
Thalía,2,Desde Esa Noche,68,Latina,2016
Thalía,3,Por Lo Que Reste de Vida,61,Amore Mio (Deluxe Edition),2014
Thalía,4,Te Perdiste Mi Amor (feat. Prince Royce),61,Habítame Siempre (Bonus Tracks Version),2012
Thalía,5,Piel Morena,58,En Extasis,1995
The 1975,1,It's Not Living (If It's Not With You),74,A Brief Inquiry Into Online Relationships,2018
The 1975,2,Love It If We Made It,73,A Brief Inquiry Into Online Relationships,2018
The 1975,3,Somebody Else,73,"I like it when you sleep, for you are so beautiful yet so unaware of it",2016
The 1975,4,TOOTIMETOOTIMETOOTIME,70,A Brief Inquiry Into Online Relationships,2018
The 1975,5,Frail State Of Mind,69,Frail State Of Mind,2019
The Aces,1,Waiting for You,57,When My Heart Felt Volcanic,2018
The Aces,2,Volcanic Love,51,When My Heart Felt Volcanic,2018
The Aces,3,Waiting for You,39,When My Heart Felt Volcanic,2018
The Aces,4,Stuck,36,Stuck,2016
The Aces,5,Volcanic Love,36,When My Heart Felt Volcanic,2018
The Allman Brothers Band,1,Soulshine,58,Where It All Begins,1994
The Allman Brothers Band,2,Statesboro Blues,35,The 1971 Fillmore East Recordings,1971
The Allman Brothers Band,3,Ramblin' Man,16,Brothers And Sisters (Deluxe Edition),1973
The Allman Brothers Band,4,Midnight Rider,15,Idlewild South,1970
The Allman Brothers Band,5,Ramblin' Man,15,Brothers And Sisters (Deluxe Edition),1973
The Audition,1,Warm Me Up,49,Champion,2008
The Audition,2,My Temperature Is Rising,37,Self-Titled Album,2009
The Audition,3,Los Angeles,31,Self-Titled Album,2009
The Audition,4,You've Made Us Conscious,31,Controversy Loves Company,2005
The Audition,5,Don't Be So Hard,29,Controversy Loves Company,2005
The Band,1,The Night They Drove Old Dixie Down - Remastered 2000,63,The Band (Expanded Edition),1969
The Band,2,Atlantic City,61,Jericho,1993
The Band,3,Up On Cripple Creek - Remastered 2000,60,The Band (Expanded Edition),1969
The Band,4,The Shape I'm In - Remastered 2000,54,Stage Fright (Expanded Edition),1970
The Band,5,Ophelia - Remastered 2000,28,Greatest Hits,2000
The Band CAMINO,1,2 / 14,67,My Thoughts on You,2016
The Band CAMINO,2,Less Than I Do,66,Less Than I Do,2018
The Band CAMINO,3,Haunted,55,tryhard,2019
The Band CAMINO,4,My Thoughts on You,55,My Thoughts on You,2017
The Band CAMINO,5,See Through,14,Daphne Blue / See Through,2019
The Beatles,1,Come Together - Remastered 2009,79,Abbey Road (Remastered),1969
The Beatles,2,Let It Be - Remastered 2009,79,Let It Be (Remastered),1970
The Beatles,3,I Want To Hold Your Hand - Remastered 2015,74,1 (Remastered),2000
The Beatles,4,In My Life - Remastered 2009,73,Rubber Soul (Remastered),1965
The Beatles,5,I Saw Her Standing There - Remastered 2009,71,Please Please Me (Remastered),1963
The Black Eyed Peas,1,RITMO (Bad Boys For Life),96,RITMO (Bad Boys For Life),2019
The Black Eyed Peas,2,Just Can’t Get Enough,70,The Beginning,2010
The Black Eyed Peas,3,I Gotta Feeling,69,THE E.N.D. (THE ENERGY NEVER DIES),2009
The Black Eyed Peas,4,Boom Boom Pow,68,THE E.N.D. (THE ENERGY NEVER DIES) [Deluxe Version],2009
The Black Eyed Peas,5,RITMO (Bad Boys For Life) - Steve Aoki Remix,63,RITMO (Bad Boys For Life),2019
The Black Keys,1,Lonely Boy,72,El Camino,2011
The Black Keys,2,Gold on the Ceiling,69,El Camino,2011
The Black Keys,3,Little Black Submarines,64,El Camino,2011
The Black Keys,4,Howlin' For You,59,Brothers,2010
The Black Keys,5,Never Gonna Give You Up,50,Brothers,2010
The Bloody Beetroots,1,Warp 1.9 (feat. Steve Aoki) - QUIX Remix,51,Warp 1.9 (feat. Steve Aoki) [Remixes],2019
The Bloody Beetroots,2,Definition of House Music,37,Heavy,2019
The Bloody Beetroots,3,Fkn Face,35,Heavy,2019
The Bloody Beetroots,4,Heavy,35,Heavy,2019
The Bloody Beetroots,5,Wildchild,34,Heavy,2019
The Cars,1,Just What I Needed,69,The Cars,1978
The Cars,2,My Best Friend's Girl,63,The Cars,1978
The Cars,3,Good Times Roll,60,The Cars,1978
The Cars,4,Moving in Stereo,56,The Cars,1978
The Cars,5,Shake It Up,48,Shake It Up,1981
The Carters,1,APESHIT,67,EVERYTHING IS LOVE,2018
The Carters,2,APESHIT,66,EVERYTHING IS LOVE,2018
The Carters,3,BOSS,54,EVERYTHING IS LOVE,2018
The Carters,4,LOVEHAPPY,50,EVERYTHING IS LOVE,2018
The Carters,5,BLACK EFFECT,48,EVERYTHING IS LOVE,2018
The Chainsmokers,1,Closer (feat. Halsey),85,Closer (feat. Halsey),2016
The Chainsmokers,2,Family,85,World War Joy,2019
The Chainsmokers,3,Takeaway,85,World War Joy,2019
The Chainsmokers,4,Something Just Like This,83,Memories...Do Not Open,2017
The Chainsmokers,5,Don't Let Me Down,81,Don't Let Me Down,2016
The Clash,1,Should I Stay or Should I Go - Remastered,79,Combat Rock (Remastered),1982
The Clash,2,London Calling - Remastered,73,London Calling (Remastered),1979
The Clash,3,Rock the Casbah - Remastered,72,Combat Rock (Remastered),1982
The Clash,4,Train in Vain - Remastered,64,London Calling (Remastered),1979
The Clash,5,Stay Free - Remastered,45,Give 'Em Enough Rope (Remastered),1978
The Cranberries,1,Zombie,80,No Need To Argue,1994
The Cranberries,2,Linger,75,"Everybody Else Is Doing It, So Why Can't We?",1993
The Cranberries,3,Dreams,72,"Everybody Else Is Doing It, So Why Can't We?",1993
The Cranberries,4,Ode To My Family,69,No Need To Argue,1994
The Cranberries,5,Animal Instinct,60,Bury The Hatchet,1999
The Cratez,1,Skifahren (feat. Joshi Mizu),81,Skifahren (feat. Joshi Mizu),2019
The Cratez,2,Honda Civic,76,Honda Civic,2019
The Cratez,3,Skifahren,51,Skifahren,2019
The Cratez,4,Maschine,49,Maschine,2020
The Cratez,5,Himmel grau,46,Himmel grau,2019
The Cure,1,Friday I'm In Love,75,Wish,1992
The Cure,2,Boys Don't Cry,73,Three Imaginary Boys,1979
The Cure,3,Just Like Heaven,70,"Kiss Me, Kiss Me, Kiss Me",1987
The Cure,4,Close To Me,68,The Head On The Door (Remastered),1985
The Cure,5,Friday I'm in Love,67,Wish,1992
The Deele,1,Two Occasions,49,The Deele: Greatest Hits,1987
The Deele,2,Imagination,4,An Invitation to Love,1993
The Deele,3,Infatuation,4,An Invitation to Love,1993
The Deele,4,Are You Ready to Be Loved?,3,An Invitation to Love,1993
The Deele,5,Save My Life,3,An Invitation to Love,1993
The Doobie Brothers,1,Listen to the Music,75,Toulouse Street,1972
The Doobie Brothers,2,Long Train Runnin',71,The Captain And Me,1973
The Doobie Brothers,3,What a Fool Believes,68,Minute By Minute,1978
The Doobie Brothers,4,China Grove,67,The Captain And Me,1973
The Doobie Brothers,5,Black Water - 45 Version,62,Best of the Doobies,1976
The Doors,1,Riders on the Storm,74,L.A. Woman,1971
The Doors,2,Light My Fire,72,The Doors,1967
The Doors,3,Roadhouse Blues,72,Morrison Hotel,1970
The Doors,4,Break on Through (To the Other Side),71,The Doors,1967
The Doors,5,People Are Strange,69,Strange Days,1967
The Electric Swing Circus,1,Empires,50,It Flew By,2017
The Electric Swing Circus,2,Mr Magpie - Jamie Berry Remix,44,The Electric Swing Circus - Remixed Vol. 1,2018
The Electric Swing Circus,3,Empires,37,Empires,2016
The Electric Swing Circus,4,Hit & Run - Wolfgang Lohr Remix,37,The Electric Swing Circus - Remixed Vol. 1,2018
The Electric Swing Circus,5,Invisible Man,29,Connected / Invisible Man,2019
The Friday Night Boys,1,She's Finding Me Out,31,Off The Deep End,2009
The Friday Night Boys,2,Stupid Love Letter,27,Off The Deep End,2009
The Friday Night Boys,3,That's What She Said,25,That's What She Said EP,2008
The Friday Night Boys,4,"You Do, You Don't",13,Everything You Ever Wanted: The B-Sides,2011
The Friday Night Boys,5,Give It Up,12,Everything You Ever Wanted: The B-Sides,2011
The Game,1,Hate It Or Love It,72,The Documentary,2005
The Game,2,How We Do,72,The Documentary,2005
The Game,3,The Code,66,Born 2 Rap,2019
The Game,4,Westside Story,62,The Documentary,2005
The Game,5,The Game & Skrillex: El Chapo,60,The Documentary 2.5,2015
The Guess Who,1,American Woman - Remastered,67,American Woman,2000
The Guess Who,2,"American Woman - 7"" Version",53,Platinum & Gold Collection,2003
The Guess Who,3,No Sugar Tonight,44,The Best Of The Guess Who,1971
The Guess Who,4,"American Woman - 7"" Version",41,The Best Of The Guess Who,1971
The Guess Who,5,These Eyes - Remastered,26,Greatest Hits,1999
The Him,1,Found Me (feat. Maria Hazell),61,Found Me (feat. Maria Hazell),2019
The Him,2,In My Arms (feat. Norma Jean Martine),57,In My Arms (feat. Norma Jean Martine),2019
The Him,3,Unstoppable,57,Unstoppable,2019
The Him,4,Oasis - Kyco x Barkley Remix,56,Oasis (Kyco x Barkley Remix),2017
The Him,5,Feels Like Home - Radio Edit,54,Feels Like Home,2016
The Internet,1,Girl,67,Ego Death,2015
The Internet,2,Special Affair,63,Ego Death,2015
The Internet,3,Palace/Curse,62,Ego Death,2015
The Internet,4,Hold On,59,Hive Mind,2018
The Internet,5,Wanna Be,58,Hive Mind,2018
The Killers,1,Mr. Brightside,77,Hot Fuss,2004
The Killers,2,Mr. Brightside,77,Hot Fuss,2004
The Killers,3,When You Were Young,75,Sam's Town,2006
The Killers,4,Somebody Told Me,69,Hot Fuss,2004
The Killers,5,Somebody Told Me,69,Hot Fuss,2004
The Kinks,1,You Really Got Me - Mono Mix,72,Kinks,1964
The Kinks,2,All Day and All of the Night,69,Kinks,1964
The Kinks,3,Waterloo Sunset - Mono Mix,66,Something Else (Deluxe Edition),1967
The Kinks,4,Lola - Remastered,57,Lola Versus Powerman and the Moneygoround / Percy,1970
The Kinks,5,"Lola - Live at Providence Civic Center, Providence, RI - September 1979",51,One for the Road (Live),1980
The Knocks,1,Ride Or Die (feat. Foster The People),62,Ride Or Die (feat. Foster The People),2018
The Knocks,2,Awa Ni,55,Awa Ni,2019
The Knocks,3,Ride Or Die (feat. Foster The People),55,New York Narcotic,2018
The Knocks,4,Classic (feat. Fetty Wap & POWERS ),43,Classic (feat. Fetty Wap & POWERS),2015
The Knocks,5,Goodbyes (feat. Method Man),40,Goodbyes (feat. Method Man),2018
The Kooks,1,Always Where I Need To Be,56,Konk,2008
The Kooks,2,So Good Looking,53,So Good Looking,2019
The Kooks,3,No Pressure,52,Let's Go Sunshine,2018
The Kooks,4,"She Moves In Her Own Way - Acoustic / Live At Abbey Road, 2005",33,"Inside In / Inside Out (Acoustic / Live At Abbey Road, 2005)",2006
The Kooks,5,"Naive - Acoustic / Live At Abbey Road, 2005",31,"Inside In / Inside Out (Acoustic / Live At Abbey Road, 2005)",2006
The Marshall Tucker Band,1,Can't You See,65,The Marshall Tucker Band,1973
The Marshall Tucker Band,2,Fire on the Mountain,58,Searchin' for a Rainbow,1975
The Marshall Tucker Band,3,Heard It in a Love Song,46,Where a Country Boy Belongs,2006
The Marshall Tucker Band,4,Take the Highway,31,Greatest Hits,2011
The Marshall Tucker Band,5,Can't You See,14,The Marshall Tucker Band,1973
The Notorious B.I.G.,1,Juicy - 2005 Remaster,76,Ready to Die (The Remaster),1994
The Notorious B.I.G.,2,Hypnotize - 2014 Remaster,75,Life After Death (2014 Remastered Edition),1997
The Notorious B.I.G.,3,Big Poppa - 2005 Remaster,74,Ready to Die (The Remaster),1994
The Notorious B.I.G.,4,Mo Money Mo Problems (feat. Puff Daddy & Mase) - 2014 Remaster,72,Life After Death (2014 Remastered Edition),1997
The Notorious B.I.G.,5,Hypnotize - 2007 Remaster,68,Greatest Hits,2007
The Offspring,1,"You're Gonna Go Far, Kid",77,"Rise And Fall, Rage And Grace",2008
The Offspring,2,The Kids Aren't Alright,76,Americana,1998
The Offspring,3,Self Esteem,71,Greatest Hits,2005
The Offspring,4,Self Esteem,67,Smash,1994
The Offspring,5,Pretty Fly (For A White Guy),10,Americana,1998
The Pharcyde,1,Passin' Me By,67,Bizarre Ride II The Pharcyde,1992
The Pharcyde,2,Runnin',63,Labcabincalifornia (Deluxe Edition),1995
The Pharcyde,3,Passing Me By,2,Bizarre Ride II: The Pharcyde,1992
The Pharcyde,4,Runnin',1,Waxing Off: Delicioius Vinyl's Greatest Hits,2001
The Pharcyde,5,Ya Mama,0,Bizarre Ride II: The Pharcyde,1992
The Police,1,Every Breath You Take,83,Synchronicity (Remastered 2003),1983
The Police,2,Roxanne,77,Outlandos D'Amour (Remastered 2003),1978
The Police,3,Message In A Bottle,74,Reggatta De Blanc (Remastered 2003),1979
The Police,4,Every Breath You Take,67,Stranger Things (Soundtrack from the Netflix Original Series),2017
The Police,5,Every Breath You Take,39,Greatest Hits,1992
The Pretty Reckless,1,My Medicine - Single Version,53,Light Me Up,2010
The Pretty Reckless,2,Make Me Wanna Die,52,Light Me Up,2010
The Pretty Reckless,3,Sweet Things,42,Going to Hell,2014
The Pretty Reckless,4,Heaven Knows,3,Going To Hell,2014
The Pretty Reckless,5,Going to Hell,1,Going To Hell,2014
The Psychedelic Furs,1,Love My Way,64,Forever Now,1982
The Psychedelic Furs,2,Love My Way,58,All Of This And Nothing,1988
The Psychedelic Furs,3,Pretty in Pink,57,Talk Talk Talk,1981
The Psychedelic Furs,4,The Ghost in You,44,Mirror Moves,1984
The Psychedelic Furs,5,The Ghost in You,44,All Of This And Nothing,1988
The Psycho Realm,1,Love Letters Intro / Love From The Sick Side,29,The Psycho Realm,1997
The Psycho Realm,2,Epoca Del Desmadre,27,Psycho Realm Presents Sick Jacken And Cynic In Terror Tapes 2,2012
The Psycho Realm,3,Obra Maestra,26,Psycho Realm Presents Sick Jacken And Cynic In Terror Tapes 2,2012
The Psycho Realm,4,Pico-Union District,20,A War Story : Book 1,1999
The Psycho Realm,5,Wasted,16,A Warstory - Book II,2010
The Rolling Stones,1,(I Can't Get No) Satisfaction - Mono Version,76,Out Of Our Heads,1965
The Rolling Stones,2,Start Me Up - Remastered,76,Tattoo You (2009 Re-Mastered),1981
The Rolling Stones,3,Gimme Shelter,75,Let It Bleed,1969
The Rolling Stones,4,Angie,72,Goats Head Soup (Remastered 2009),1973
The Rolling Stones,5,Wild Horses,72,Sticky Fingers (Remastered),1971
The Smashing Pumpkins,1,1979 - Remastered 2012,74,Mellon Collie And The Infinite Sadness (Deluxe Edition),1995
The Smashing Pumpkins,2,Stand Inside Your Love,49,Machina / The Machines Of God,2000
The Smashing Pumpkins,3,1979 - Remastered 2012,15,Mellon Collie And The Infinite Sadness (Remastered),1995
The Smashing Pumpkins,4,1979,14,Mellon Collie And The Infinite Sadness,1995
The Smashing Pumpkins,5,"Tonight, Tonight - Remastered 2012",11,Mellon Collie And The Infinite Sadness (Remastered),1995
The Smiths,1,There Is a Light That Never Goes Out - 2011 Remaster,73,The Queen Is Dead,1986
The Smiths,2,This Charming Man - 2011 Remaster,72,The Smiths,1984
The Smiths,3,How Soon Is Now? - 2011 Remaster,69,Hatful of Hollow,1984
The Smiths,4,Bigmouth Strikes Again - 2011 Remaster,67,The Queen Is Dead,1986
The Smiths,5,"Please, Please, Please, Let Me Get What I Want - 2011 Remaster",65,Hatful of Hollow,1984
The Strokes,1,Reptilia,73,Room On Fire,2003
The Strokes,2,Last Nite,72,Is This It,2001
The Strokes,3,Under Cover of Darkness,69,Angles,2011
The Strokes,4,Last Nite,65,Is This It,2001
The Strokes,5,Someday,64,Is This It,2001
The Vamps,1,Missing You,74,Missing You - EP,2019
The Vamps,2,Somebody To You,69,Meet The Vamps,2014
The Vamps,3,Somebody To You,64,Meet The Vamps,2014
The Vamps,4,All Night,4,All Night,2016
The Vamps,5,Can We Dance,0,Can We Dance,2013
The Velvet Underground,1,Oh! Sweet Nuthin' - 2015 Remastered,66,Loaded: Re-Loaded 45th Anniversary Edition,1970
The Velvet Underground,2,Pale Blue Eyes,66,The Velvet Underground (45th Anniversary),1969
The Velvet Underground,3,Rock & Roll - 2015 Remastered Full Length Version,61,Loaded: Re-Loaded 45th Anniversary Edition,1970
The Velvet Underground,4,The Black Angel's Death Song,41,The Velvet Underground & Nico 45th Anniversary,1967
The Velvet Underground,5,Sunday Morning,11,The Velvet Underground & Nico 45th Anniversary (Super Deluxe Edition),1967
The Wanted,1,Glad You Came,71,Battleground (Deluxe Edition),2011
The Wanted,2,Glad You Came,67,The Wanted (Special Edition),2012
The Wanted,3,Glad You Came,47,The Wanted,2012
The Wanted,4,We Own The Night - The Chainsmokers Edit,39,We Own The Night,2013
The Wanted,5,We Own The Night - Dannic Radio Edit,12,We Own The Night,2013
The Weeknd,1,Blinding Lights,98,Blinding Lights,2019
The Weeknd,2,Heartless,93,Heartless,2019
The Weeknd,3,Starboy,84,Starboy,2016
The Weeknd,4,The Hills,83,Beauty Behind The Madness,2015
The Weeknd,5,Can't Feel My Face,80,Beauty Behind The Madness,2015
The Whispers,1,Rock Steady,53,The Whispers: Greatest Hits,1987
The Whispers,2,Have Yourself a Merry Little Christmas,30,Christmas With the Whispers,2010
The Whispers,3,Santa Claus Is Coming to Town,25,Happy Holidays to You,1979
The Whispers,4,Innocent,22,More Of The Night,1990
The Whispers,5,Girl Don't Make Me Wait,9,More Of The Night,1990
The White Stripes,1,Seven Nation Army,78,Elephant,2003
The White Stripes,2,Icky Thump,64,Icky Thump,2007
The White Stripes,3,Blue Orchid,60,Get Behind Me Satan,2005
The White Stripes,4,Icky Thump,59,Icky Thump,2007
The White Stripes,5,Seven Nation Army,58,Elephant,2003
The Who,1,Baba O'Riley,76,Who's Next,1971
The Who,2,Won't Get Fooled Again - Remix,61,Who's Next (Expanded Edition),1971
The Who,3,Eminence Front,56,It's Hard,1982
The Who,4,My Generation - Mono Version,56,The Who Sings My Generation (U.S. Version),1966
The Who,5,Behind Blue Eyes,52,Who's Next (Expanded Edition),1971
The xx,1,Intro,72,xx,2009
The xx,2,Crystalised,66,xx,2009
The xx,3,On Hold,65,I See You,2017
The xx,4,I Dare You,63,I See You,2017
The xx,5,Islands,62,xx,2009
The.madpix.project,1,Liquid Blue,24,Liquid Blue,2015
The.madpix.project,2,When The Sun Goes Down,20,Just For A Second,2017
The.madpix.project,3,Wish You Were Here - Radio Edit,12,Wish You Were Here,2015
The.madpix.project,4,Show Me the Way - Radio Edit,5,Show Me the Way,2016
The.madpix.project,5,Bad Chick,0,Bad Chick,2014
Theory of a Deadman,1,History of Violence,60,History of Violence,2019
Theory of a Deadman,2,Bad Girlfriend,55,Scars & Souvenirs,2008
Theory of a Deadman,3,All or Nothing,45,Scars & Souvenirs,2008
Theory of a Deadman,4,No Surprise - Edit,39,Gasoline (Special Edition),2005
Theory of a Deadman,5,Straight Jacket,30,Straight Jacket,2018
Thin Lizzy,1,The Boys Are Back In Town,74,Jailbreak (Deluxe Edition),1976
Thin Lizzy,2,Jailbreak,60,Jailbreak (Deluxe Edition),1976
Thin Lizzy,3,The Boys Are Back In Town,14,Jailbreak (Deluxe Edition),1976
Thin Lizzy,4,The Boys Are Back In Town,10,Wild One - The Very Best Of Thin Lizzy (Remastered Version),1996
Thin Lizzy,5,Whiskey In The Jar,7,The Silver Collection,2007
Thirty Seconds To Mars,1,The Kill,71,A Beautiful Lie,2005
Thirty Seconds To Mars,2,This Is War,67,This Is War,2009
Thirty Seconds To Mars,3,Bad Romance - Live,43,This Is War (Deluxe),2009
Thirty Seconds To Mars,4,A Beautiful Lie - Acoustic,28,A Beautiful Lie,2007
Thirty Seconds To Mars,5,Hurricane - Unplugged,0,Thirty Seconds To Mars Unplugged,2011
Thomas Gold,1,Without You,44,Without You,2019
Thomas Gold,2,Dreamer,42,Dreamer,2017
Thomas Gold,3,Escape,39,Escape,2020
Thomas Gold,4,Hangover,39,Hangover,2019
Thomas Gold,5,Take Me Home - Radio Edit,39,Take Me Home,2015
Thousand Foot Krutch,1,Courtesy Call,68,The End Is Where We Begin,2012
Thousand Foot Krutch,2,War of Change,63,The End Is Where We Begin,2012
Thousand Foot Krutch,3,Phenomenon,58,Phenomenon,2003
Thousand Foot Krutch,4,Move,56,The Art Of Breaking,2005
Thousand Foot Krutch,5,Let the Sparks Fly,53,The End Is Where We Begin,2012
Three 6 Mafia,1,Stay Fly - Explicit Album Version,60,Most Known Unknown (Explicit),2005
Three 6 Mafia,2,Sippin On Some Syrup (feat. UGK (Underground Kingz) & Project Pat),57,When The Smoke Clears,2000
Three 6 Mafia,3,Poppin' My Collar - feat. Project Pat - Explicit,55,Most Known Unknown (New Package-Explicit),2006
Three 6 Mafia,4,"Stay Fly (feat. Young Buck, Eightball & MJG) - Explicit Album Version",47,"Stay Fly (4 Pack) (feat. Young Buck, Eightball & MJG)",2005
Three 6 Mafia,5,Hard Out Here for a Pimp,45,Most Known Unknown (New Package-Explicit),2006
Three Days Grace,1,Animal I Have Become,72,One-X,2006
Three Days Grace,2,I Hate Everything About You,72,Three Days Grace (Deluxe Version),2007
Three Days Grace,3,I Hate Everything About You,70,Three Days Grace,2003
Three Days Grace,4,Riot,69,One-X,2006
Three Days Grace,5,I Am Machine,67,Human,2015
Timeflies,1,Once In a While,66,Once In a While,2016
Timeflies,2,Raincoat - Ashworth Remix,37,Raincoat (Ashworth Remix),2017
Timeflies,3,Gravity,1,Gravity,2016
Timeflies,4,All The Way,0,All The Way,2014
Timeflies,5,Something Wrong,0,Something Wrong,2016
Timmy Trumpet,1,Therapy,69,Therapy,2019
Timmy Trumpet,2,Carnival - Dimitri Vegas & Like Mike Edit,65,Carnival (Dimitri Vegas & Like Mike Edit),2019
Timmy Trumpet,3,World At Our Feet,64,World at Our Feet,2019
Timmy Trumpet,4,The Prophecy,61,The Prophecy,2018
Timmy Trumpet,5,World At Our Feet - Deorro Remix,52,World At Our Feet (Deorro Remix),2019
Tinashe,1,2 On,67,Aquarius,2014
Tinashe,2,Like I Used To,64,Like I Used To,2018
Tinashe,3,Save Room for Us,64,Songs For You,2019
Tinashe,4,Ride Of Your Life,43,Ride Of Your Life,2016
Tinashe,5,All Hands On Deck - Giraffage Remix,39,All Hands On Deck (Giraffage Remix),2015
Tiro De Gracia,1,El Juego Verdadero,52,Ser Hümano!!,2006
Tiro De Gracia,2,Sueños - Remaster 2004,47,Impacto Certero - Grandes Éxitos,2004
Tiro De Gracia,3,Chupacabras - Remaster 2004,45,Impacto Certero - Grandes Éxitos,2004
Tiro De Gracia,4,Melaza,43,Ser Hümano!!,2006
Tiro De Gracia,5,Viaje Sin Rumbo - Remaster 2004,37,Impacto Certero - Grandes Éxitos,2004
"Tito ""El Bambino""",1,Pega Pega,65,Pega Pega,2019
"Tito ""El Bambino""",2,Mi Cama Huele a Ti,63,El Patrón,2009
"Tito ""El Bambino""",3,Siente El Boom,63,El Documental II,2006
"Tito ""El Bambino""",4,Flow Natural,61,Top Of The Line,2006
"Tito ""El Bambino""",5,"Sol, Playa Y Arena",60,It's My Time,2007
Tiësto,1,God Is A Dancer (with Mabel),82,God Is A Dancer (with Mabel),2019
Tiësto,2,Ritual,82,Ritual,2019
Tiësto,3,Jackie Chan,79,Jackie Chan,2018
Tiësto,4,BLUE,75,BLUE,2019
Tiësto,5,BOOM,70,BOOM,2018
Toda la Vida,1,Celebra,39,Celebra,2017
Toda la Vida,2,1000 Razones,35,1000 Razones,2018
Toda la Vida,3,Este Amor,35,Este Amor,2017
Toda la Vida,4,Mas Que Palabras,34,Mas Que Palabras,2017
Toda la Vida,5,Contigo,27,1000 Razones,2018
Tom Misch,1,It Runs Through Me,67,Geography,2018
Tom Misch,2,Movie,66,Geography,2018
Tom Misch,3,Beautiful Escape,65,Beat Tape 2,2015
Tom Misch,4,Crazy Dream,61,Crazy Dream,2016
Tom Misch,5,Lost in Paris,61,Geography,2018
Tom Petty,1,Free Fallin',76,Full Moon Fever,1989
Tom Petty,2,I Won't Back Down,71,Full Moon Fever,1989
Tom Petty,3,Wildflowers,68,Wildflowers,1994
Tom Petty,4,Free Fallin',65,Full Moon Fever,1989
Tom Petty,5,You Don't Know How It Feels,64,Wildflowers,1994
Tom Petty and the Heartbreakers,1,American Girl,73,Tom Petty & The Heartbreakers,1976
Tom Petty and the Heartbreakers,2,Learning To Fly,71,Into The Great Wide Open,1991
Tom Petty and the Heartbreakers,3,Breakdown,63,Tom Petty & The Heartbreakers,1976
Tom Petty and the Heartbreakers,4,Refugee,63,Damn The Torpedoes (Deluxe Edition),1979
Tom Petty and the Heartbreakers,5,Don't Do Me Like That,60,Damn The Torpedoes (Deluxe Edition),1979
Tom Swoon,1,Ahead of Us - Radio Edit,35,Ahead of Us (Radio Edit),2014
Tom Swoon,2,Don't Let Me Go,33,Don't Let Me Go,2017
Tom Swoon,3,Alive - Radio Edit,25,Alive (Radio Edit),2015
Tom Swoon,4,Wings (feat. Taylr Renee) - Black Boots Remix,6,Wings (Remixes) (feat. Taylr Renee),2013
Tom Swoon,5,Wait - Radio Mix,0,Wait,2014
Tones and I,1,Dance Monkey,100,Dance Monkey (Stripped Back) / Dance Monkey,2019
Tones and I,2,Dance Monkey,92,The Kids Are Coming,2019
Tones and I,3,Never Seen The Rain,84,The Kids Are Coming,2019
Tones and I,4,Dance Monkey,79,Dance Monkey,2019
Tones and I,5,Never Seen the Rain,73,Never Seen the Rain,2019
Toni Braxton,1,He Wasn't Man Enough,65,The Heat,2000
Toni Braxton,2,You're Makin' Me High,58,Secrets,1996
Toni Braxton,3,Breathe Again,55,Toni Braxton,1993
Toni Braxton,4,Another Sad Love Song,49,Toni Braxton,1993
Toni Braxton,5,Let It Flow,45,Secrets,1996
Tony Dize,1,Permitame (feat. Yandel),65,La Melodia de la Calle (Remastered),2009
Tony Dize,2,Quizas,62,Wisin Y Yandel Presentan: Los Vaqueros,2006
Tony Dize,3,Permitame,49,Latin Party,2012
Tony Dize,4,Prometo Olvidarte,49,Prometo Olvidarte,2013
Tony Dize,5,Hasta Verla Sin Na (feat. Arcangel),39,Hasta Verla Sin Na (feat. Arcangel),2014
Tony! Toni! Toné!,1,Feels Good,58,The Revival,1990
Tony! Toni! Toné!,2,Anniversary,54,Tony! Toni! Tone'! Greatest Hits,1997
Tony! Toni! Toné!,3,If I Had No Loot,46,Sons Of Soul,1993
Tony! Toni! Toné!,4,It Never Rains (In Southern California),46,Tony! Toni! Tone'! Greatest Hits,1997
Tony! Toni! Toné!,5,Whatever You Want,46,20th Century Masters: The Millennium Collection: Best Of Tony! Toni! Tone!,2001
Too $hort,1,Gettin' It,61,Gettin' It (Album Number Ten),1996
Too $hort,2,The Ghetto,55,Short Dog's In The House,1990
Too $hort,3,So You Want to Be a Gangster,50,Shorty The Pimp,1992
Too $hort,4,Blowjob Betty,42,Get In Where You Fit In,1993
Too $hort,5,Cocktales,42,Cocktails,1995
TooManyLeftHands,1,Coming Home,49,Coming Home,2019
TooManyLeftHands,2,Lonely,49,Lonely,2019
TooManyLeftHands,3,Dreamers - Uta & Jay Forest Remix,38,Dreamers (Remixes),2018
TooManyLeftHands,4,Mad For It,36,Mad For It,2017
TooManyLeftHands,5,No Love,34,No Love,2019
Topic,1,Breaking Me,75,Breaking Me,2019
Topic,2,Home (feat. Nico Santos),54,Home (feat. Nico Santos),2016
Topic,3,Keep On Loving,51,Keep On Loving,2019
Topic,4,Perfect,51,Perfect,2018
Topic,5,Home (feat. Nico Santos) - Marcapasos Radio Remix,46,Home (feat. Nico Santos) [The Remixes],2016
Tory Lanez,1,TAlk tO Me (with Rich The Kid feat. Lil Wayne) - Remix,73,TAlk tO Me (with Rich The Kid feat. Lil Wayne) [Remix],2018
Tory Lanez,2,Forever,72,Forever,2019
Tory Lanez,3,Freaky,71,Freaky,2019
Tory Lanez,4,LUV,67,I Told You,2016
Tory Lanez,5,Broke Leg (with Quavo & Tyga),66,Broke Leg (with Quavo & Tyga),2019
Tove Lo,1,Habits (Stay High),69,Queen Of The Clouds,2014
Tove Lo,2,Stay High - Habits Remix,69,Queen Of The Clouds,2014
Tove Lo,3,Habits (Stay High) - Hippie Sabotage Remix,65,Queen Of The Clouds,2014
Tove Lo,4,Glad He's Gone,64,Sunshine Kitty,2019
Tove Lo,5,Bikini Porn,63,Bikini Porn,2020
Trapt,1,Headstrong,73,Trapt,2002
Trapt,2,Bring It,51,Reborn,2013
Trapt,3,Still Frame,50,Trapt,2002
Trapt,4,Stand Up,43,Someone In Control,2005
Trapt,5,Love Hate Relationship,37,Reborn,2013
Travel With The Sun,1,Psycho,39,Psycho,2019
Travel With The Sun,2,Reasons,36,Reasons,2019
Travel With The Sun,3,Flaws,33,Flaws,2019
Travel With The Sun,4,Dry Ink,20,Dry Ink,2019
Travel With The Sun,5,Grayscale,19,Psycho,2019
Travis Scott,1,HIGHEST IN THE ROOM,94,HIGHEST IN THE ROOM,2019
Travis Scott,2,HIGHEST IN THE ROOM (feat. ROSALÍA & Lil Baby) - REMIX,89,JACKBOYS,2019
Travis Scott,3,SICKO MODE,87,ASTROWORLD,2018
Travis Scott,4,goosebumps,86,Birds In The Trap Sing McKnight,2016
Travis Scott,5,STARGAZING,80,ASTROWORLD,2018
Trick Daddy,1,Let's Go (feat. Big D & Twista),65,Thug Matrimony: Married To The Streets,2004
Trick Daddy,2,I'm a Thug,56,THUGS ARE US,2001
Trick Daddy,3,Nann Nigga,51,www.thug.com (Explicit Version),1999
Trick Daddy,4,Take It to da House,51,THUGS ARE US,2001
Trick Daddy,5,In da Wind,48,Thug Holiday (Explicit Version),2002
Triomphe,1,Notre-dame,44,Notre-dame,2019
Triomphe,2,Bastille,36,Bastille,2019
Triomphe,3,Palais royal,36,Palais royal,2019
Triomphe,4,Place de l'étoile,33,Place de l'étoile,2019
Triomphe,5,Pont des arts,30,Pont des arts,2019
Trippie Redd,1,6 Kiss,83,A Love Letter To You 4,2019
Trippie Redd,2,Death (feat. DaBaby),82,Death (feat. DaBaby),2019
Trippie Redd,3,Who Needs Love,79,A Love Letter To You 4,2019
Trippie Redd,4,Death,77,A Love Letter To You 4,2019
Trippie Redd,5,Love Me More,77,Love Me More,2019
Tritonal,1,I Feel The Love,58,Painting With Dreams,2016
Tritonal,2,Never Be The Same,57,Never Be The Same,2019
Tritonal,3,When I'm With U,54,U & Me,2019
Tritonal,4,Untouchable,53,Untouchable,2015
Tritonal,5,Long Way Home,50,Long Way Home,2020
Troop,1,All I Do Is Think of You,55,Attitude,1989
Troop,2,Spread My Wings,43,Attitude,1989
Troop,3,For the Love of Money / Living for the City (feat. Queen Latifah),34,New Jack City (Music from the Motion Picture),1991
Troop,4,Mamacita,26,Troop,1988
Troop,5,I'm Not Soupped,22,Attitude,1989
Troye Sivan,1,My My My!,75,Bloom,2018
Troye Sivan,2,Dance To This (feat. Ariana Grande),74,Bloom,2018
Troye Sivan,3,Bloom,67,Bloom,2018
Troye Sivan,4,YOUTH,67,Blue Neighbourhood (Deluxe),2015
Troye Sivan,5,Seventeen,61,Bloom,2018
Tucka,1,Work It Out,38,Love Rehab,2009
Tucka,2,Candy Land,37,"""Forever King""",2011
Tucka,3,Don't Make Me Beg,37,"""Forever King""",2011
Tucka,4,Slow Rock,32,Long Live the King,2016
Tucka,5,Touch Your Spot,32,Groove City,2014
Tujamo,1,Drop It,69,Drop It,2019
Tujamo,2,Drop That Low (When I Dip),69,Drop That Low (When I Dip),2016
Tujamo,3,Candy On The Dancefloor,62,Candy On The Dancefloor,2019
Tujamo,4,With U (feat. Karen Harding),62,With U (feat. Karen Harding),2018
Tujamo,5,Shake It,60,Shake It,2019
Tvbuu,1,Tired,22,Thorn Depression Series,2018
Tvbuu,2,I Told You I Wouldn't Go Through This Shit Again,16,I Told You I Wouldn't Go Through This Shit Again,2019
Tvbuu,3,We'll Try Again Tomorrow,16,Thorn Depression Series,2018
Tvbuu,4,Wasting My Time,15,Thorn 8,2019
Tvbuu,5,I Guess You Missed My Call,12,Thorn 6,2019
Twenty One Pilots,1,Stressed Out,83,Blurryface,2015
Twenty One Pilots,2,Heathens,81,Heathens,2016
Twenty One Pilots,3,Ride,81,Blurryface,2015
Twenty One Pilots,4,Chlorine,79,Trench,2018
Twenty One Pilots,5,Tear in My Heart,73,Blurryface,2015
Twisted Sister,1,We're Not Gonna Take It,73,Stay Hungry,1984
Twisted Sister,2,I Wanna Rock,69,Stay Hungry,1984
Twisted Sister,3,We're Not Gonna Take It,58,Rhino Hi-Five: Twisted Sister,2007
Twisted Sister,4,I Wanna Rock (Remastered Album Version),7,Stay Hungry [Deluxe 25th Anniversary Edition],2009
Twisted Sister,5,I Wanna Rock,0,Absolute Rock Anthems,2008
Two Door Cinema Club,1,What You Know,71,Tourist History,2010
Two Door Cinema Club,2,Sun,60,Beacon,2012
Two Door Cinema Club,3,Sleep Alone,55,Beacon,2012
Two Door Cinema Club,4,Good Morning,41,Gameshow (Deluxe Edition),2016
Two Door Cinema Club,5,Something Good Can Work (The Twelves Remix),0,Kitsuné Maison Compilation 9 (Petit Bateau Edition),2010
Two Feet,1,You?,61,You?,2019
Two Feet,2,Go Fuck Yourself,13,First Steps,2016
Two Feet,3,I Feel Like I'm Drowning,8,I Feel Like I'm Drowning,2017
Two Feet,4,Quick Musical Doodles,8,First Steps,2016
Two Feet,5,Her Life,5,First Steps,2016
Ty Dolla $ign,1,Purple Emoji (feat. J. Cole),72,Purple Emoji (feat. J Cole),2019
Ty Dolla $ign,2,Love U Better (feat. Lil Wayne & The-Dream),65,Beach House 3,2017
Ty Dolla $ign,3,Hottest in the City,61,Hottest in the City,2019
Ty Dolla $ign,4,Blasé (feat. Future & Rae Sremmurd),60,Free TC,2015
Ty Dolla $ign,5,"Or Nah (feat. Wiz Khalifa) - Live at the Village, Los Angeles, CA",50,Spotify Session,2016
Tyga,1,Ayy Macarena,91,Ayy Macarena,2019
Tyga,2,Taste (feat. Offset),82,Taste (feat. Offset),2018
Tyga,3,MAMACITA,77,MAMACITA,2019
Tyga,4,SWISH,73,SWISH,2018
Tyga,5,Haute (feat. J Balvin & Chris Brown),70,Haute (feat. J Balvin & Chris Brown),2019
"Tyler, The Creator",1,EARFQUAKE,84,IGOR,2019
"Tyler, The Creator",2,See You Again (feat. Kali Uchis),79,Flower Boy,2017
"Tyler, The Creator",3,Boredom (feat. Rex Orange County & Anna of the North),74,Flower Boy,2017
"Tyler, The Creator",4,911 / Mr. Lonely (feat. Frank Ocean & Steve Lacy),72,Flower Boy,2017
"Tyler, The Creator",5,Glitter,70,Flower Boy,2017
Tymek,1,Anioły i Demony,70,Anioły i Demony,2019
Tymek,2,Rainman,67,Rainman,2019
Tymek,3,Radość,61,Radość,2019
Tymek,4,Kłapią Gębą,58,Kłapią Gębą,2019
Tymek,5,Bravi Ragazzi,57,Bravi Ragazzi,2019
Türküm,1,POWER,54,ANTI-SOBER,2019
Türküm,2,Creed,49,Creed,2016
Türküm,3,Tender Lies,49,Tender Lies,2018
Türküm,4,Fire,41,Fire,2018
Türküm,5,Marrakech,40,Marrakech,2018
U2,1,With Or Without You - Remastered,79,The Joshua Tree (Super Deluxe),1987
U2,2,One,77,Achtung Baby (Deluxe Edition),1991
U2,3,I Still Haven't Found What I'm Looking For,76,The Joshua Tree (Super Deluxe),1987
U2,4,Beautiful Day,72,All That You Can't Leave Behind,2000
U2,5,Sunday Bloody Sunday - Remastered 2008,72,War (Remastered),1983
UCLÃ,1,Blow Job,50,Blow Job,2019
UCLÃ,2,Nas Alturas,47,Nas Alturas,2019
UCLÃ,3,Pistoleiro,45,Pistoleiro,2019
UCLÃ,4,Yeah,44,Yeah,2020
UCLÃ,5,Tudo por Causa de Mim,37,Tudo por Causa de Mim,2019
UFO,1,Doctor Doctor - 2007 Remaster,60,Phenomenon (2007 Remaster),1974
UFO,2,Doctor Doctor,3,Phenomenon,1974
UFO,3,Rock Bottom - 2007 Remastered Version,2,Phenomenon,1974
UFO,4,Doctor Doctor,0,The Complete Studio Albums (1974-1986),2014
UFO,5,Lights Out - 2008 Remastered Version,0,The Complete Studio Albums (1974-1986),2014
UGK,1,Int'l Players Anthem (I Choose You) (feat. OutKast),60,The Essential UGK,2014
UGK,2,Int'l Players Anthem (I Choose You) (feat. OutKast),58,UGK (Underground Kingz),2007
UGK,3,One Day,51,Ridin' Dirty,1996
UGK,4,Diamonds & Wood,49,Ridin' Dirty,1996
UGK,5,"Front, Back & Side to Side",49,Super Tight,1994
Ultimo,1,Tutto Questo Sei Tu,76,Tutto Questo Sei Tu,2019
Ultimo,2,Rondini Al Guinzaglio,70,Colpa Delle Favole,2019
Ultimo,3,Ti dedico il silenzio,68,Peter Pan,2018
Ultimo,4,I Tuoi Particolari,66,I Tuoi Particolari,2019
Ultimo,5,Ipocondria,65,Colpa Delle Favole,2019
Ummet Ozcan,1,Change My Heart,62,Change My Heart,2018
Ummet Ozcan,2,Eins Zwei,58,Eins Zwei,2019
Ummet Ozcan,3,I Don't Care (feat. Robin Valo),52,I Don't Care (feat. Robin Valo),2019
Ummet Ozcan,4,IZMIR,47,IZMIR,2019
Ummet Ozcan,5,Starchild,47,Starchild,2018
Unaverage Gang,1,Underworld,54,Underworld,2019
Unaverage Gang,2,Chernobyl,46,Chernobyl,2019
Unaverage Gang,3,Bughuul,29,Bughuul,2019
Unaverage Gang,4,Catacombs,26,Catacombs,2017
Unaverage Gang,5,Laid to Waste,26,Laid to Waste,2018
Upchurch,1,Rolling Stoned,65,Bad Mutha Fucka,2016
Upchurch,2,The Old Days (feat. Justin Adams),59,Bad Mutha Fucka,2016
Upchurch,3,My Neck of the Woods,58,Supernatural,2018
Upchurch,4,Dirty South,55,Creeker,2018
Upchurch,5,Cowboy,54,Supernatural,2018
Uriah Heep,1,Lady In Black,56,Celebration,2009
Uriah Heep,2,Grazed by Heaven,36,Living the Dream,2018
Uriah Heep,3,Easy Livin',1,"The Best of Uriah Heep, Pt. 1",1996
Uriah Heep,4,Easy Livin',0,Demons and Wizards (Expanded Deluxe Edition),1972
Uriah Heep,5,The Wizard,0,On the Rebound: 40th Anniversary Anthology,2010
Usher,1,Yeah! (feat. Lil Jon & Ludacris),79,Confessions (Expanded Edition),2004
Usher,2,DJ Got Us Fallin' In Love (feat. Pitbull),78,Raymond v Raymond (Expanded Edition),2010
Usher,3,My Boo,77,Confessions (Expanded Edition),2004
Usher,4,Don't Waste My Time (feat. Ella Mai),73,Don't Waste My Time (feat. Ella Mai),2019
Usher,5,U Remind Me,73,8701,2001
Vampire Weekend,1,Harmony Hall,70,Father of the Bride,2019
Vampire Weekend,2,A-Punk,69,Vampire Weekend,2008
Vampire Weekend,3,Sunflower (feat. Steve Lacy),65,Father of the Bride,2019
Vampire Weekend,4,Hannah Hunt,62,Modern Vampires of the City,2013
Vampire Weekend,5,White Sky,50,Contra,2010
Van Halen,1,Jump - 2015 Remaster,78,1984 (Remastered),1984
Van Halen,2,Panama - 2015 Remaster,73,1984 (Remastered),1984
Van Halen,3,Runnin' with the Devil - 2015 Remaster,70,Van Halen (Remastered),1978
Van Halen,4,Hot for Teacher - 2015 Remaster,67,1984 (Remastered),1984
Van Halen,5,Ain't Talkin' 'Bout Love - 2015 Remaster,65,Van Halen (Remastered),1978
Van Morrison,1,Brown Eyed Girl,79,Blowin' Your Mind!,1967
Van Morrison,2,Moondance - 2013 Remaster,69,Moondance (Deluxe Edition),1970
Van Morrison,3,Sweet Thing - 1999 Remaster,62,Astral Weeks,1968
Van Morrison,4,Domino - 1999 Remaster,58,His Band and the Street Choir,1970
Van Morrison,5,Days Gone By,50,Days Gone By,2019
Various Artists,1,You Called And Told Me - Jeff Redd,28,The Essence Of Soul,2007
Various Artists,2,Dream in Colour,5,Bands Under the Radar: Best of 2015,2015
Various Artists,3,The River,3,Dark Country 4,2016
Various Artists,4,Devil’s Gonna Come,1,Dark Country 5,2017
Various Artists,5,"Motley Crue/Girls, Girls, Girls",1,"Girls, Girls, Girls",1987
Vicente Garcia,1,Carmesí,64,A la Mar,2016
Vicente Garcia,2,Ahí Ahí,54,Candela,2019
Vicente Garcia,3,Loma de Cayenas,51,Candela,2019
Vicente Garcia,4,Candela,49,Candela,2019
Vicente Garcia,5,Palm Beach,48,Candela,2019
Vicetone,1,Walk Thru Fire,63,Walk Thru Fire,2018
Vicetone,2,Astronomia,49,Astronomia,2016
Vicetone,3,Collide (feat. Rosi Golan),47,Collide (feat. Rosi Golan),2017
Vicetone,4,United We Dance - Vicetone Edit,47,United We Dance (New Mixes),2015
Vicetone,5,Feels Like,46,Elements,2019
Vigiland,1,Be Your Friend‬‬,67,Be Your Friend,2018
Vigiland,2,Strangers,61,Strangers,2019
Vigiland,3,What's Goin' On,45,What's Goin' On,2018
Vigiland,4,Queens Of Anarchy - Røykenrussen 2015,39,Queens Of Anarchy (Røykenrussen 2015),2015
Vigiland,5,Pong Dance,10,Pong Dance,2016
Vikström,1,Nite,36,Nite,2019
Vikström,2,Shake 'Em,30,Shake 'Em,2019
Vikström,3,Bouncin' Ass,24,Bouncin' Ass,2019
Vikström,4,Duro,23,Duro,2019
Vikström,5,Lunatic,21,Lunatic,2019
Vitão,1,Café,76,Vitão,2019
Vitão,2,Embrasa,71,Vitão,2019
Vitão,3,Edredom,70,Edredom,2019
Vitão,4,7 Chamadas,67,7 Chamadas,2019
Vitão,5,Um Pouco De Você,54,Ouro,2020
Volbeat,1,A Warrior's Call,63,Beyond Hell / Above Heaven,2010
Volbeat,2,Lola Montez,57,Outlaw Gentlemen & Shady Ladies,2013
Volbeat,3,Die To Live,50,"Rewind, Replay, Rebound (Deluxe)",2019
Volbeat,4,Dead But Rising,49,Outlaw Gentlemen & Shady Ladies,2013
Volbeat,5,Cheapside Sloggers (feat. Gary Holt),48,Cheapside Sloggers (feat. Gary Holt),2019
W&W,1,Let The Music Take Control,62,Let The Music Take Control,2019
W&W,2,Tricky Tricky,62,Tricky Tricky,2019
W&W,3,Tricky Tricky,59,Tricky Tricky,2019
W&W,4,Live The Night,56,Live The Night,2016
W&W,5,How Many,51,How Many,2016
WALK THE MOON,1,Shut Up and Dance,82,TALKING IS HARD (Expanded Edition),2014
WALK THE MOON,2,One Foot,65,What If Nothing,2017
WALK THE MOON,3,Shut Up and Dance - Live Acoustic - 2015,63,Shut Up And Dance (Acoustic),2015
WALK THE MOON,4,Timebomb,61,Timebomb,2019
WALK THE MOON,5,Kamikaze,59,What If Nothing,2017
WC no Beat,1,Meu Mundo,63,18K,2018
WC no Beat,2,Sensacional (feat. Cacife Clandestino & MC Kevin o Chris),63,Sensacional (feat. Cacife Clandestino & MC Kevin o Chris),2018
WC no Beat,3,Hoje Tem,60,Hoje Tem,2019
WC no Beat,4,Nossa Que Isso (feat. Mc Rebecca & MC Rogê),58,Nossa Que Isso (feat. Mc Rebecca & MC Rogê),2019
WC no Beat,5,Meu Olhar,48,Meu Olhar,2018
Wahlstedt,1,Nobody Else,53,Nobody Else,2019
Wahlstedt,2,You and I,52,Lucidfantasy,2019
Wahlstedt,3,So Good,49,Lucidfantasy,2019
Wahlstedt,4,Magic City,45,Lucidfantasy,2019
Wahlstedt,5,Happiness,34,Lucidfantasy,2019
Wale,1,Love... (Her Fault) [feat. Bryson Tiller],69,Wow... That's Crazy,2019
Wale,2,Lotus Flower Bomb (feat. Miguel),67,Ambition,2011
Wale,3,"My Love (feat. Major Lazer, WizKid, Dua Lipa)",64,SHINE,2017
Wale,4,Set You Free (feat. Kelly Price),48,Wow... That's Crazy,2019
Wale,5,On Chill (feat. Jeremih),44,On Chill (feat. Jeremih),2019
Warren G,1,Regulate,73,Regulate… G Funk Era,1994
Warren G,2,Party We Will Throw Now!,64,Party We Will Throw Now! - Single,2012
Warren G,3,This D.J.,64,Regulate… G Funk Era,1994
Warren G,4,Regulate,51,Regulate G Funk (Enhanced Reissue),1994
Warren G,5,Regulate - Le Boeuf Remix,48,Remix The Classics (Vol. 4),2016
Weezer,1,Island In The Sun,75,Weezer (Green Album),2001
Weezer,2,Say It Ain't So,73,Weezer,1994
Weezer,3,Beverly Hills,69,Make Believe,2005
Weezer,4,The End of the Game,62,The End of the Game,2019
Weezer,5,Feels Like Summer,57,Pacific Daydream,2017
Westside Connection,1,Gangsta Nation,66,Terrorist Threats,2003
Westside Connection,2,Bow Down,57,Bow Down,1996
Westside Connection,3,"The Gangsta, The Killa And The Dope Dealer",53,Bow Down,1996
Westside Connection,4,Bow Down,51,Bow Down,1996
Westside Connection,5,"The Gangsta, The Killa And The Dope Dealer",49,Bow Down,1996
Whethan,1,When I'm Down,69,When I'm Down,2016
Whethan,2,Good Nights (feat. Mascolo),67,Life of a Wallflower Vol. 1,2018
Whethan,3,Superlove (feat. Oh Wonder),66,Life of a Wallflower Vol. 1,2018
Whethan,4,Stay Forever (feat. STRFKR),62,Stay Forever (feat. STRFKR),2020
Whethan,5,Can't Hide,59,Can't Hide feat. Ashe,2016
White 2115,1,Gubię kroki,61,Gubię kroki,2019
White 2115,2,Mogę dziś umierać,61,Mogę dziś umierać,2019
White 2115,3,Pałac,58,Pałac,2019
White 2115,4,Trzy Butelki,58,Trzy Butelki,2019
White 2115,5,Noc,45,Noc,2018
Whitesnake,1,Here I Go Again - 2018 Remaster,70,1987 (2018 Remaster),1987
Whitesnake,2,Here I Go Again - 2018 Remaster,65,Whitesnake (2018 Remaster),1987
Whitesnake,3,Here I Go Again,60,Saints & Sinners,1982
Whitesnake,4,Here I Go Again,53,Whitesnake's Greatest Hits,1994
Whitesnake,5,Trouble Is Your Middle Name,46,Flesh & Blood (Deluxe Edition),2019
Whitney Houston,1,I Wanna Dance with Somebody (Who Loves Me),80,Whitney,1987
Whitney Houston,2,I Have Nothing,73,The Bodyguard - Original Soundtrack Album,1992
Whitney Houston,3,How Will I Know,69,Whitney Houston,1985
Whitney Houston,4,My Love Is Your Love,67,My Love Is Your Love,1998
Whitney Houston,5,Greatest Love of All,65,Whitney Houston,1985
Why Don't We,1,Big Plans,80,Big Plans,2019
Why Don't We,2,What Am I,79,What Am I,2019
Why Don't We,3,8 Letters,77,8 Letters,2018
Why Don't We,4,Chills,77,Chills,2019
Why Don't We,5,Unbelievable,77,Unbelievable,2019
Will Sparks,1,Untouchable (feat. Aimee Dalton),61,Untouchable (feat. Aimee Dalton),2019
Will Sparks,2,Fat Beat,58,Fat Beat,2019
Will Sparks,3,Are You Crazy,56,Are You Crazy,2019
Will Sparks,4,Tombstone,51,Tombstone,2018
Will Sparks,5,Catch - Radio Edit,34,Catch (Radio Edit),2014
William Black,1,I’m Fine,52,Pages,2019
William Black,2,Back Together,44,Pages,2019
William Black,3,Ruins,44,Pages,2019
William Black,4,I Wish (Matte & Kuur Remix),23,I Wish (Remixes),2018
William Black,5,Hallucinate,3,Hallucinate,2018
Wings,1,Silly Love Songs - 1993 Digital Remaster,58,Wings At The Speed Of Sound,1976
Wings,2,Silly Love Songs - Remastered 2014,53,At The Speed Of Sound (Deluxe / Remastered),1976
Wings,3,Let 'Em In - Remastered 2014,51,At The Speed Of Sound (Deluxe / Remastered),1976
Wings,4,Must Do Something About It - 1993 Digital Remaster,35,Wings At The Speed Of Sound,1976
Wings,5,Listen To What The Man Said - Remastered 2014,29,Venus And Mars (Deluxe / Remastered),1975
Wisin,1,Escápate Conmigo (feat. Ozuna),76,Victory,2017
Wisin,2,Vacaciones,68,Victory,2017
Wisin,3,Adrenalina,64,El Regreso del Sobreviviente (Deluxe Edition),2014
Wisin,4,Nota de Amor,59,Los Vaqueros: La Trilogía,2015
Wisin,5,Saoco,56,El Sobreviviente,2004
Wisin & Yandel,1,Aullando,80,"Los Campeones del Pueblo ""The Big Leagues""",2018
Wisin & Yandel,2,Chica Bombastic,77,Chica Bombastic,2019
Wisin & Yandel,3,Reggaetón en lo Oscuro,72,"Los Campeones del Pueblo ""The Big Leagues""",2018
Wisin & Yandel,4,Algo Me Gusta De Ti,69,Líderes,2012
Wisin & Yandel,5,Noche De Sexo,69,Pa'l Mundo,2005
Wiz Khalifa,1,See You Again (feat. Charlie Puth),80,See You Again (feat. Charlie Puth),2015
Wiz Khalifa,2,Hopeless Romantic (feat. Swae Lee),76,Rolling Papers 2,2018
Wiz Khalifa,3,Black and Yellow,74,Rolling Papers,2011
Wiz Khalifa,4,We Dem Boyz,67,Blacc Hollywood (Deluxe),2014
Wiz Khalifa,5,No Sleep,65,Rolling Papers,2011
Wolfgang Lohr,1,Re-Charleston (Radio Edit),42,Re-Charleston (Electro Swing),2018
Wolfgang Lohr,2,Twenties,42,Twenties,2020
Wolfgang Lohr,3,Wochenend Und Sonnenschein (Electro Swing),41,Wochenend Und Sonnenschein (Electro Swing),2018
Wolfgang Lohr,4,Upside Down (Radio Edit),40,Upside Down (Electro Swing),2018
Wolfgang Lohr,5,Upside Down - Pisk Remix - Radio Edit,40,Upside Down (Pisk Remix),2019
Wreckx-N-Effect,1,Rump Shaker,53,Hard Or Smooth,1992
Wreckx-N-Effect,2,Rump Shaker,43,American Reunion (Original Motion Picture Soundtrack),2012
Wreckx-N-Effect,3,New Jack Swing,22,Rap Declares WAR,1992
Wreckx-N-Effect,4,New Jack Swing II - Hard Version,19,Hard Or Smooth,1992
Wreckx-N-Effect,5,New Jack Swing,0,Best of Old School Hip-Hop,2011
Wu-Tang Clan,1,C.R.E.A.M.,72,Enter The Wu-Tang (36 Chambers) [Expanded Edition],1993
Wu-Tang Clan,2,Protect Ya Neck,66,Enter The Wu-Tang (36 Chambers) [Expanded Edition],1993
Wu-Tang Clan,3,Wu-Tang Clan Aint Nuthing ta F' Wit,66,Enter The Wu-Tang (36 Chambers) [Expanded Edition],1993
Wu-Tang Clan,4,Bring Da Ruckus,63,Enter The Wu-Tang (36 Chambers) [Expanded Edition],1993
Wu-Tang Clan,5,Triumph (feat. Cappadonna),63,Wu-Tang Forever,1997
Wun Two,1,Again,65,Penthouse,2014
Wun Two,2,Vaca,56,Vaca,2019
Wun Two,3,calles feat. tuamie,54,Rio,2014
Wun Two,4,winter in rio,54,Rio,2014
Wun Two,5,Verdi,52,Verdi,2019
X Ambassadors,1,Unsteady,77,VHS,2015
X Ambassadors,2,BOOM,62,ORION,2019
X Ambassadors,3,HOLD YOU DOWN,62,ORION,2019
X Ambassadors,4,Unsteady,59,VHS,2015
X Ambassadors,5,Renegades - Stash Konig Remix,49,Renegades (Stash Konig Remix),2015
XXXTENTACION,1,SAD!,87,?,2018
XXXTENTACION,2,Jocelyn Flores,86,17,2017
XXXTENTACION,3,Moonlight,86,?,2018
XXXTENTACION,4,Fuck Love (feat. Trippie Redd),84,17,2017
XXXTENTACION,5,Look At Me!,79,Look At Me!,2017
Y.V.E. 48,1,Waiting for You,59,Waiting for You,2019
Y.V.E. 48,2,Better Off Alone,56,Better Off Alone,2019
Y.V.E. 48,3,Alone with You,53,Alone with You,2019
Y.V.E. 48,4,On Your Own,53,Tale of Rise and Fall,2017
Y.V.E. 48,5,Nothing to Say,52,Nothing to Say,2017
YBN Nahmir,1,Rubbin off the Paint,71,YBN: The Mixtape,2018
YBN Nahmir,2,No Hook,56,No Hook,2017
YBN Nahmir,3,Baby 8,54,Baby 8,2019
YBN Nahmir,4,Rubbin Off The Paint,3,Rubbin Off The Paint,2017
YBN Nahmir,5,I Got A Stick,0,I Got A Stick,2017
YG,1,Go Loko,78,Go Loko,2019
YG,2,My Nigga,69,My Krazy Life (Deluxe),2014
YG,3,SLAY (feat. Quavo),61,STAY DANGEROUS,2018
YG,4,My Nigga,48,My Nigga,2013
YG,5,Bicken Back Being Bool - Remix,40,Blame It On The Streets,2014
YNW Melly,1,Suicidal,90,Melly vs. Melvin,2019
YNW Melly,2,223's (feat. 9lokknine),85,223's (feat. 9lokknine),2019
YNW Melly,3,Murder On My Mind,85,I AM YOU,2018
YNW Melly,4,Mixed Personalities (feat. Kanye West),80,We All Shine,2019
YNW Melly,5,Bang Bang,78,Melly vs. Melvin,2019
Yandel,1,En Cero,73,En Cero,2019
Yandel,2,En Cero - Remix,68,En Cero (Remix),2019
Yandel,3,Como Antes (feat. Wisin),67,#Update,2017
Yandel,4,Nunca Me Olvides - Remix,55,Nunca Me Olvides (Remix),2017
Yandel,5,Te Suelto el Pelo,55,Quien Contra Mi,2003
Yellow Claw,1,DJ Turn It Up,69,Amsterdam Twerk Music,2013
Yellow Claw,2,Till It Hurts,52,Till It Hurts,2014
Yellow Claw,3,Break of Dawn - Duke & Jones Remix,49,Danger Days (The Remixes),2019
Yellow Claw,4,Danger Days,48,Danger Days,2019
Yellow Claw,5,Give It to Me,47,Danger Days,2019
Yes,1,Owner of a Lonely Heart,69,90125 (Deluxe Version),1983
Yes,2,Roundabout - 2008 Remaster,48,Fragile,1971
Yes,3,Wonderous Stories - 2013 Remaster,38,Going for the One (Deluxe Edition),1977
Yes,4,Time and a Word - 2003 Remaster,31,Time and a Word (Expanded),1970
Yes,5,Owner Of A Lonely Heart,7,90125,1983
Ying Yang Twins,1,Get Low,71,Kings Of Crunk,2002
Ying Yang Twins,2,Wait (The Whisper Song),59,United States Of Atlanta,2005
Ying Yang Twins,3,Say I Yi Yi,55,Alley: The Return of the Ying Yang Twins,2002
Ying Yang Twins,4,Georgia Dome (Get Low Sequel),34,Me & My Brother,2003
Ying Yang Twins,5,Hanh!,28,Me & My Brother,2003
You Me At Six,1,Underdog,55,Hold Me Down,2010
You Me At Six,2,Fireworks,42,Hold Me Down,2010
You Me At Six,3,Liquid Confidence (Nothing To Lose),42,Hold Me Down,2010
You Me At Six,4,Playing The Blame Game,38,Hold Me Down,2010
You Me At Six,5,Safer To Hate Her,38,Hold Me Down,2010
Young Buck,1,Shorty Wanna Ride,57,Straight Outta Cashville,2004
Young Buck,2,Don't Need No Help,35,"Greatest Hits, Vol. 1",2017
Young Buck,3,Get Buck,35,Buck The World,2007
Young Buck,4,Buss Yo' Head,0,Buck The World,2006
Young Buck,5,Do It Like Me,0,Straight Outta Cashville,2004
Young Igi,1,Układanki,60,Układanki,2019
Young Igi,2,Idealne Połączenie,56,Idealne Połączenie,2019
Young Igi,3,Inny Gatunek,55,Inny Gatunek,2019
Young Igi,4,Pamiętnik EX,53,Pamiętnik EX,2019
Young Igi,5,Promienie Słońca,52,Promienie Słońca,2019
Young Thug,1,Hot (Remix) [feat. Gunna and Travis Scott],86,Hot (Remix) [feat. Gunna and Travis Scott],2019
Young Thug,2,Hot (feat. Gunna),83,So Much Fun,2019
Young Thug,3,The London (feat. J. Cole & Travis Scott),83,The London,2019
Young Thug,4,Hop Off A Jet (feat. Travis Scott),82,So Much Fun (Deluxe),2019
Young Thug,5,Bad Bad Bad (feat. Lil Baby),81,So Much Fun,2019
Young the Giant,1,Cough Syrup,70,Young the Giant (Special Edition),2011
Young the Giant,2,Silvertongue,66,Home of the Strange,2016
Young the Giant,3,My Body,64,Young the Giant (Special Edition),2011
Young the Giant,4,Something To Believe In,60,Home of the Strange,2016
Young the Giant,5,Silvertongue,23,Silvertongue,2016
Youngbloodz,1,Snap Yo Fingers,68,Snap Yo Fingers - Single,2006
Youngbloodz,2,Damn! - Club Mix,50,Drankin' Patnaz,2003
Youngbloodz,3,85/Billy Dee Interlude,48,Against Da Grain,1999
Youngbloodz,4,Damn! - Radio Mix,25,Drankin' Patnaz,1990
Youngbloodz,5,85/Billy Dee Interlude,21,The Best Of YoungBloodZ: Still Grippin' Tha Grain,2006
Ysy A,1,FULL ICE (prod. ORODEMBOW),65,HECHO A MANO,2019
Ysy A,2,Traje unos tangos,63,Traje unos tangos,2019
Ysy A,3,PARA SACARMELO (prod. OMAR VARELA),61,HECHO A MANO,2019
Ysy A,4,DESFILAR MIS PENAS (prod. ASAN),60,HECHO A MANO,2019
Ysy A,5,Todo de Oro,59,Todo de Oro,2019
Yung Bae,1,Selfish High Heels (feat. Macross 82-99 & Harrison),51,Selfish High Heels (feat. Macross 82-99 & Harrison),2017
Yung Bae,2,YEBISU - Yung Bae Edit,50,Bae,2014
Yung Bae,3,Bae City Rollaz,48,Bae,2014
Yung Bae,4,I Can Tell,46,B4E,2017
Yung Bae,5,Fly with Me,43,Bae,2014
Yung Felix,1,Last Man Standing,61,Last Man Standing,2019
Yung Felix,2,OEFF,61,Yung Pokro,2019
Yung Felix,3,Bangalang,55,Bangalang,2019
Yung Felix,4,Kostbaar,39,Kostbaar,2019
Yung Felix,5,Shaka Zulu,1,Shaka Zulu,2017
Yves V,1,We Got That Cool (feat. Afrojack & Icona Pop),69,We Got That Cool (feat. Afrojack & Icona Pop),2019
Yves V,2,Not So Bad (feat. Emie),66,Not So Bad (feat. Emie),2020
Yves V,3,My Friend,54,My Friend,2019
Yves V,4,We Got That Cool (feat. Afrojack & Icona Pop) - Robert Falcon & Jordan Jay Remix,46,We Got That Cool (feat. Afrojack & Icona Pop) [Robert Falcon & Jordan Jay Remix],2019
Yves V,5,Money Money,39,Money Money / Show Me EP,2019
ZAYN,1,Dusk Till Dawn - Radio Edit,81,Dusk Till Dawn (Radio Edit),2017
ZAYN,2,PILLOWTALK,78,Mind Of Mine (Deluxe Edition),2016
ZAYN,3,I Don’t Wanna Live Forever (Fifty Shades Darker),76,I Don’t Wanna Live Forever (Fifty Shades Darker),2016
ZAYN,4,There You Are,72,Icarus Falls,2018
ZAYN,5,PILLOWTALK,65,PILLOWTALK,2016
ZHU,1,Working For It - Bonus Track,62,GENERATIONWHY,2016
ZHU,2,Came For The Low,61,Came For The Low,2019
ZHU,3,Dreams,54,stardustexhalemarrakechdreams,2017
ZHU,4,Faded - ODESZA Remix,54,Faded (The Remixes),2014
ZHU,5,Working For It - Nomero Remix,44,Working For It (Nomero Remix),2016
ZZ Top,1,La Grange - 2005 Remaster,74,Tres Hombres (Expanded 2006 Remaster),1973
ZZ Top,2,Sharp Dressed Man - 2008 Remaster,72,Eliminator,1983
ZZ Top,3,Gimme All Your Lovin',68,Eliminator,1983
ZZ Top,4,Legs - 2008 Remaster,59,Eliminator,1983
ZZ Top,5,La Grange - 1999 Remaster,55,Rancho Texicano: The Very Best of ZZ Top,2004
Zara Larsson,1,Ruin My Life,79,Ruin My Life,2018
Zara Larsson,2,Lush Life,76,So Good,2017
Zara Larsson,3,Never Forget You,76,So Good,2017
Zara Larsson,4,All the Time,74,All the Time,2019
Zara Larsson,5,All the Time - Don Diablo Remix,70,All the Time (Don Diablo Remix),2019
Zedd,1,The Middle,84,The Middle,2018
Zedd,2,Good Thing (with Kehlani),82,Good Thing (with Kehlani),2019
Zedd,3,Happy Now,80,Happy Now,2018
Zedd,4,Stay,79,Stay,2017
Zedd,5,Clarity,74,Clarity,2012
Zeds Dead,1,Frontlines,58,Northern Lights,2016
Zeds Dead,2,Save My Grave,54,We Are Deadbeats (Vol. 4),2020
Zeds Dead,3,Shake,49,Shake,2019
Zeds Dead,4,Sound Of The Underground,48,Sound Of The Underground,2019
Zeds Dead,5,Stardust,44,Northern Lights,2016
Zero Theorem,1,Becoming,40,Ataraxis,2018
Zero Theorem,2,You,31,You,2019
Zero Theorem,3,Low,27,Ataraxis,2018
Zero Theorem,4,Euthanize,26,Ataraxis,2018
Zero Theorem,5,Rorschach,24,Ataraxis,2018
Zhané,1,Sending My Love,54,Pronounced Jah-Nay,1994
Zhané,2,Groove Thang,31,Pronounced Jah-Nay,1994
Zhané,3,Hey Mr. D.J. - Original Mix - Edit,29,90s R&B,2014
Zhané,4,Hey Mr. D.J.,28,Pronounced Jah-Nay,1994
Zhané,5,Sending My Love,28,Pronounced Jah-Nay,1994
Zion,1,Zun Da Da,67,The Perfect Melody,2007
Zion,2,More,63,La Fórmula,2012
Zion,3,Alocate,41,20 Number 1's Now,2007
Zion,4,More,3,La Fórmula,2012
Zion,5,More,2,"Reggaeton 2013 (Dembow, Kuduro, Cubaton, Reggaeton)",2013
Zion & Lennox,1,La player (Bandolera),76,La Player (Bandolera),2018
Zion & Lennox,2,Otra vez (feat. J Balvin),74,Motivan2,2016
Zion & Lennox,3,Guayo,72,Guayo,2019
Zion & Lennox,4,Sistema,71,Sistema,2019
Zion & Lennox,5,Yo Voy (feat. Daddy Yankee),66,Motivando a la Yal,2004
Zoé,1,Love,70,Rocanlover,2003
Zoé,2,Labios Rotos - Live,69,MTV Unplugged Música De Fondo (Reissue/Live),2011
Zoé,3,Arrullo De Estrellas,68,Programaton,2013
Zoé,4,Hielo,61,Aztlán,2018
Zoé,5,Soñé,56,Rocanlover,2003
alt-J,1,Breezeblocks,73,An Awesome Wave,2012
alt-J,2,Breezeblocks,72,An Awesome Wave,2012
alt-J,3,Taro,63,An Awesome Wave,2012
alt-J,4,Tessellate,59,An Awesome Wave,2012
alt-J,5,Matilda,55,An Awesome Wave,2012
benny blanco,1,Eastside (with Halsey & Khalid),84,Eastside (with Halsey & Khalid),2018
benny blanco,2,Graduation (with Juice WRLD),82,Graduation (with Juice WRLD),2019
benny blanco,3,Eastside (with Halsey & Khalid),79,FRIENDS KEEP SECRETS,2018
benny blanco,4,"I Can’t Get Enough (benny blanco, Selena Gomez, J Balvin, Tainy)",79,"I Can’t Get Enough (benny blanco, Selena Gomez, J Balvin, Tainy)",2019
benny blanco,5,I Found You (with Calvin Harris),71,I Found You (with Calvin Harris),2018
blackbear,1,hot girl bummer,94,hot girl bummer,2019
blackbear,2,do re mi,79,digital druglord,2017
blackbear,3,i miss the old u,74,digital druglord,2017
blackbear,4,chateau,71,digital druglord,2017
blackbear,5,hot girl bummer (with Khea) - Khea Remix,69,hot girl bummer (with Khea) [Khea Remix],2019
blackwave.,1,Elusive,53,Elusive,2017
blackwave.,2,GoodEnough,49,GoodEnough,2018
blackwave.,3,BIG Dreams,41,Mic Check,2017
blackwave.,4,Whasgood?!,40,Whasgood?!,2018
blackwave.,5,That's Just Me,38,Mic Check,2017
blink-182,1,All The Small Things,78,Enema Of The State,1999
blink-182,2,Dammit,63,Dude Ranch,1997
blink-182,3,Stay Together For The Kids,26,Take Off Your Pants And Jacket,2001
blink-182,4,First Date,24,Take Off Your Pants And Jacket,2001
blink-182,5,Darkside,23,Darkside,2019
boy pablo,1,Everytime,70,Roy Pablo,2017
boy pablo,2,"Dance, Baby!",68,Roy Pablo,2017
boy pablo,3,Feeling Lonely,68,Soy Pablo,2018
boy pablo,4,Losing You,65,Soy Pablo,2018
boy pablo,5,Sick Feeling,64,Soy Pablo,2018
chillwagon,1,flaga,60,chillwagon,2019
chillwagon,2,tęczowy music box,59,tęczowy music box,2019
chillwagon,3,rower (joint lover),57,rower (joint lover),2019
chillwagon,4,@,46,@,2019
chillwagon,5,jolka,46,jolka,2019
dodie,1,Would You Be So Kind,65,You - EP,2017
dodie,2,Absolutely Smitten,58,Intertwined - EP,2016
dodie,3,In The Middle,58,You - EP,2017
dodie,4,Party Tattoos,58,Party Tattoos,2018
dodie,5,You,54,You - EP,2017
dvsn,1,No Cryin (feat. Future),66,No Cryin (feat. Future),2019
dvsn,2,Think About Me,65,Morning After,2017
dvsn,3,With Me,63,SEPT 5TH,2016
dvsn,4,Too Deep,61,SEPT 5TH,2016
dvsn,5,In Between,56,In Between,2019
for KING & COUNTRY,1,joy. (R3HAB Remix),56,joy. (R3HAB Remix),2019
for KING & COUNTRY,2,God Only Knows (R3HAB Remix),54,God Only Knows (R3HAB Remix),2019
for KING & COUNTRY,3,Burn The Ships (R3HAB Remix),53,Burn The Ships (R3HAB Remix),2019
for KING & COUNTRY,4,God Only Knows (GATTÜSO Remix),52,God Only Knows (GATTÜSO Remix),2019
for KING & COUNTRY,5,joy.,5,joy.,2018
fun.,1,We Are Young (feat. Janelle Monáe),75,Some Nights,2012
fun.,2,We Are Young (feat. Janelle Monáe),73,Some Nights,2012
fun.,3,Some Nights,70,Some Nights,2012
fun.,4,We Are Young (feat. Janelle Monáe) - Acoustic [Acoustic],44,Songs (The Very Best Of Acoustic),2015
fun.,5,All the Pretty Girls,42,Aim and Ignite,2009
gizmo,1,I Put My Dick in Your Mental,49,Blvc Svnd X Gizmo,2018
gizmo,2,Troll Under the Bridge,30,Troll Under the Bridge,2018
gizmo,3,Bang Ya Fucking Head,29,Blvc Svnd X Gizmo,2018
gizmo,4,Sacrifice,29,Sacrifice,2018
gizmo,5,Symbiote,29,Symbiote,2018
iann dior,1,emotions,80,nothings ever good enough,2019
iann dior,2,gone girl,76,gone girl,2019
iann dior,3,gone girl,73,Industry Plant,2019
iann dior,4,romance361,71,nothings ever good enough,2019
iann dior,5,crash my whip,66,nothings ever good enough,2019
joan,1,i loved you first,60,i loved you first,2018
joan,2,love somebody like you,58,love somebody like you,2017
joan,3,ease your mind,52,ease your mind,2019
joan,4,tokyo,51,tokyo,2017
joan,5,drive all night,50,drive all night,2019
schafter,1,bigos,63,bigos,2019
schafter,2,hot coffee,63,hot coffee,2019
schafter,3,pager,60,audiotele,2019
schafter,4,candy.doll,59,hors d'oeuvre,2018
schafter,5,cirque du soleil,55,cirque du soleil,2019
tha Supreme,1,fuck 3x,79,23 6451,2019
tha Supreme,2,blun7 a swishland,78,blun7 a swishland,2019
tha Supreme,3,occh1 purpl3 - feat. Marracash,74,23 6451,2019
tha Supreme,4,no14 - feat. Dani Faiv,72,23 6451,2019
tha Supreme,5,"pers0na2 - feat. Gemitaiz, Madman",70,23 6451,2019
twoloud,1,Perfection,48,Perfection,2015
twoloud,2,Greatest DJ - Radio Edit,40,Greatest DJ,2014
twoloud,3,Move - Showtek Radio Edit,35,Move (Showtek Edit),2015
twoloud,4,Fix Me - Official Parookaville 2016 Anthem / Radio Edit,34,Fix Me (Official Parookaville 2016 Anthem / Radio Edit),2016
twoloud,5,Bad Boy Flow,31,Bad Boy Flow,2019
Ñejo,1,Mi Ex,72,Mi Ex,2019
Ñejo,2,Automovil,61,Ñejo & Dalmata (Special Edition) - EP,2012
Ñejo,3,Dile A Tu Amiga,61,Ñejo & Dalmata (Special Edition) - EP,2012
Ñejo,4,El Día Que Muera,51,El Día Que Muera,2019
Ñejo,5,No Quiere Novio,47,"Music From The Motion Picture ""Feel The Noise""",2005
Ñejo & Dalmata,1,Pasarela,68,Broke & Famous,2007
Ñejo & Dalmata,2,Algo Musical,55,Exitos,2016
Ñejo & Dalmata,3,Algo Musical,53,Broke & Famous,2007
Ñejo & Dalmata,4,Sexo En La Playa,51,Broke & Famous,2007
Ñejo & Dalmata,5,No Quiere Novio,48,Broke & Famous,2007
Żabson,1,Floyd Mayweather,63,Floyd Mayweather,2019
Żabson,2,Nowe dzwięki,61,Internaziomal,2019
Żabson,3,Small Town Boy,57,Small Town Boy,2019
Żabson,4,Mr.drip,56,Internaziomal,2019
Żabson,5,Twister,56,Twister,2019
Местный,1,Яд,45,Кругозор,2012
Местный,2,Одним днём,17,Одним днём,2019
Местный,3,Яд,1,Кругозор,2018
Местный,4,Всё нормально,0,36.6,2018
Местный,5,Солдаты,0,36.6,2018
オメガトライブ,1,Dear Breeze,45,Another Summer,1985
オメガトライブ,2,Summer Suspicion,40,AQUA CITY,1983
オメガトライブ,3,Midnight Down Town,37,AQUA CITY,1983
オメガトライブ,4,Futari No Natsu Monogatari Never Ending Summer,35,Another Summer,1985
オメガトライブ,5,Scramble Cross,35,Another Summer,1985
