受访者编号,z_外向社交,z_尽责自律,z_情绪稳定,z_开放好奇,z_宜人友善,舞曲,民谣,乡村,古典,音乐剧,流行,摇滚,金属/硬摇,朋克,嘻哈/说唱,雷鬼,爵士,摇滚乐,另类,拉丁,电音,歌剧
0,0.5443,0.1175,1.4361,0.5609,0.3283,2.0,1.0,2.0,2.0,1.0,5.0,5.0,1.0,1.0,1.0,1.0,1.0,3.0,1.0,1.0,1.0,1.0
1,-0.6367,0.9551,0.3097,0.2945,-1.5106,2.0,1.0,1.0,1.0,2.0,3.0,5.0,4.0,4.0,1.0,3.0,1.0,4.0,4.0,2.0,1.0,1.0
2,1.4302,-0.4409,-1.0982,0.8272,0.6348,2.0,2.0,3.0,4.0,5.0,3.0,5.0,3.0,4.0,1.0,4.0,3.0,5.0,5.0,5.0,1.0,3.0
3,-2.9989,1.2344,-1.943,1.3598,-0.8976,2.0,1.0,1.0,1.0,1.0,2.0,2.0,1.0,4.0,2.0,2.0,1.0,2.0,5.0,1.0,2.0,1.0
4,-0.3415,-0.1617,1.1545,-0.5044,-0.2846,4.0,3.0,2.0,4.0,3.0,5.0,3.0,1.0,2.0,5.0,3.0,2.0,1.0,2.0,4.0,2.0,2.0
5,-0.6367,0.1175,0.5913,-0.2381,0.6348,2.0,3.0,2.0,3.0,3.0,2.0,5.0,5.0,3.0,4.0,3.0,4.0,4.0,5.0,3.0,1.0,3.0
6,0.8396,2.072,-0.8166,-0.2381,1.5543,5.0,3.0,1.0,2.0,2.0,5.0,3.0,1.0,1.0,3.0,1.0,1.0,2.0,3.0,3.0,5.0,2.0
7,-0.6367,-1.2786,1.1545,-1.3034,-1.5106,3.0,2.0,1.0,2.0,2.0,4.0,5.0,1.0,2.0,3.0,2.0,2.0,3.0,1.0,2.0,3.0,2.0
8,-1.5225,0.9551,-0.535,-1.5697,-0.2846,3.0,1.0,1.0,2.0,4.0,3.0,5.0,5.0,1.0,1.0,2.0,2.0,2.0,3.0,1.0,1.0,1.0
9,1.1349,-0.4409,-0.2534,0.5609,0.6348,2.0,5.0,2.0,2.0,5.0,3.0,5.0,2.0,3.0,2.0,4.0,4.0,4.0,4.0,5.0,1.0,2.0
10,-0.932,0.1175,0.3097,0.2945,0.3283,3.0,2.0,1.0,2.0,3.0,4.0,3.0,2.0,1.0,3.0,2.0,2.0,3.0,3.0,3.0,4.0,2.0
11,-0.3415,-1.5578,-1.943,-0.2381,-1.2041,1.0,1.0,1.0,4.0,1.0,2.0,5.0,1.0,1.0,1.0,1.0,2.0,2.0,5.0,2.0,1.0,2.0
12,-0.6367,0.3967,-2.7877,0.5609,0.6348,1.0,2.0,1.0,4.0,3.0,3.0,5.0,4.0,2.0,3.0,1.0,1.0,4.0,3.0,2.0,1.0,2.0
13,0.2491,0.6759,0.3097,0.0282,0.3283,5.0,3.0,2.0,1.0,5.0,5.0,2.0,1.0,1.0,2.0,1.0,3.0,2.0,1.0,3.0,1.0,1.0
14,-0.3415,1.2344,-1.6614,0.5609,1.5543,2.0,1.0,1.0,2.0,3.0,4.0,5.0,2.0,5.0,3.0,4.0,4.0,4.0,4.0,1.0,1.0,1.0
15,-0.6367,0.9551,-1.3798,1.0935,0.3283,2.0,2.0,3.0,4.0,3.0,3.0,5.0,5.0,5.0,2.0,4.0,2.0,3.0,3.0,2.0,1.0,2.0
16,0.2491,-0.1617,0.3097,-2.1024,-0.2846,3.0,1.0,1.0,1.0,2.0,4.0,4.0,1.0,3.0,2.0,3.0,2.0,3.0,1.0,1.0,4.0,1.0
17,-0.932,-0.7202,-1.943,-0.7708,-0.2846,3.0,3.0,3.0,2.0,2.0,4.0,4.0,2.0,3.0,3.0,4.0,3.0,3.0,1.0,2.0,1.0,3.0
18,-0.932,1.5136,1.1545,0.5609,-1.2041,5.0,4.0,3.0,4.0,5.0,5.0,4.0,4.0,3.0,4.0,4.0,4.0,4.0,4.0,4.0,4.0,3.0
19,-0.6367,-0.7202,1.1545,0.0282,-1.2041,3.0,3.0,2.0,4.0,2.0,2.0,4.0,5.0,2.0,1.0,4.0,5.0,4.0,3.0,4.0,3.0,2.0
20,-0.3415,-0.1617,0.3097,0.2945,0.6348,3.0,2.0,3.0,4.0,3.0,2.0,5.0,5.0,4.0,4.0,3.0,5.0,4.0,5.0,3.0,3.0,4.0
21,-0.0462,0.1175,0.3097,0.0282,-1.5106,1.0,1.0,3.0,2.0,2.0,2.0,5.0,5.0,4.0,1.0,2.0,1.0,4.0,3.0,2.0,1.0,2.0
22,-0.0462,0.1175,0.3097,-0.7708,0.3283,3.0,2.0,3.0,3.0,3.0,4.0,4.0,1.0,2.0,2.0,1.0,1.0,3.0,2.0,3.0,3.0,2.0
23,-0.0462,-1.2786,-0.535,0.0282,-0.5911,4.0,2.0,2.0,2.0,4.0,4.0,5.0,2.0,3.0,3.0,3.0,3.0,3.0,1.0,4.0,1.0,1.0
24,0.8396,0.6759,-1.6614,1.8925,1.2478,3.0,1.0,1.0,4.0,3.0,3.0,5.0,5.0,5.0,1.0,1.0,1.0,2.0,3.0,2.0,3.0,4.0
25,0.2491,0.1175,-0.535,-0.5044,-0.5911,4.0,2.0,1.0,2.0,3.0,5.0,1.0,1.0,1.0,3.0,1.0,2.0,1.0,1.0,4.0,2.0,1.0
26,-0.0462,1.2344,-0.535,-0.2381,1.2478,5.0,5.0,4.0,5.0,3.0,4.0,4.0,3.0,2.0,2.0,1.0,3.0,5.0,3.0,5.0,2.0,2.0
27,-0.932,0.3967,0.5913,-1.0371,0.3283,3.0,4.0,1.0,3.0,2.0,2.0,4.0,2.0,4.0,2.0,4.0,2.0,3.0,4.0,3.0,4.0,2.0
28,1.4302,0.1175,1.4361,-1.5697,0.3283,5.0,1.0,1.0,1.0,1.0,3.0,4.0,1.0,3.0,5.0,2.0,1.0,4.0,3.0,2.0,3.0,1.0
29,1.1349,0.3967,-1.0982,1.3598,1.2478,3.0,4.0,2.0,3.0,3.0,3.0,4.0,1.0,3.0,3.0,4.0,3.0,4.0,3.0,4.0,3.0,2.0
30,-0.3415,-0.7202,0.5913,0.2945,-0.2846,4.0,3.0,3.0,3.0,3.0,4.0,4.0,2.0,2.0,4.0,3.0,4.0,3.0,3.0,3.0,3.0,3.0
31,0.2491,0.3967,0.0282,0.5609,0.6348,4.0,1.0,3.0,2.0,3.0,5.0,3.0,1.0,1.0,3.0,3.0,2.0,1.0,1.0,5.0,1.0,2.0
32,0.8396,-2.6747,1.7177,0.5609,0.0218,3.0,1.0,3.0,2.0,3.0,3.0,4.0,3.0,4.0,4.0,2.0,2.0,4.0,4.0,2.0,3.0,1.0
33,0.8396,0.9551,0.0282,1.3598,0.9413,2.0,2.0,3.0,4.0,5.0,4.0,3.0,1.0,1.0,1.0,3.0,4.0,4.0,3.0,2.0,1.0,5.0
34,0.8396,1.2344,1.9993,1.3598,-1.2041,3.0,2.0,1.0,3.0,4.0,4.0,5.0,3.0,4.0,2.0,3.0,3.0,4.0,4.0,2.0,1.0,1.0
35,0.5443,-0.7202,0.8729,-0.2381,0.6348,3.0,3.0,1.0,4.0,5.0,5.0,3.0,1.0,1.0,4.0,3.0,1.0,3.0,3.0,5.0,1.0,1.0
36,-1.5225,1.2344,0.0282,1.3598,1.5543,1.0,3.0,2.0,3.0,4.0,4.0,4.0,1.0,1.0,1.0,1.0,1.0,1.0,1.0,1.0,1.0,4.0
37,-1.2273,0.3967,0.5913,-0.2381,1.2478,1.0,1.0,1.0,5.0,1.0,2.0,3.0,5.0,2.0,1.0,2.0,2.0,2.0,1.0,1.0,1.0,1.0
38,-0.932,-0.7202,0.0282,1.3598,0.6348,5.0,3.0,1.0,5.0,2.0,5.0,4.0,1.0,2.0,4.0,5.0,2.0,2.0,1.0,3.0,4.0,4.0
39,-1.2273,1.2344,-1.943,-1.3034,-0.8976,3.0,3.0,2.0,2.0,3.0,5.0,5.0,4.0,4.0,1.0,2.0,1.0,5.0,2.0,1.0,2.0,2.0
40,-2.1131,-0.1617,-0.535,-1.836,0.0218,4.0,1.0,1.0,1.0,1.0,5.0,1.0,1.0,1.0,3.0,2.0,1.0,1.0,1.0,2.0,3.0,1.0
41,0.5443,-0.9994,1.4361,0.0282,-2.7366,5.0,5.0,5.0,5.0,1.0,1.0,4.0,5.0,1.0,5.0,5.0,5.0,5.0,5.0,5.0,5.0,1.0
42,-0.932,1.5136,1.4361,0.8272,1.5543,2.0,2.0,2.0,3.0,4.0,5.0,5.0,4.0,4.0,3.0,3.0,3.0,3.0,4.0,3.0,3.0,1.0
43,0.8396,1.5136,-0.2534,1.0935,0.0218,3.0,1.0,1.0,2.0,2.0,5.0,4.0,1.0,2.0,3.0,2.0,2.0,2.0,4.0,3.0,3.0,1.0
44,0.8396,1.2344,-1.0982,1.0935,1.8608,4.0,2.0,1.0,3.0,3.0,4.0,4.0,1.0,1.0,3.0,1.0,3.0,3.0,4.0,5.0,4.0,3.0
45,0.5443,2.3512,-0.535,0.0282,-1.2041,5.0,2.0,2.0,4.0,3.0,5.0,4.0,1.0,2.0,3.0,3.0,3.0,5.0,1.0,4.0,3.0,4.0
46,1.1349,0.3967,1.1545,1.3598,0.3283,4.0,3.0,4.0,1.0,5.0,5.0,5.0,3.0,2.0,5.0,2.0,3.0,5.0,4.0,5.0,2.0,2.0
47,-0.3415,0.3967,0.0282,0.0282,-1.2041,3.0,1.0,1.0,2.0,3.0,4.0,4.0,2.0,2.0,1.0,3.0,3.0,3.0,4.0,3.0,2.0,3.0
48,0.5443,2.072,0.0282,0.0282,0.3283,3.0,1.0,1.0,1.0,4.0,3.0,2.0,1.0,2.0,5.0,5.0,2.0,2.0,2.0,4.0,2.0,1.0
49,-0.6367,-0.4409,-0.2534,-0.2381,-0.5911,2.0,1.0,2.0,2.0,2.0,3.0,5.0,3.0,5.0,3.0,2.0,2.0,4.0,2.0,1.0,2.0,1.0
50,-1.2273,-1.2786,-0.8166,0.8272,-0.2846,2.0,4.0,2.0,5.0,5.0,5.0,5.0,2.0,4.0,4.0,4.0,3.0,4.0,4.0,5.0,1.0,2.0
51,0.8396,1.7928,0.0282,0.8272,0.6348,3.0,3.0,1.0,4.0,3.0,5.0,4.0,3.0,2.0,2.0,4.0,4.0,4.0,3.0,5.0,3.0,2.0
52,1.1349,0.1175,0.0282,1.3598,0.6348,5.0,5.0,5.0,5.0,5.0,5.0,5.0,4.0,2.0,5.0,5.0,5.0,5.0,2.0,5.0,2.0,5.0
53,2.316,0.3967,1.1545,1.0935,0.6348,4.0,4.0,3.0,4.0,5.0,4.0,3.0,2.0,2.0,3.0,3.0,3.0,3.0,3.0,5.0,2.0,5.0
54,2.0207,0.3967,1.1545,1.0935,1.2478,5.0,5.0,3.0,5.0,5.0,5.0,5.0,4.0,3.0,3.0,3.0,4.0,4.0,3.0,5.0,4.0,5.0
55,-0.6367,0.9551,-1.0982,1.0935,0.3283,4.0,2.0,2.0,4.0,3.0,4.0,3.0,3.0,2.0,4.0,3.0,3.0,4.0,4.0,4.0,5.0,3.0
56,0.2491,0.6759,-0.8166,1.6262,1.5543,1.0,2.0,3.0,4.0,3.0,4.0,5.0,1.0,4.0,2.0,3.0,4.0,5.0,5.0,1.0,1.0,4.0
57,-0.6367,0.1175,-0.8166,1.3598,0.6348,3.0,3.0,2.0,3.0,2.0,2.0,5.0,2.0,2.0,2.0,2.0,4.0,5.0,5.0,1.0,1.0,2.0
58,-0.6367,0.9551,-1.0982,-0.7708,0.0218,5.0,3.0,2.0,3.0,2.0,5.0,1.0,1.0,1.0,2.0,2.0,1.0,2.0,2.0,3.0,3.0,1.0
59,-1.8178,1.5136,0.3097,0.2945,-2.1236,2.0,1.0,2.0,3.0,1.0,3.0,4.0,3.0,5.0,3.0,3.0,4.0,5.0,5.0,1.0,4.0,3.0
60,-0.932,0.3967,-0.535,1.8925,0.3283,2.0,2.0,2.0,4.0,4.0,4.0,4.0,1.0,3.0,2.0,3.0,3.0,4.0,4.0,2.0,1.0,3.0
61,-0.6367,0.1175,-1.0982,-0.7708,0.6348,5.0,1.0,2.0,4.0,3.0,4.0,4.0,1.0,2.0,3.0,2.0,3.0,3.0,3.0,4.0,4.0,3.0
62,0.5443,1.5136,2.2809,0.2945,0.0218,5.0,4.0,5.0,4.0,4.0,5.0,4.0,5.0,4.0,5.0,4.0,5.0,5.0,5.0,4.0,5.0,5.0
63,-0.0462,0.3967,1.4361,-0.5044,-0.8976,3.0,1.0,3.0,2.0,1.0,2.0,3.0,1.0,2.0,5.0,4.0,3.0,3.0,1.0,3.0,5.0,1.0
64,0.5443,-1.5578,-0.535,-0.2381,0.3283,3.0,1.0,1.0,1.0,4.0,4.0,5.0,1.0,3.0,2.0,1.0,2.0,2.0,1.0,3.0,2.0,2.0
65,-0.932,-0.4409,0.3097,-1.836,-1.2041,3.0,1.0,2.0,2.0,1.0,3.0,3.0,3.0,2.0,4.0,2.0,2.0,2.0,1.0,2.0,4.0,2.0
66,-0.6367,0.3967,0.5913,-1.3034,-1.8171,4.0,2.0,2.0,2.0,4.0,5.0,3.0,4.0,3.0,3.0,3.0,3.0,2.0,2.0,4.0,5.0,1.0
67,1.1349,1.5136,0.5913,-0.5044,0.0218,4.0,3.0,2.0,2.0,4.0,5.0,1.0,1.0,1.0,4.0,3.0,4.0,4.0,1.0,5.0,1.0,1.0
68,-1.2273,0.1175,-1.0982,-0.5044,-1.2041,3.0,2.0,1.0,2.0,4.0,3.0,5.0,5.0,5.0,1.0,5.0,4.0,4.0,3.0,2.0,4.0,2.0
69,0.8396,-0.1617,-0.8166,-0.5044,0.3283,1.0,1.0,1.0,1.0,4.0,5.0,4.0,1.0,1.0,1.0,1.0,1.0,2.0,1.0,4.0,1.0,2.0
70,0.2491,0.3967,0.0282,-1.3034,-0.5911,5.0,2.0,2.0,2.0,3.0,5.0,3.0,1.0,1.0,5.0,2.0,3.0,1.0,1.0,2.0,3.0,1.0
71,-0.0462,0.1175,0.8729,-1.3034,0.0218,2.0,3.0,1.0,4.0,1.0,4.0,1.0,1.0,1.0,4.0,4.0,1.0,2.0,3.0,1.0,3.0,1.0
72,1.1349,-0.4409,-1.0982,-1.836,0.9413,2.0,2.0,2.0,2.0,5.0,5.0,5.0,2.0,4.0,4.0,2.0,2.0,3.0,3.0,5.0,1.0,1.0
73,0.8396,0.3967,0.3097,0.2945,-0.2846,3.0,2.0,2.0,2.0,1.0,5.0,2.0,1.0,2.0,5.0,2.0,2.0,2.0,2.0,4.0,3.0,1.0
74,-1.8178,1.5136,0.3097,-0.5044,-0.8976,2.0,1.0,4.0,5.0,3.0,2.0,1.0,1.0,1.0,5.0,4.0,1.0,1.0,1.0,1.0,2.0,4.0
75,0.2491,0.6759,0.8729,1.3598,0.3283,3.0,4.0,4.0,3.0,1.0,1.0,5.0,4.0,4.0,3.0,5.0,4.0,5.0,4.0,4.0,1.0,2.0
76,0.8396,1.2344,0.0282,-0.7708,-0.2846,4.0,1.0,1.0,2.0,2.0,2.0,2.0,1.0,2.0,4.0,1.0,1.0,2.0,1.0,1.0,1.0,1.0
77,1.4302,-0.9994,0.8729,0.8272,0.6348,5.0,1.0,2.0,2.0,2.0,5.0,4.0,2.0,1.0,4.0,2.0,2.0,2.0,2.0,5.0,5.0,1.0
78,0.5443,0.6759,0.3097,2.4251,1.8608,4.0,2.0,4.0,1.0,5.0,5.0,3.0,1.0,1.0,4.0,5.0,5.0,5.0,3.0,5.0,4.0,2.0
79,-0.3415,-1.837,0.0282,-0.2381,-0.2846,4.0,4.0,4.0,3.0,4.0,5.0,5.0,2.0,2.0,5.0,3.0,3.0,3.0,3.0,4.0,4.0,4.0
80,1.1349,-1.5578,0.0282,-0.5044,1.2478,4.0,2.0,2.0,2.0,3.0,4.0,5.0,2.0,3.0,4.0,4.0,3.0,4.0,2.0,5.0,3.0,2.0
81,2.0207,0.9551,1.1545,0.0282,0.3283,4.0,1.0,2.0,3.0,3.0,5.0,4.0,2.0,3.0,4.0,4.0,3.0,4.0,3.0,5.0,3.0,3.0
82,-2.4083,-2.1162,-1.0982,1.3598,-0.5911,1.0,3.0,1.0,3.0,2.0,1.0,5.0,5.0,4.0,1.0,1.0,2.0,2.0,5.0,1.0,1.0,3.0
83,0.5443,0.3967,-1.0982,-0.5044,1.8608,5.0,1.0,2.0,4.0,4.0,5.0,5.0,3.0,1.0,3.0,2.0,4.0,3.0,1.0,5.0,5.0,3.0
84,0.8396,0.9551,0.0282,1.6262,0.3283,1.0,1.0,4.0,5.0,5.0,1.0,5.0,5.0,5.0,4.0,4.0,5.0,5.0,4.0,3.0,1.0,5.0
85,-0.932,-0.4409,0.0282,0.5609,0.6348,3.0,3.0,5.0,5.0,3.0,3.0,4.0,4.0,1.0,1.0,1.0,2.0,3.0,3.0,2.0,4.0,3.0
86,0.5443,-0.4409,1.1545,2.1588,-0.2846,4.0,3.0,3.0,3.0,2.0,4.0,5.0,3.0,3.0,4.0,3.0,3.0,3.0,3.0,2.0,3.0,3.0
87,1.1349,1.2344,0.5913,0.2945,0.3283,4.0,1.0,2.0,2.0,4.0,4.0,5.0,2.0,4.0,3.0,5.0,3.0,4.0,4.0,5.0,2.0,1.0
88,-0.0462,0.1175,-1.6614,0.2945,1.2478,5.0,1.0,1.0,5.0,2.0,5.0,5.0,1.0,1.0,1.0,1.0,5.0,5.0,4.0,5.0,5.0,1.0
89,-0.932,0.6759,-1.6614,0.0282,0.9413,3.0,2.0,1.0,4.0,3.0,3.0,5.0,3.0,3.0,1.0,2.0,4.0,4.0,4.0,2.0,1.0,3.0
90,-0.3415,-1.5578,-0.535,-1.0371,-0.5911,3.0,2.0,1.0,3.0,4.0,3.0,4.0,1.0,3.0,1.0,3.0,1.0,2.0,3.0,1.0,1.0,1.0
91,1.7254,0.1175,-0.2534,-1.836,-1.2041,1.0,5.0,1.0,3.0,5.0,3.0,5.0,5.0,5.0,1.0,5.0,1.0,3.0,1.0,1.0,1.0,1.0
92,0.5443,-0.1617,0.0282,1.0935,0.3283,1.0,3.0,4.0,4.0,4.0,2.0,3.0,1.0,2.0,1.0,3.0,5.0,4.0,3.0,3.0,1.0,4.0
93,0.5443,-1.2786,1.7177,-0.5044,-2.1236,1.0,5.0,5.0,4.0,4.0,4.0,3.0,3.0,3.0,1.0,1.0,5.0,4.0,1.0,1.0,1.0,4.0
94,-0.932,-1.837,0.3097,-0.5044,-1.2041,5.0,1.0,1.0,1.0,2.0,4.0,3.0,1.0,3.0,5.0,2.0,1.0,3.0,3.0,1.0,4.0,1.0
95,-0.6367,-0.9994,0.3097,0.2945,0.6348,3.0,2.0,2.0,4.0,3.0,3.0,3.0,1.0,2.0,5.0,5.0,4.0,4.0,2.0,3.0,2.0,2.0
96,-0.6367,-0.1617,1.7177,-2.9013,-1.2041,1.0,1.0,1.0,1.0,1.0,2.0,4.0,5.0,4.0,3.0,1.0,1.0,1.0,4.0,1.0,4.0,1.0
97,-1.5225,-0.1617,0.0282,-0.5044,-0.8976,2.0,1.0,1.0,1.0,1.0,2.0,1.0,1.0,1.0,5.0,2.0,2.0,1.0,1.0,1.0,2.0,1.0
98,-0.3415,-0.7202,-0.2534,0.2945,-0.5911,5.0,1.0,1.0,1.0,1.0,3.0,5.0,2.0,1.0,1.0,3.0,2.0,2.0,5.0,5.0,3.0,1.0
99,-0.3415,0.6759,-0.535,0.0282,0.6348,4.0,1.0,1.0,2.0,2.0,4.0,2.0,1.0,3.0,2.0,4.0,1.0,2.0,1.0,4.0,1.0,1.0
100,0.8396,0.9551,0.5913,-0.5044,0.9413,4.0,3.0,2.0,4.0,5.0,4.0,5.0,3.0,2.0,4.0,4.0,3.0,3.0,2.0,3.0,2.0,2.0
101,-0.3415,-1.837,-0.535,-0.7708,-0.2846,1.0,3.0,2.0,3.0,1.0,2.0,4.0,5.0,4.0,1.0,4.0,3.0,3.0,3.0,1.0,1.0,2.0
102,-0.0462,1.2344,-0.2534,1.3598,0.3283,1.0,2.0,3.0,5.0,4.0,1.0,5.0,2.0,5.0,1.0,4.0,5.0,5.0,5.0,2.0,1.0,4.0
103,0.8396,-0.1617,1.1545,1.3598,-2.1236,5.0,2.0,2.0,3.0,4.0,5.0,1.0,1.0,1.0,5.0,5.0,4.0,3.0,2.0,5.0,4.0,4.0
104,-0.0462,1.2344,1.7177,0.0282,-0.5911,3.0,3.0,2.0,4.0,2.0,2.0,4.0,4.0,3.0,3.0,3.0,4.0,4.0,4.0,3.0,3.0,2.0
105,-1.2273,0.1175,1.7177,-0.7708,0.0218,1.0,3.0,1.0,3.0,2.0,2.0,4.0,5.0,1.0,1.0,2.0,3.0,1.0,1.0,1.0,1.0,2.0
106,0.2491,1.2344,-0.535,0.2945,1.2478,4.0,4.0,5.0,5.0,3.0,4.0,5.0,1.0,2.0,4.0,4.0,4.0,5.0,3.0,5.0,3.0,4.0
107,0.2491,-0.1617,-0.535,-0.2381,-0.2846,1.0,1.0,1.0,2.0,2.0,2.0,4.0,4.0,1.0,1.0,3.0,4.0,2.0,4.0,2.0,1.0,2.0
108,-2.7036,0.3967,-1.6614,-1.0371,0.0218,2.0,2.0,1.0,4.0,1.0,2.0,4.0,4.0,3.0,2.0,1.0,1.0,2.0,3.0,2.0,2.0,3.0
109,-1.5225,-2.3955,-0.2534,-0.7708,-0.2846,2.0,2.0,4.0,4.0,2.0,3.0,5.0,5.0,3.0,2.0,2.0,2.0,3.0,1.0,3.0,1.0,4.0
110,-0.3415,-0.9994,0.3097,-0.5044,0.0218,4.0,5.0,2.0,3.0,1.0,4.0,4.0,1.0,1.0,1.0,4.0,5.0,4.0,4.0,4.0,4.0,1.0
111,-0.0462,-1.837,-2.5062,1.6262,0.6348,4.0,3.0,2.0,5.0,3.0,3.0,4.0,2.0,2.0,3.0,3.0,4.0,4.0,5.0,2.0,4.0,4.0
112,0.2491,1.5136,-0.8166,1.3598,0.0218,4.0,2.0,2.0,4.0,3.0,3.0,3.0,2.0,2.0,1.0,3.0,4.0,2.0,3.0,5.0,4.0,1.0
113,-0.3415,0.1175,0.0282,-2.1024,-0.8976,4.0,2.0,3.0,1.0,2.0,4.0,4.0,2.0,1.0,3.0,1.0,1.0,2.0,2.0,2.0,5.0,1.0
114,0.2491,1.2344,0.5913,1.6262,-0.5911,2.0,1.0,1.0,3.0,4.0,4.0,4.0,1.0,3.0,2.0,2.0,2.0,3.0,3.0,1.0,1.0,4.0
115,0.2491,0.3967,-0.535,1.3598,0.0218,5.0,2.0,2.0,5.0,4.0,5.0,5.0,2.0,2.0,3.0,3.0,3.0,2.0,3.0,5.0,3.0,2.0
116,-2.4083,-0.7202,-1.0982,0.0282,0.9413,2.0,2.0,2.0,2.0,1.0,3.0,5.0,1.0,2.0,1.0,1.0,2.0,4.0,5.0,2.0,1.0,1.0
117,-2.7036,-0.4409,-1.3798,-1.836,0.6348,2.0,2.0,1.0,1.0,3.0,5.0,3.0,2.0,1.0,1.0,1.0,1.0,2.0,1.0,4.0,1.0,1.0
118,-0.932,1.2344,0.3097,0.0282,0.0218,1.0,2.0,2.0,4.0,1.0,3.0,4.0,2.0,4.0,2.0,4.0,4.0,4.0,4.0,2.0,1.0,1.0
119,-1.2273,0.6759,-0.535,-1.0371,0.0218,4.0,2.0,1.0,3.0,2.0,4.0,2.0,2.0,1.0,2.0,2.0,2.0,2.0,1.0,2.0,3.0,2.0
120,-0.3415,0.6759,2.2809,0.5609,-2.7366,4.0,1.0,2.0,4.0,4.0,2.0,5.0,5.0,2.0,1.0,3.0,5.0,5.0,3.0,4.0,3.0,2.0
121,-0.0462,0.1175,1.1545,-1.3034,-0.2846,2.0,3.0,4.0,2.0,1.0,4.0,4.0,2.0,2.0,4.0,2.0,2.0,4.0,1.0,1.0,3.0,1.0
122,-0.3415,1.2344,0.0282,0.0282,0.9413,3.0,2.0,2.0,5.0,3.0,1.0,5.0,2.0,4.0,1.0,3.0,4.0,4.0,5.0,3.0,1.0,3.0
123,-1.2273,-0.1617,-0.535,0.0282,-0.2846,3.0,3.0,3.0,3.0,4.0,3.0,5.0,3.0,1.0,3.0,1.0,5.0,5.0,3.0,3.0,1.0,3.0
124,-0.3415,-0.1617,1.9993,1.6262,0.0218,1.0,4.0,2.0,5.0,5.0,3.0,5.0,3.0,3.0,1.0,2.0,4.0,5.0,2.0,3.0,1.0,3.0
125,1.1349,0.1175,-0.535,1.0935,1.8608,3.0,3.0,2.0,3.0,2.0,2.0,4.0,3.0,3.0,2.0,4.0,5.0,3.0,4.0,3.0,2.0,2.0
126,-0.6367,1.5136,-1.3798,-0.2381,0.3283,4.0,1.0,1.0,3.0,1.0,4.0,4.0,1.0,4.0,4.0,1.0,1.0,1.0,2.0,1.0,1.0,1.0
127,-0.6367,-1.2786,-0.2534,0.8272,0.0218,3.0,3.0,4.0,4.0,3.0,4.0,4.0,3.0,3.0,3.0,4.0,3.0,4.0,4.0,2.0,3.0,3.0
128,0.5443,-0.4409,-2.5062,2.4251,0.6348,5.0,1.0,5.0,5.0,5.0,5.0,5.0,5.0,1.0,2.0,3.0,1.0,5.0,5.0,5.0,5.0,2.0
129,0.2491,-0.1617,-0.8166,-0.2381,0.6348,5.0,3.0,1.0,2.0,2.0,4.0,5.0,2.0,2.0,2.0,3.0,4.0,3.0,4.0,3.0,1.0,1.0
130,0.5443,0.9551,-0.2534,1.0935,0.3283,2.0,1.0,1.0,4.0,2.0,2.0,5.0,3.0,3.0,1.0,2.0,2.0,3.0,1.0,3.0,3.0,2.0
131,0.2491,-0.9994,1.1545,-0.7708,0.0218,3.0,1.0,1.0,2.0,2.0,4.0,2.0,1.0,2.0,5.0,2.0,1.0,1.0,1.0,1.0,3.0,1.0
132,-1.8178,1.2344,-1.0982,0.8272,-0.5911,3.0,1.0,1.0,1.0,1.0,4.0,4.0,1.0,5.0,2.0,4.0,3.0,2.0,2.0,2.0,1.0,1.0
133,-0.0462,1.7928,-0.535,0.0282,0.9413,2.0,4.0,1.0,4.0,2.0,1.0,3.0,1.0,1.0,1.0,2.0,5.0,1.0,1.0,3.0,1.0,3.0
134,-1.5225,1.2344,-2.5062,0.0282,0.0218,4.0,3.0,3.0,3.0,3.0,3.0,3.0,1.0,1.0,4.0,4.0,4.0,4.0,4.0,4.0,4.0,2.0
135,-1.2273,-0.7202,0.0282,1.0935,0.6348,2.0,1.0,3.0,5.0,1.0,3.0,5.0,4.0,4.0,3.0,5.0,4.0,4.0,5.0,1.0,1.0,3.0
136,0.5443,0.6759,-0.535,-0.5044,0.0218,4.0,3.0,2.0,3.0,2.0,4.0,3.0,1.0,1.0,5.0,1.0,1.0,1.0,1.0,1.0,1.0,3.0
137,-1.8178,0.6759,-1.3798,0.5609,-0.5911,4.0,3.0,3.0,5.0,5.0,5.0,4.0,2.0,2.0,4.0,3.0,5.0,4.0,3.0,4.0,2.0,2.0
138,0.5443,-0.1617,0.8729,0.0282,-0.2846,2.0,3.0,3.0,4.0,5.0,2.0,1.0,1.0,1.0,3.0,3.0,4.0,4.0,2.0,3.0,1.0,2.0
139,1.1349,-0.9994,-1.0982,0.0282,-0.2846,5.0,3.0,2.0,3.0,3.0,5.0,4.0,1.0,2.0,5.0,3.0,4.0,4.0,1.0,2.0,3.0,2.0
140,-0.0462,0.9551,-0.2534,1.0935,0.9413,3.0,2.0,1.0,2.0,3.0,4.0,4.0,2.0,2.0,2.0,2.0,5.0,3.0,2.0,4.0,3.0,2.0
141,-1.2273,2.3512,-0.2534,1.0935,-1.5106,1.0,3.0,1.0,3.0,1.0,3.0,5.0,5.0,4.0,4.0,3.0,1.0,1.0,5.0,5.0,2.0,1.0
142,-0.3415,-0.7202,-1.6614,-0.2381,0.6348,4.0,1.0,3.0,2.0,2.0,4.0,4.0,1.0,1.0,3.0,2.0,1.0,1.0,2.0,3.0,2.0,1.0
143,0.2491,0.6759,-1.0982,-0.5044,0.6348,4.0,2.0,1.0,1.0,2.0,4.0,4.0,2.0,3.0,5.0,4.0,1.0,1.0,3.0,3.0,3.0,1.0
144,-1.5225,1.7928,0.8729,0.5609,-0.2846,3.0,1.0,2.0,3.0,2.0,4.0,5.0,1.0,3.0,2.0,2.0,2.0,4.0,3.0,4.0,4.0,2.0
145,-0.932,-0.1617,-0.535,-0.2381,-0.5911,4.0,1.0,1.0,2.0,2.0,2.0,4.0,1.0,1.0,1.0,2.0,1.0,1.0,3.0,2.0,3.0,2.0
146,-0.932,0.6759,0.8729,0.2945,-1.8171,5.0,2.0,1.0,4.0,1.0,5.0,4.0,3.0,4.0,5.0,1.0,1.0,1.0,1.0,2.0,2.0,1.0
147,-2.7036,2.072,0.8729,0.2945,0.0218,3.0,2.0,3.0,2.0,2.0,3.0,5.0,4.0,3.0,5.0,2.0,2.0,2.0,4.0,2.0,1.0,1.0
148,-0.932,0.9551,1.1545,-0.2381,0.0218,4.0,4.0,4.0,3.0,3.0,5.0,3.0,2.0,3.0,4.0,3.0,2.0,4.0,3.0,3.0,3.0,2.0
149,-1.8178,-0.9994,0.8729,-0.7708,-2.4301,1.0,3.0,1.0,3.0,4.0,1.0,2.0,2.0,2.0,3.0,2.0,1.0,1.0,1.0,1.0,1.0,2.0
150,-0.932,0.1175,0.5913,0.8272,0.6348,2.0,2.0,3.0,4.0,4.0,3.0,5.0,5.0,3.0,1.0,2.0,4.0,4.0,3.0,1.0,1.0,4.0
151,-0.6367,0.6759,0.3097,-0.2381,-0.2846,3.0,1.0,1.0,3.0,2.0,2.0,4.0,4.0,4.0,2.0,5.0,4.0,4.0,4.0,2.0,2.0,1.0
152,1.1349,-0.7202,-1.943,0.2945,1.2478,5.0,2.0,2.0,3.0,3.0,4.0,4.0,2.0,1.0,4.0,3.0,3.0,4.0,3.0,2.0,2.0,2.0
153,-1.2273,-0.4409,-0.535,0.2945,-0.2846,5.0,2.0,2.0,3.0,2.0,4.0,2.0,1.0,2.0,4.0,1.0,4.0,2.0,1.0,3.0,3.0,3.0
154,-0.6367,0.3967,0.5913,-0.7708,-1.2041,1.0,2.0,4.0,5.0,1.0,1.0,5.0,4.0,4.0,2.0,2.0,3.0,3.0,3.0,2.0,1.0,3.0
155,-0.932,1.7928,-1.3798,1.3598,2.4738,4.0,3.0,3.0,5.0,2.0,3.0,3.0,2.0,3.0,3.0,2.0,4.0,3.0,4.0,2.0,2.0,3.0
156,-0.932,-0.4409,0.3097,-0.5044,-1.5106,2.0,4.0,3.0,4.0,2.0,3.0,5.0,2.0,5.0,3.0,5.0,2.0,3.0,3.0,2.0,1.0,2.0
157,0.2491,-1.2786,1.1545,-0.2381,-1.5106,4.0,4.0,4.0,2.0,2.0,4.0,4.0,4.0,4.0,2.0,2.0,2.0,1.0,2.0,1.0,1.0,2.0
158,-0.0462,-0.4409,-1.6614,0.5609,0.0218,4.0,2.0,1.0,3.0,2.0,5.0,4.0,1.0,3.0,4.0,5.0,4.0,3.0,3.0,2.0,5.0,1.0
159,0.2491,1.2344,0.8729,0.5609,-0.5911,4.0,4.0,3.0,5.0,4.0,4.0,5.0,3.0,3.0,3.0,4.0,3.0,3.0,4.0,3.0,3.0,3.0
160,0.2491,-0.9994,1.7177,-0.2381,-0.2846,3.0,2.0,1.0,2.0,1.0,1.0,5.0,4.0,5.0,3.0,5.0,4.0,4.0,5.0,1.0,3.0,1.0
161,-1.2273,0.1175,-1.943,0.0282,0.3283,2.0,2.0,2.0,2.0,2.0,4.0,5.0,3.0,3.0,4.0,3.0,2.0,3.0,2.0,2.0,3.0,2.0
162,-1.2273,1.2344,0.3097,-0.5044,-0.8976,3.0,5.0,4.0,5.0,2.0,4.0,3.0,1.0,1.0,5.0,4.0,3.0,2.0,1.0,5.0,1.0,3.0
163,-1.8178,-0.9994,-0.535,-1.3034,-0.2846,3.0,1.0,1.0,2.0,1.0,4.0,3.0,2.0,1.0,1.0,1.0,1.0,1.0,3.0,1.0,5.0,1.0
164,-0.6367,-0.4409,-1.0982,-0.2381,0.0218,4.0,2.0,1.0,3.0,2.0,4.0,4.0,1.0,3.0,2.0,2.0,4.0,4.0,5.0,2.0,3.0,2.0
165,1.1349,0.6759,1.1545,1.6262,0.0218,5.0,2.0,4.0,3.0,1.0,4.0,1.0,1.0,1.0,5.0,3.0,3.0,2.0,1.0,5.0,2.0,1.0
166,-0.932,1.2344,-0.8166,0.0282,-1.8171,1.0,2.0,1.0,3.0,1.0,1.0,3.0,5.0,2.0,1.0,1.0,1.0,1.0,2.0,2.0,1.0,5.0
167,-2.4083,-1.837,0.0282,-1.5697,-0.2846,3.0,2.0,2.0,3.0,2.0,3.0,4.0,3.0,4.0,4.0,4.0,3.0,3.0,3.0,3.0,3.0,2.0
168,-1.2273,-0.4409,-1.0982,0.2945,0.3283,4.0,1.0,2.0,4.0,3.0,4.0,4.0,1.0,3.0,3.0,3.0,3.0,4.0,2.0,1.0,1.0,1.0
169,-1.2273,-0.9994,-0.8166,0.2945,-0.2846,2.0,1.0,2.0,4.0,4.0,3.0,5.0,4.0,3.0,1.0,1.0,3.0,3.0,4.0,1.0,1.0,1.0
170,0.5443,-1.2786,-0.2534,-0.5044,-0.5911,2.0,3.0,2.0,2.0,1.0,3.0,4.0,2.0,2.0,2.0,3.0,5.0,4.0,5.0,4.0,1.0,1.0
171,-1.2273,-0.4409,-0.8166,0.2945,0.3283,3.0,1.0,2.0,4.0,3.0,4.0,4.0,1.0,1.0,4.0,3.0,3.0,3.0,2.0,1.0,1.0,1.0
172,-1.8178,2.3512,-0.8166,0.2945,0.0218,2.0,3.0,3.0,4.0,4.0,2.0,5.0,5.0,5.0,2.0,4.0,4.0,4.0,4.0,2.0,1.0,3.0
173,-0.932,1.2344,0.3097,-0.7708,0.6348,2.0,1.0,2.0,4.0,4.0,3.0,2.0,1.0,1.0,2.0,1.0,2.0,3.0,2.0,1.0,5.0,4.0
174,0.2491,0.3967,-0.2534,0.5609,1.8608,1.0,5.0,3.0,3.0,3.0,1.0,1.0,1.0,1.0,1.0,1.0,1.0,1.0,1.0,3.0,1.0,5.0
175,-1.8178,-0.9994,-1.3798,0.2945,-1.5106,1.0,1.0,1.0,5.0,3.0,3.0,5.0,5.0,2.0,3.0,4.0,4.0,4.0,2.0,4.0,2.0,1.0
176,0.2491,0.3967,1.4361,-1.0371,-1.5106,3.0,2.0,1.0,1.0,1.0,3.0,5.0,5.0,3.0,2.0,4.0,3.0,5.0,4.0,1.0,2.0,1.0
177,-1.2273,0.9551,0.3097,0.0282,0.0218,1.0,4.0,2.0,4.0,3.0,1.0,5.0,5.0,3.0,1.0,3.0,3.0,3.0,5.0,2.0,1.0,3.0
178,-1.5225,-1.5578,0.3097,0.5609,-0.5911,1.0,3.0,3.0,5.0,2.0,2.0,4.0,4.0,3.0,1.0,2.0,2.0,4.0,3.0,2.0,1.0,4.0
179,-1.2273,0.1175,0.5913,0.8272,0.0218,1.0,2.0,2.0,5.0,2.0,1.0,1.0,2.0,1.0,1.0,1.0,4.0,1.0,1.0,1.0,4.0,5.0
180,-0.6367,-0.7202,0.8729,0.8272,-1.2041,2.0,1.0,1.0,3.0,3.0,2.0,5.0,4.0,5.0,2.0,2.0,1.0,4.0,4.0,1.0,1.0,1.0
181,-0.0462,-0.7202,1.7177,0.0282,0.0218,4.0,3.0,3.0,4.0,3.0,3.0,4.0,3.0,3.0,4.0,4.0,5.0,3.0,3.0,5.0,3.0,3.0
182,-0.6367,0.6759,0.8729,0.5609,0.3283,4.0,3.0,2.0,4.0,4.0,4.0,5.0,4.0,3.0,2.0,4.0,3.0,2.0,3.0,4.0,1.0,5.0
183,1.1349,0.9551,1.7177,1.6262,-0.2846,3.0,2.0,1.0,2.0,5.0,4.0,3.0,1.0,1.0,5.0,4.0,4.0,3.0,4.0,3.0,4.0,3.0
184,-2.1131,-0.9994,-0.535,0.2945,-1.5106,2.0,2.0,2.0,3.0,4.0,2.0,5.0,1.0,2.0,1.0,1.0,4.0,5.0,5.0,1.0,1.0,2.0
185,0.5443,0.3967,0.0282,0.5609,1.2478,3.0,1.0,1.0,2.0,5.0,3.0,2.0,1.0,1.0,4.0,3.0,3.0,4.0,1.0,5.0,3.0,1.0
186,-0.3415,0.1175,-0.535,-0.7708,-0.5911,2.0,4.0,2.0,3.0,3.0,4.0,2.0,1.0,1.0,1.0,1.0,3.0,2.0,2.0,3.0,2.0,4.0
187,-3.2941,0.6759,-1.943,-1.0371,-0.2846,1.0,2.0,2.0,2.0,1.0,4.0,3.0,2.0,2.0,1.0,1.0,2.0,1.0,5.0,1.0,5.0,1.0
188,-1.5225,0.1175,-0.8166,-0.7708,-0.5911,3.0,3.0,2.0,5.0,4.0,3.0,3.0,1.0,1.0,3.0,2.0,2.0,2.0,2.0,2.0,1.0,4.0
189,-1.2273,0.6759,0.0282,0.5609,-1.5106,1.0,3.0,2.0,5.0,3.0,1.0,4.0,5.0,4.0,1.0,1.0,1.0,3.0,2.0,1.0,1.0,4.0
190,-0.932,-0.1617,-1.3798,-0.2381,-0.8976,2.0,2.0,2.0,4.0,2.0,2.0,4.0,5.0,3.0,2.0,3.0,2.0,3.0,3.0,2.0,2.0,3.0
191,1.1349,-0.1617,-0.2534,-0.5044,-1.5106,2.0,5.0,2.0,4.0,5.0,5.0,2.0,1.0,1.0,1.0,3.0,4.0,3.0,4.0,3.0,1.0,4.0
192,0.5443,-1.837,-1.6614,-0.5044,0.9413,4.0,1.0,2.0,3.0,3.0,5.0,4.0,1.0,3.0,5.0,2.0,1.0,3.0,2.0,3.0,4.0,1.0
193,-0.932,0.9551,0.5913,-0.2381,0.0218,1.0,4.0,3.0,5.0,3.0,1.0,5.0,5.0,4.0,1.0,3.0,3.0,5.0,5.0,1.0,1.0,3.0
194,-0.0462,1.2344,0.8729,0.5609,0.6348,1.0,2.0,1.0,3.0,2.0,2.0,4.0,2.0,4.0,2.0,3.0,1.0,5.0,5.0,1.0,1.0,1.0
195,-0.3415,-0.7202,-0.8166,0.0282,0.3283,2.0,2.0,2.0,3.0,2.0,2.0,3.0,1.0,1.0,5.0,3.0,3.0,3.0,3.0,2.0,1.0,2.0
196,1.1349,0.9551,-0.2534,0.5609,0.6348,2.0,2.0,2.0,2.0,3.0,4.0,4.0,3.0,3.0,4.0,4.0,3.0,3.0,3.0,3.0,3.0,3.0
197,1.4302,-0.7202,-1.3798,-2.3687,0.0218,3.0,2.0,3.0,1.0,4.0,2.0,2.0,1.0,1.0,3.0,2.0,2.0,1.0,1.0,3.0,1.0,1.0
198,0.8396,-0.4409,0.3097,-1.0371,-1.8171,3.0,4.0,2.0,2.0,2.0,3.0,5.0,3.0,5.0,5.0,4.0,2.0,5.0,2.0,2.0,2.0,2.0
199,0.2491,-0.1617,0.3097,0.0282,-1.5106,4.0,1.0,1.0,1.0,1.0,2.0,3.0,1.0,1.0,4.0,2.0,1.0,1.0,1.0,2.0,4.0,1.0
200,-3.2941,0.1175,0.0282,-0.2381,-0.8976,3.0,1.0,2.0,4.0,3.0,4.0,4.0,4.0,3.0,5.0,4.0,3.0,4.0,2.0,2.0,2.0,1.0
201,0.2491,-0.7202,-2.5062,1.3598,1.5543,2.0,4.0,3.0,3.0,3.0,5.0,5.0,2.0,3.0,5.0,5.0,1.0,5.0,5.0,3.0,2.0,1.0
202,1.1349,0.1175,0.0282,-0.7708,1.5543,5.0,1.0,1.0,1.0,1.0,3.0,2.0,1.0,1.0,5.0,3.0,1.0,1.0,1.0,1.0,4.0,1.0
203,0.8396,-0.1617,0.0282,-0.7708,-0.2846,4.0,2.0,2.0,3.0,1.0,4.0,5.0,3.0,3.0,3.0,3.0,2.0,2.0,2.0,4.0,3.0,3.0
204,-1.5225,0.1175,-0.8166,-0.5044,-1.5106,3.0,3.0,2.0,3.0,3.0,2.0,5.0,4.0,4.0,2.0,5.0,4.0,5.0,4.0,3.0,1.0,2.0
205,-0.3415,0.3967,-0.535,1.6262,0.6348,2.0,4.0,3.0,5.0,5.0,4.0,4.0,3.0,1.0,1.0,1.0,4.0,5.0,3.0,4.0,1.0,5.0
206,0.2491,1.2344,0.0282,1.6262,0.9413,5.0,2.0,2.0,5.0,5.0,3.0,4.0,4.0,3.0,1.0,2.0,4.0,4.0,3.0,1.0,1.0,5.0
207,-0.932,1.2344,-0.8166,0.2945,1.8608,2.0,3.0,3.0,4.0,5.0,3.0,3.0,1.0,4.0,2.0,2.0,3.0,4.0,2.0,4.0,1.0,4.0
208,0.5443,-0.4409,-0.8166,0.5609,0.3283,3.0,2.0,1.0,3.0,2.0,4.0,4.0,1.0,5.0,4.0,5.0,5.0,5.0,3.0,3.0,1.0,2.0
209,-1.5225,1.2344,0.3097,0.5609,0.9413,4.0,3.0,3.0,4.0,3.0,2.0,5.0,4.0,3.0,5.0,4.0,5.0,4.0,2.0,4.0,2.0,2.0
210,1.4302,0.1175,-2.2246,1.8925,1.2478,5.0,5.0,5.0,5.0,1.0,4.0,5.0,4.0,3.0,4.0,4.0,4.0,5.0,3.0,4.0,5.0,1.0
211,1.7254,0.1175,-0.8166,-0.7708,-1.8171,5.0,1.0,2.0,2.0,5.0,5.0,5.0,1.0,1.0,5.0,4.0,4.0,5.0,2.0,5.0,4.0,1.0
212,0.5443,0.6759,1.9993,1.3598,-1.5106,1.0,3.0,3.0,5.0,1.0,2.0,4.0,2.0,3.0,3.0,2.0,4.0,5.0,5.0,1.0,2.0,5.0
213,-0.6367,2.072,0.8729,1.3598,0.3283,4.0,2.0,3.0,3.0,4.0,5.0,5.0,2.0,5.0,4.0,2.0,2.0,2.0,4.0,3.0,5.0,2.0
214,-1.2273,0.1175,-1.0982,1.3598,-0.2846,2.0,2.0,2.0,3.0,3.0,3.0,5.0,4.0,3.0,2.0,2.0,5.0,5.0,4.0,3.0,1.0,2.0
215,1.1349,-1.837,1.1545,-2.9013,-1.8171,2.0,2.0,1.0,1.0,1.0,3.0,1.0,1.0,1.0,5.0,1.0,1.0,1.0,1.0,5.0,1.0,1.0
216,-0.3415,-0.1617,-0.2534,-1.0371,-0.8976,1.0,1.0,1.0,1.0,1.0,1.0,4.0,5.0,3.0,2.0,1.0,1.0,3.0,1.0,1.0,2.0,1.0
217,-0.0462,0.6759,-0.2534,0.8272,0.6348,4.0,1.0,3.0,2.0,5.0,4.0,3.0,1.0,2.0,3.0,1.0,2.0,4.0,4.0,3.0,2.0,3.0
218,1.4302,0.1175,1.4361,-0.2381,-1.2041,2.0,1.0,3.0,2.0,3.0,4.0,3.0,1.0,1.0,4.0,3.0,1.0,2.0,2.0,1.0,3.0,2.0
219,1.1349,0.6759,1.7177,-0.5044,0.3283,5.0,1.0,1.0,1.0,2.0,3.0,1.0,1.0,1.0,5.0,2.0,1.0,1.0,1.0,2.0,5.0,1.0
220,0.5443,-0.7202,1.4361,0.5609,0.3283,4.0,3.0,3.0,4.0,2.0,1.0,3.0,1.0,2.0,5.0,4.0,4.0,2.0,5.0,3.0,1.0,3.0
221,0.2491,1.5136,1.7177,1.3598,1.5543,4.0,5.0,1.0,4.0,3.0,3.0,5.0,5.0,4.0,5.0,5.0,5.0,4.0,4.0,3.0,4.0,3.0
222,-2.4083,-1.2786,-1.6614,-0.7708,-0.8976,3.0,2.0,4.0,4.0,3.0,5.0,5.0,3.0,3.0,2.0,1.0,4.0,3.0,3.0,3.0,1.0,1.0
223,1.1349,0.3967,0.5913,1.0935,1.5543,3.0,3.0,2.0,3.0,1.0,4.0,2.0,2.0,1.0,4.0,3.0,4.0,2.0,2.0,5.0,2.0,2.0
224,-1.8178,-0.7202,-1.0982,-1.0371,0.3283,2.0,2.0,3.0,5.0,4.0,4.0,5.0,3.0,4.0,3.0,3.0,2.0,3.0,5.0,2.0,1.0,2.0
225,0.2491,-0.9994,1.4361,0.8272,0.0218,2.0,3.0,2.0,4.0,4.0,2.0,5.0,2.0,4.0,3.0,4.0,4.0,5.0,5.0,3.0,2.0,2.0
226,-0.3415,0.3967,-1.943,-2.1024,1.8608,5.0,5.0,4.0,3.0,3.0,4.0,5.0,3.0,3.0,5.0,3.0,2.0,3.0,1.0,3.0,3.0,1.0
227,-1.5225,-1.2786,1.4361,1.3598,-1.5106,2.0,4.0,3.0,5.0,3.0,2.0,4.0,3.0,3.0,2.0,3.0,5.0,3.0,4.0,4.0,1.0,3.0
228,0.5443,0.6759,0.5913,1.0935,-0.5911,3.0,5.0,3.0,4.0,2.0,3.0,3.0,1.0,2.0,1.0,2.0,5.0,4.0,4.0,3.0,2.0,3.0
229,0.2491,-0.9994,1.7177,-1.3034,-0.2846,4.0,2.0,4.0,1.0,1.0,4.0,3.0,1.0,4.0,2.0,5.0,3.0,3.0,2.0,2.0,3.0,3.0
230,1.7254,-0.4409,0.0282,1.0935,-0.2846,2.0,5.0,4.0,5.0,5.0,5.0,3.0,1.0,3.0,4.0,3.0,3.0,3.0,3.0,5.0,2.0,3.0
231,0.8396,1.2344,-0.8166,0.0282,1.2478,3.0,2.0,3.0,2.0,2.0,4.0,5.0,3.0,3.0,1.0,2.0,3.0,5.0,1.0,5.0,1.0,1.0
232,-1.8178,0.1175,-1.0982,-1.3034,0.9413,1.0,2.0,4.0,4.0,1.0,2.0,3.0,2.0,2.0,3.0,4.0,5.0,3.0,1.0,4.0,3.0,1.0
233,-0.3415,-0.4409,0.0282,-0.2381,0.6348,4.0,2.0,2.0,4.0,3.0,4.0,4.0,4.0,4.0,4.0,4.0,2.0,4.0,3.0,4.0,4.0,1.0
234,-0.3415,0.3967,-1.3798,-2.3687,-1.2041,4.0,4.0,3.0,2.0,1.0,4.0,5.0,4.0,4.0,2.0,4.0,1.0,3.0,4.0,5.0,1.0,1.0
235,-0.0462,-1.837,0.8729,0.0282,-0.5911,1.0,1.0,1.0,3.0,3.0,3.0,5.0,4.0,2.0,1.0,1.0,3.0,4.0,2.0,4.0,1.0,2.0
236,0.2491,2.3512,-1.0982,2.1588,1.2478,3.0,3.0,2.0,3.0,5.0,4.0,4.0,3.0,3.0,2.0,4.0,3.0,4.0,2.0,4.0,1.0,1.0
237,1.1349,1.7928,-0.2534,0.0282,0.9413,4.0,2.0,1.0,3.0,3.0,4.0,3.0,1.0,1.0,5.0,4.0,3.0,2.0,2.0,5.0,3.0,2.0
238,-0.3415,-0.9994,0.0282,-0.7708,-0.8976,2.0,1.0,2.0,2.0,3.0,4.0,2.0,1.0,1.0,5.0,3.0,2.0,3.0,2.0,4.0,1.0,1.0
239,0.5443,-0.9994,-0.535,0.0282,0.6348,4.0,2.0,1.0,5.0,2.0,2.0,4.0,1.0,3.0,3.0,3.0,4.0,4.0,4.0,2.0,2.0,4.0
240,-0.6367,-1.2786,-0.2534,-0.7708,-1.5106,2.0,1.0,1.0,1.0,1.0,2.0,3.0,2.0,1.0,2.0,2.0,2.0,2.0,2.0,1.0,2.0,1.0
241,-0.3415,-0.1617,0.5913,0.2945,1.2478,2.0,1.0,1.0,3.0,5.0,3.0,3.0,1.0,2.0,5.0,3.0,3.0,3.0,3.0,2.0,1.0,4.0
242,-0.3415,2.072,0.3097,0.8272,0.3283,3.0,2.0,1.0,2.0,5.0,5.0,4.0,1.0,1.0,1.0,1.0,2.0,2.0,1.0,4.0,1.0,3.0
243,-2.7036,1.7928,-2.2246,1.6262,0.0218,2.0,1.0,2.0,4.0,5.0,5.0,5.0,1.0,4.0,1.0,2.0,4.0,5.0,4.0,3.0,1.0,2.0
244,-1.5225,-0.4409,-0.2534,-0.2381,-0.2846,5.0,2.0,4.0,3.0,5.0,5.0,5.0,2.0,3.0,2.0,3.0,3.0,4.0,3.0,5.0,2.0,1.0
245,1.4302,0.3967,1.7177,1.3598,1.2478,2.0,3.0,3.0,2.0,2.0,3.0,4.0,3.0,4.0,4.0,5.0,4.0,5.0,5.0,3.0,1.0,1.0
246,-0.6367,1.7928,0.8729,-1.5697,1.2478,3.0,2.0,3.0,4.0,1.0,4.0,5.0,2.0,2.0,3.0,4.0,4.0,4.0,1.0,5.0,1.0,4.0
247,0.2491,-1.2786,0.8729,0.8272,-0.8976,3.0,2.0,1.0,4.0,5.0,3.0,5.0,2.0,3.0,3.0,4.0,5.0,3.0,5.0,4.0,2.0,1.0
248,-0.0462,-0.7202,-0.2534,1.3598,1.2478,4.0,1.0,1.0,4.0,3.0,4.0,5.0,4.0,3.0,4.0,2.0,2.0,2.0,2.0,2.0,3.0,3.0
249,0.5443,-0.9994,0.3097,-0.2381,0.9413,3.0,4.0,4.0,4.0,4.0,5.0,5.0,4.0,4.0,2.0,2.0,4.0,4.0,4.0,5.0,2.0,4.0
250,0.5443,-0.1617,-0.2534,-1.0371,-0.2846,3.0,2.0,1.0,2.0,2.0,4.0,3.0,2.0,2.0,4.0,4.0,2.0,2.0,2.0,4.0,2.0,1.0
251,-0.0462,0.3967,0.5913,0.2945,1.8608,5.0,2.0,2.0,3.0,5.0,5.0,5.0,2.0,4.0,4.0,4.0,3.0,3.0,2.0,4.0,5.0,2.0
252,-0.0462,0.3967,-1.3798,0.8272,0.3283,2.0,2.0,3.0,3.0,3.0,4.0,5.0,1.0,2.0,2.0,1.0,3.0,2.0,5.0,4.0,2.0,4.0
253,0.2491,1.2344,0.3097,-1.0371,-1.5106,3.0,1.0,2.0,1.0,1.0,3.0,1.0,1.0,1.0,1.0,1.0,1.0,1.0,1.0,1.0,1.0,1.0
254,0.5443,0.9551,-0.8166,-1.5697,1.2478,5.0,3.0,2.0,2.0,5.0,5.0,3.0,1.0,1.0,4.0,2.0,1.0,5.0,2.0,5.0,3.0,2.0
255,0.5443,-0.1617,-0.535,1.8925,0.0218,2.0,5.0,4.0,5.0,5.0,3.0,5.0,4.0,3.0,3.0,3.0,4.0,4.0,4.0,5.0,1.0,4.0
256,-0.0462,0.1175,0.0282,-2.1024,-0.5911,3.0,4.0,2.0,1.0,2.0,5.0,2.0,1.0,1.0,3.0,2.0,1.0,2.0,1.0,5.0,1.0,1.0
257,-0.0462,-0.9994,0.8729,-0.5044,-0.5911,5.0,3.0,2.0,3.0,3.0,4.0,4.0,3.0,1.0,4.0,2.0,3.0,3.0,3.0,2.0,5.0,2.0
258,-1.8178,-0.9994,1.4361,-0.2381,-0.5911,1.0,2.0,1.0,5.0,1.0,1.0,5.0,5.0,2.0,1.0,1.0,4.0,3.0,5.0,2.0,1.0,1.0
259,0.8396,0.3967,-0.2534,0.5609,0.6348,3.0,3.0,3.0,2.0,2.0,3.0,4.0,2.0,2.0,2.0,1.0,3.0,5.0,2.0,5.0,1.0,5.0
260,-0.6367,0.1175,-0.2534,-0.2381,-0.5911,3.0,3.0,3.0,3.0,3.0,3.0,3.0,3.0,3.0,3.0,3.0,3.0,3.0,3.0,3.0,3.0,3.0
261,0.2491,0.6759,-1.3798,0.2945,0.0218,4.0,2.0,3.0,2.0,2.0,5.0,2.0,1.0,2.0,2.0,1.0,1.0,1.0,1.0,3.0,1.0,1.0
262,-0.3415,1.2344,-1.6614,1.6262,-0.2846,3.0,4.0,2.0,5.0,4.0,2.0,5.0,2.0,1.0,3.0,3.0,5.0,3.0,5.0,2.0,3.0,4.0
263,0.8396,-1.5578,1.1545,0.0282,-2.4301,5.0,2.0,2.0,2.0,4.0,5.0,4.0,2.0,2.0,4.0,3.0,2.0,4.0,3.0,5.0,3.0,2.0
264,-0.3415,-0.9994,-0.535,0.2945,0.9413,3.0,3.0,1.0,3.0,3.0,5.0,4.0,3.0,3.0,5.0,4.0,3.0,3.0,3.0,3.0,3.0,3.0
265,-0.0462,-1.2786,-1.0982,-1.836,0.0218,3.0,2.0,1.0,2.0,3.0,5.0,2.0,1.0,1.0,4.0,3.0,3.0,2.0,1.0,1.0,1.0,1.0
266,0.5443,-0.1617,-1.0982,0.8272,0.3283,3.0,3.0,2.0,3.0,3.0,4.0,4.0,1.0,1.0,2.0,2.0,4.0,3.0,1.0,4.0,1.0,2.0
267,1.1349,1.5136,1.7177,1.0935,0.9413,4.0,3.0,4.0,4.0,3.0,2.0,4.0,4.0,4.0,3.0,2.0,2.0,3.0,2.0,3.0,2.0,3.0
268,1.4302,1.2344,-0.8166,-1.0371,1.5543,3.0,2.0,1.0,2.0,2.0,5.0,2.0,1.0,1.0,2.0,3.0,3.0,3.0,2.0,5.0,1.0,2.0
269,-1.2273,0.3967,-0.2534,1.0935,-0.8976,3.0,1.0,2.0,4.0,4.0,3.0,5.0,3.0,4.0,1.0,1.0,1.0,3.0,2.0,4.0,2.0,4.0
270,-0.6367,-0.4409,-0.8166,0.2945,0.3283,3.0,2.0,1.0,1.0,3.0,4.0,5.0,4.0,5.0,5.0,5.0,5.0,5.0,5.0,3.0,2.0,1.0
271,0.5443,0.3967,0.3097,-0.7708,1.2478,4.0,3.0,1.0,1.0,1.0,4.0,5.0,5.0,5.0,5.0,5.0,4.0,5.0,4.0,2.0,1.0,1.0
272,-2.1131,-0.7202,0.0282,1.6262,0.9413,2.0,4.0,3.0,5.0,3.0,2.0,5.0,5.0,5.0,2.0,5.0,4.0,3.0,5.0,2.0,1.0,5.0
273,1.1349,-0.7202,0.5913,1.3598,1.5543,4.0,2.0,2.0,4.0,4.0,4.0,4.0,2.0,4.0,4.0,4.0,5.0,4.0,4.0,4.0,4.0,3.0
274,1.4302,0.3967,-0.2534,0.5609,-0.8976,5.0,3.0,3.0,2.0,2.0,4.0,3.0,1.0,1.0,4.0,3.0,2.0,4.0,1.0,3.0,2.0,1.0
275,0.5443,-0.4409,-1.0982,2.1588,0.3283,3.0,3.0,4.0,4.0,5.0,3.0,4.0,4.0,3.0,2.0,2.0,4.0,3.0,3.0,5.0,4.0,3.0
276,-0.0462,-1.2786,0.0282,-1.3034,1.5543,5.0,3.0,5.0,2.0,2.0,5.0,5.0,4.0,3.0,1.0,1.0,1.0,4.0,3.0,3.0,1.0,1.0
277,-0.0462,2.072,0.0282,-0.5044,-0.5911,2.0,1.0,3.0,3.0,1.0,4.0,5.0,3.0,1.0,2.0,2.0,3.0,5.0,1.0,2.0,2.0,2.0
278,1.1349,-0.7202,0.8729,1.0935,-1.5106,3.0,5.0,2.0,4.0,3.0,3.0,4.0,2.0,3.0,5.0,5.0,2.0,3.0,5.0,4.0,3.0,3.0
279,-0.3415,0.1175,-1.3798,-1.836,0.6348,4.0,2.0,2.0,2.0,1.0,4.0,3.0,1.0,3.0,3.0,3.0,1.0,1.0,1.0,2.0,2.0,1.0
280,1.4302,-2.1162,-1.943,-0.2381,1.5543,4.0,2.0,1.0,3.0,4.0,2.0,5.0,5.0,3.0,2.0,3.0,2.0,2.0,4.0,5.0,5.0,2.0
281,0.5443,1.5136,-0.535,0.0282,-0.5911,4.0,2.0,3.0,4.0,1.0,2.0,4.0,4.0,5.0,4.0,4.0,5.0,5.0,2.0,5.0,3.0,2.0
282,-1.5225,0.9551,-0.8166,-1.5697,1.5543,1.0,1.0,2.0,1.0,2.0,3.0,2.0,1.0,1.0,1.0,2.0,1.0,2.0,2.0,3.0,1.0,1.0
283,0.8396,1.5136,1.7177,-0.5044,-1.5106,4.0,2.0,3.0,3.0,2.0,4.0,4.0,2.0,4.0,4.0,3.0,5.0,3.0,2.0,3.0,3.0,2.0
284,-0.0462,-0.4409,1.9993,-2.1024,-0.2846,1.0,1.0,1.0,1.0,1.0,1.0,1.0,1.0,1.0,1.0,1.0,1.0,1.0,1.0,1.0,1.0,1.0
285,0.5443,0.3967,0.5913,1.0935,0.3283,3.0,1.0,1.0,3.0,3.0,5.0,5.0,1.0,1.0,3.0,1.0,2.0,1.0,1.0,1.0,1.0,4.0
286,0.2491,0.6759,-0.535,1.0935,1.5543,3.0,2.0,2.0,4.0,3.0,4.0,4.0,1.0,3.0,5.0,5.0,3.0,3.0,4.0,4.0,1.0,1.0
287,-0.3415,0.1175,-0.535,0.2945,-0.2846,3.0,1.0,1.0,3.0,2.0,4.0,4.0,2.0,4.0,4.0,1.0,3.0,3.0,4.0,2.0,3.0,3.0
288,-0.932,1.2344,1.4361,0.0282,0.6348,5.0,3.0,2.0,3.0,1.0,2.0,3.0,2.0,1.0,4.0,4.0,2.0,3.0,1.0,4.0,5.0,1.0
289,0.5443,0.9551,0.0282,-1.0371,-0.5911,4.0,2.0,2.0,3.0,4.0,4.0,4.0,2.0,2.0,4.0,1.0,2.0,4.0,1.0,3.0,2.0,3.0
290,1.1349,-0.1617,-0.8166,1.6262,0.9413,4.0,1.0,1.0,2.0,4.0,4.0,4.0,1.0,1.0,4.0,3.0,4.0,4.0,3.0,4.0,1.0,1.0
291,-0.3415,1.2344,0.5913,0.0282,0.6348,3.0,3.0,3.0,3.0,3.0,3.0,5.0,4.0,4.0,3.0,4.0,3.0,4.0,3.0,3.0,2.0,3.0
292,1.1349,1.7928,0.0282,1.3598,0.6348,5.0,2.0,3.0,2.0,5.0,5.0,4.0,1.0,3.0,3.0,3.0,3.0,3.0,3.0,5.0,2.0,1.0
293,-2.4083,-1.5578,-2.2246,0.5609,-0.8976,2.0,2.0,2.0,4.0,4.0,1.0,5.0,4.0,5.0,1.0,4.0,3.0,3.0,5.0,2.0,1.0,2.0
294,-0.6367,0.9551,-0.2534,0.8272,-1.2041,2.0,2.0,1.0,4.0,2.0,3.0,4.0,1.0,4.0,3.0,4.0,4.0,3.0,4.0,4.0,1.0,2.0
295,-0.6367,-0.7202,0.8729,-0.2381,0.3283,3.0,2.0,5.0,3.0,3.0,4.0,5.0,3.0,2.0,2.0,4.0,3.0,5.0,5.0,3.0,1.0,4.0
296,1.1349,-0.7202,0.3097,0.0282,-1.5106,5.0,1.0,1.0,1.0,1.0,5.0,3.0,2.0,2.0,2.0,4.0,1.0,3.0,3.0,1.0,5.0,1.0
297,-1.2273,-1.2786,0.5913,0.5609,-0.5911,2.0,1.0,2.0,3.0,2.0,2.0,3.0,2.0,3.0,1.0,3.0,3.0,2.0,4.0,2.0,4.0,2.0
298,1.4302,0.1175,-0.8166,0.8272,0.9413,5.0,2.0,3.0,2.0,2.0,4.0,3.0,1.0,1.0,5.0,4.0,4.0,5.0,1.0,5.0,2.0,1.0
299,-0.0462,0.3967,0.8729,-0.5044,1.2478,4.0,1.0,1.0,3.0,4.0,2.0,4.0,1.0,3.0,5.0,5.0,3.0,2.0,2.0,3.0,1.0,2.0
300,-1.8178,0.3967,0.8729,1.3598,1.2478,1.0,5.0,2.0,5.0,2.0,2.0,4.0,5.0,3.0,1.0,1.0,3.0,3.0,5.0,1.0,1.0,5.0
301,-1.8178,-1.2786,1.4361,0.5609,-0.2846,1.0,2.0,1.0,5.0,2.0,1.0,5.0,5.0,1.0,1.0,1.0,2.0,1.0,2.0,1.0,1.0,4.0
302,1.1349,-0.9994,-1.0982,0.5609,1.5543,5.0,4.0,1.0,2.0,5.0,5.0,5.0,2.0,2.0,5.0,3.0,1.0,4.0,1.0,5.0,1.0,2.0
303,-1.2273,1.2344,-1.0982,-0.2381,-1.2041,2.0,2.0,4.0,2.0,5.0,4.0,5.0,4.0,2.0,4.0,2.0,2.0,3.0,1.0,5.0,1.0,1.0
304,1.1349,-1.2786,1.4361,0.5609,-1.2041,2.0,2.0,1.0,4.0,4.0,4.0,4.0,2.0,1.0,2.0,3.0,2.0,2.0,1.0,2.0,1.0,3.0
305,1.1349,-1.2786,-0.535,1.0935,0.9413,3.0,2.0,1.0,2.0,2.0,2.0,5.0,2.0,3.0,2.0,2.0,3.0,4.0,5.0,1.0,1.0,2.0
306,1.1349,-0.4409,-1.943,0.0282,0.9413,5.0,3.0,3.0,3.0,3.0,3.0,4.0,2.0,4.0,4.0,5.0,5.0,5.0,5.0,5.0,4.0,1.0
307,-2.1131,-0.4409,-1.6614,0.8272,0.9413,1.0,4.0,3.0,2.0,5.0,2.0,5.0,4.0,3.0,1.0,1.0,5.0,5.0,3.0,3.0,1.0,1.0
308,1.7254,0.9551,-0.535,-0.2381,0.6348,5.0,2.0,3.0,3.0,2.0,4.0,3.0,1.0,2.0,3.0,1.0,1.0,1.0,2.0,3.0,4.0,1.0
309,1.4302,-1.2786,1.1545,0.2945,-0.2846,4.0,2.0,1.0,3.0,3.0,3.0,4.0,1.0,1.0,4.0,1.0,1.0,4.0,2.0,2.0,2.0,1.0
310,-0.6367,-0.1617,-0.2534,-2.1024,0.0218,4.0,1.0,1.0,3.0,2.0,4.0,4.0,2.0,1.0,1.0,2.0,1.0,1.0,1.0,3.0,5.0,3.0
311,0.5443,0.6759,0.8729,0.8272,1.8608,5.0,5.0,2.0,5.0,5.0,5.0,5.0,2.0,2.0,5.0,5.0,5.0,3.0,3.0,5.0,2.0,5.0
312,-0.0462,-0.9994,0.3097,-2.635,-0.5911,2.0,1.0,1.0,2.0,2.0,3.0,4.0,3.0,2.0,3.0,3.0,3.0,3.0,2.0,1.0,2.0,1.0
313,0.8396,-1.837,0.0282,0.0282,-1.2041,3.0,2.0,2.0,4.0,3.0,4.0,2.0,1.0,1.0,4.0,1.0,3.0,4.0,2.0,4.0,2.0,2.0
314,1.1349,-0.1617,1.4361,1.6262,0.9413,5.0,4.0,5.0,4.0,5.0,5.0,5.0,5.0,5.0,2.0,5.0,5.0,5.0,5.0,5.0,5.0,4.0
315,-0.932,-2.1162,-0.535,-0.7708,1.5543,1.0,1.0,1.0,3.0,3.0,5.0,2.0,1.0,1.0,2.0,1.0,1.0,1.0,2.0,2.0,1.0,2.0
316,0.5443,-0.9994,0.5913,-1.5697,-1.8171,4.0,1.0,1.0,1.0,3.0,3.0,3.0,1.0,2.0,3.0,2.0,1.0,1.0,2.0,2.0,4.0,2.0
317,0.2491,0.6759,1.4361,-0.7708,0.9413,5.0,2.0,2.0,2.0,1.0,3.0,5.0,1.0,2.0,2.0,1.0,2.0,3.0,3.0,4.0,4.0,1.0
318,0.5443,-0.1617,-0.2534,0.2945,-0.5911,2.0,3.0,4.0,3.0,3.0,3.0,1.0,1.0,3.0,3.0,2.0,4.0,4.0,3.0,3.0,2.0,1.0
319,-0.6367,-1.5578,-0.535,1.3598,0.0218,4.0,3.0,2.0,4.0,5.0,5.0,4.0,1.0,2.0,3.0,3.0,4.0,3.0,4.0,4.0,3.0,2.0
320,-0.3415,0.6759,0.0282,-0.5044,0.0218,3.0,2.0,2.0,2.0,2.0,3.0,5.0,4.0,3.0,2.0,3.0,2.0,2.0,5.0,2.0,4.0,1.0
321,1.4302,0.6759,-0.535,0.5609,1.2478,3.0,2.0,4.0,3.0,4.0,4.0,5.0,2.0,2.0,5.0,2.0,3.0,5.0,3.0,4.0,3.0,1.0
322,0.2491,1.5136,0.8729,-0.7708,-0.2846,2.0,2.0,1.0,4.0,3.0,2.0,5.0,5.0,5.0,1.0,3.0,3.0,5.0,5.0,3.0,1.0,2.0
323,-2.1131,1.2344,1.1545,-0.5044,-0.2846,2.0,1.0,4.0,5.0,4.0,5.0,4.0,1.0,3.0,1.0,1.0,1.0,3.0,1.0,3.0,1.0,5.0
324,-0.0462,-0.9994,0.0282,-1.3034,0.0218,4.0,2.0,2.0,2.0,2.0,5.0,3.0,2.0,3.0,2.0,3.0,3.0,3.0,3.0,3.0,2.0,2.0
325,0.8396,0.1175,-0.2534,0.5609,0.0218,4.0,4.0,3.0,3.0,3.0,4.0,4.0,4.0,4.0,5.0,5.0,2.0,4.0,3.0,3.0,4.0,2.0
326,-0.3415,-0.7202,0.0282,-1.5697,0.0218,3.0,2.0,2.0,3.0,2.0,5.0,4.0,2.0,2.0,2.0,3.0,3.0,3.0,3.0,3.0,3.0,1.0
327,-1.2273,1.7928,0.0282,0.8272,0.3283,3.0,2.0,1.0,4.0,4.0,5.0,3.0,1.0,1.0,5.0,4.0,3.0,4.0,2.0,3.0,1.0,2.0
328,0.8396,0.1175,1.1545,-0.7708,-1.2041,3.0,3.0,4.0,2.0,1.0,2.0,5.0,4.0,5.0,2.0,4.0,3.0,2.0,5.0,3.0,1.0,1.0
329,0.2491,0.1175,-2.2246,-1.5697,0.6348,4.0,2.0,3.0,3.0,2.0,4.0,4.0,1.0,2.0,4.0,2.0,2.0,3.0,2.0,2.0,3.0,1.0
330,-1.8178,-0.7202,-0.2534,-0.5044,0.0218,4.0,2.0,1.0,4.0,3.0,3.0,5.0,3.0,3.0,3.0,2.0,3.0,3.0,4.0,3.0,3.0,2.0
331,1.1349,-0.4409,0.3097,0.2945,-2.1236,3.0,2.0,3.0,3.0,3.0,2.0,5.0,2.0,2.0,5.0,1.0,5.0,5.0,1.0,2.0,4.0,1.0
332,-0.932,0.6759,-1.3798,0.0282,-0.5911,3.0,2.0,3.0,3.0,5.0,3.0,2.0,1.0,1.0,2.0,3.0,1.0,1.0,1.0,5.0,1.0,1.0
333,0.5443,-0.4409,0.0282,0.2945,0.9413,3.0,2.0,3.0,3.0,4.0,5.0,4.0,2.0,2.0,3.0,2.0,3.0,3.0,2.0,3.0,2.0,2.0
334,-0.3415,1.5136,-0.8166,0.5609,0.9413,2.0,3.0,3.0,2.0,3.0,2.0,3.0,2.0,2.0,2.0,2.0,4.0,1.0,4.0,4.0,1.0,1.0
335,0.2491,0.1175,-0.8166,-0.5044,1.5543,4.0,3.0,2.0,3.0,3.0,4.0,4.0,2.0,2.0,4.0,4.0,4.0,3.0,2.0,2.0,4.0,2.0
336,-1.5225,0.9551,1.1545,-1.3034,-2.1236,3.0,1.0,2.0,3.0,2.0,5.0,3.0,1.0,2.0,3.0,3.0,3.0,2.0,3.0,1.0,4.0,2.0
337,0.5443,-0.4409,0.0282,-1.3034,0.3283,5.0,1.0,2.0,3.0,2.0,3.0,3.0,1.0,1.0,5.0,2.0,2.0,1.0,2.0,1.0,5.0,3.0
338,0.8396,-1.5578,-1.6614,0.0282,0.0218,3.0,2.0,2.0,4.0,3.0,3.0,5.0,2.0,2.0,2.0,1.0,1.0,2.0,1.0,1.0,2.0,2.0
339,-0.0462,1.5136,0.3097,-1.0371,0.0218,2.0,2.0,1.0,5.0,3.0,2.0,5.0,5.0,5.0,1.0,3.0,3.0,5.0,5.0,2.0,1.0,3.0
340,0.2491,-0.9994,-1.6614,0.2945,0.6348,1.0,3.0,2.0,5.0,3.0,2.0,3.0,1.0,2.0,3.0,3.0,2.0,2.0,4.0,2.0,1.0,3.0
341,0.2491,-1.2786,-0.8166,-0.2381,-1.2041,1.0,1.0,1.0,1.0,1.0,2.0,2.0,2.0,2.0,5.0,1.0,1.0,1.0,1.0,1.0,5.0,1.0
342,0.8396,-0.4409,0.0282,-0.7708,-0.2846,3.0,2.0,2.0,2.0,4.0,3.0,3.0,1.0,2.0,4.0,4.0,3.0,3.0,3.0,4.0,3.0,2.0
343,1.4302,0.1175,-0.535,0.5609,0.9413,3.0,5.0,2.0,2.0,5.0,5.0,4.0,2.0,2.0,1.0,2.0,2.0,5.0,2.0,5.0,1.0,2.0
344,-0.932,1.5136,-0.535,-2.3687,-1.5106,2.0,4.0,4.0,1.0,2.0,5.0,3.0,1.0,1.0,2.0,1.0,1.0,4.0,3.0,3.0,1.0,1.0
345,-0.3415,0.3967,-0.2534,0.2945,0.3283,4.0,2.0,1.0,1.0,2.0,4.0,4.0,3.0,4.0,2.0,3.0,2.0,2.0,2.0,2.0,3.0,1.0
346,-0.6367,-0.9994,0.8729,-0.5044,-0.8976,1.0,1.0,1.0,1.0,1.0,3.0,3.0,1.0,1.0,5.0,5.0,1.0,3.0,1.0,2.0,4.0,1.0
347,-0.6367,0.1175,-2.2246,-1.0371,-2.4301,3.0,2.0,2.0,2.0,2.0,4.0,4.0,4.0,4.0,2.0,2.0,3.0,2.0,1.0,1.0,2.0,1.0
348,1.1349,0.1175,0.5913,-0.5044,-0.2846,3.0,5.0,2.0,5.0,5.0,4.0,2.0,1.0,1.0,1.0,2.0,5.0,5.0,3.0,3.0,2.0,5.0
349,0.5443,-0.9994,-0.2534,-1.3034,-0.2846,5.0,2.0,1.0,2.0,3.0,5.0,2.0,1.0,1.0,3.0,2.0,3.0,3.0,1.0,2.0,4.0,1.0
350,-0.932,-0.7202,0.8729,-1.5697,-0.2846,4.0,2.0,2.0,1.0,1.0,4.0,4.0,3.0,3.0,2.0,3.0,1.0,1.0,3.0,1.0,2.0,1.0
351,0.8396,0.9551,0.3097,0.2945,0.6348,3.0,2.0,4.0,5.0,3.0,5.0,5.0,2.0,4.0,1.0,4.0,4.0,4.0,5.0,3.0,1.0,3.0
352,0.2491,0.6759,-1.6614,-2.1024,0.9413,2.0,1.0,3.0,2.0,1.0,2.0,5.0,5.0,1.0,1.0,1.0,1.0,5.0,1.0,2.0,1.0,2.0
353,-0.0462,-0.4409,-0.535,1.0935,0.3283,3.0,1.0,2.0,3.0,2.0,4.0,2.0,1.0,1.0,4.0,2.0,2.0,3.0,5.0,2.0,1.0,3.0
354,0.8396,1.5136,0.8729,1.3598,1.8608,3.0,3.0,2.0,4.0,4.0,4.0,4.0,2.0,3.0,3.0,2.0,2.0,2.0,3.0,2.0,3.0,4.0
355,-0.3415,0.6759,-0.535,-0.7708,-1.2041,2.0,1.0,3.0,1.0,2.0,4.0,3.0,1.0,1.0,5.0,2.0,1.0,2.0,1.0,3.0,2.0,1.0
356,-1.2273,0.1175,1.7177,-0.5044,-0.8976,3.0,3.0,4.0,4.0,4.0,5.0,5.0,3.0,2.0,4.0,4.0,3.0,4.0,2.0,3.0,2.0,3.0
357,-0.3415,0.6759,0.5913,-1.3034,0.6348,3.0,1.0,1.0,2.0,2.0,2.0,4.0,4.0,3.0,5.0,2.0,2.0,1.0,1.0,4.0,3.0,2.0
358,-0.6367,0.1175,0.0282,-1.5697,0.0218,5.0,3.0,3.0,2.0,1.0,3.0,5.0,2.0,1.0,3.0,3.0,3.0,4.0,1.0,2.0,2.0,3.0
359,-0.3415,-0.1617,0.0282,0.2945,-0.5911,4.0,2.0,4.0,3.0,2.0,5.0,2.0,1.0,2.0,4.0,4.0,2.0,3.0,1.0,3.0,2.0,3.0
360,-0.6367,-0.7202,-1.943,-0.5044,-0.8976,4.0,1.0,2.0,1.0,3.0,5.0,5.0,1.0,1.0,5.0,5.0,3.0,4.0,3.0,3.0,1.0,2.0
361,2.0207,2.072,-0.2534,1.6262,1.2478,3.0,5.0,5.0,5.0,2.0,2.0,5.0,4.0,2.0,3.0,4.0,5.0,1.0,1.0,1.0,1.0,1.0
362,0.5443,1.2344,-1.943,0.8272,1.2478,2.0,3.0,2.0,4.0,5.0,3.0,5.0,4.0,5.0,2.0,4.0,3.0,4.0,3.0,4.0,2.0,4.0
363,-0.0462,1.2344,-1.943,0.8272,1.2478,1.0,3.0,2.0,4.0,5.0,3.0,5.0,3.0,5.0,2.0,4.0,1.0,4.0,4.0,4.0,1.0,5.0
364,-0.6367,1.5136,1.1545,-1.0371,-0.8976,4.0,2.0,3.0,3.0,2.0,4.0,5.0,4.0,3.0,3.0,3.0,2.0,4.0,3.0,1.0,2.0,1.0
365,-0.6367,0.3967,1.7177,0.8272,-0.2846,2.0,2.0,3.0,4.0,2.0,1.0,5.0,4.0,5.0,1.0,5.0,4.0,5.0,5.0,1.0,2.0,4.0
366,-0.3415,1.7928,0.5913,-1.5697,-0.5911,2.0,1.0,2.0,2.0,2.0,4.0,4.0,2.0,2.0,3.0,3.0,1.0,1.0,1.0,1.0,3.0,1.0
367,0.5443,-0.7202,1.7177,-0.7708,0.3283,3.0,1.0,3.0,4.0,1.0,5.0,5.0,4.0,4.0,1.0,2.0,5.0,5.0,5.0,1.0,3.0,1.0
368,-0.6367,0.3967,-1.0982,0.5609,1.5543,5.0,2.0,2.0,3.0,3.0,5.0,3.0,1.0,1.0,3.0,4.0,3.0,3.0,1.0,5.0,2.0,3.0
369,-1.2273,0.6759,-0.535,-0.7708,0.3283,5.0,3.0,2.0,1.0,1.0,4.0,2.0,4.0,2.0,3.0,2.0,1.0,2.0,3.0,1.0,5.0,1.0
370,1.1349,-0.1617,0.5913,0.8272,-0.8976,3.0,3.0,2.0,4.0,3.0,5.0,5.0,3.0,3.0,4.0,3.0,3.0,3.0,2.0,4.0,1.0,2.0
371,2.0207,0.6759,1.9993,0.8272,0.3283,5.0,5.0,5.0,5.0,5.0,5.0,5.0,3.0,3.0,2.0,2.0,5.0,5.0,3.0,5.0,2.0,5.0
372,-2.1131,1.7928,1.4361,-0.2381,-1.2041,2.0,2.0,2.0,2.0,2.0,2.0,4.0,2.0,5.0,1.0,4.0,2.0,3.0,4.0,2.0,4.0,2.0
373,-0.0462,-0.1617,0.5913,-0.7708,0.0218,2.0,1.0,1.0,1.0,1.0,5.0,3.0,1.0,1.0,2.0,1.0,1.0,1.0,1.0,1.0,1.0,1.0
374,0.5443,0.1175,-1.6614,-1.0371,0.6348,5.0,2.0,2.0,1.0,2.0,5.0,3.0,1.0,1.0,3.0,3.0,2.0,2.0,1.0,2.0,3.0,1.0
375,-1.5225,1.2344,-0.2534,-1.3034,-1.8171,4.0,2.0,1.0,1.0,3.0,5.0,4.0,2.0,2.0,5.0,2.0,2.0,1.0,1.0,3.0,2.0,1.0
376,1.4302,-0.4409,-0.535,-2.1024,0.9413,3.0,1.0,1.0,1.0,1.0,4.0,1.0,1.0,1.0,5.0,1.0,1.0,1.0,1.0,2.0,1.0,1.0
377,-0.3415,0.3967,-1.0982,1.8925,0.0218,2.0,3.0,3.0,4.0,2.0,3.0,5.0,4.0,3.0,1.0,3.0,4.0,4.0,5.0,3.0,1.0,1.0
378,0.5443,-2.1162,-0.535,-0.5044,-0.5911,5.0,2.0,2.0,2.0,4.0,5.0,4.0,1.0,1.0,4.0,5.0,1.0,2.0,2.0,3.0,3.0,1.0
379,0.8396,0.6759,-0.2534,0.5609,0.0218,5.0,4.0,3.0,4.0,5.0,4.0,4.0,2.0,2.0,3.0,3.0,4.0,3.0,2.0,4.0,2.0,4.0
380,1.7254,0.1175,0.5913,-0.5044,0.9413,4.0,3.0,2.0,2.0,3.0,4.0,4.0,1.0,1.0,4.0,2.0,2.0,4.0,2.0,5.0,5.0,1.0
381,-0.3415,-0.7202,1.1545,1.3598,0.0218,2.0,2.0,3.0,4.0,3.0,2.0,5.0,3.0,3.0,1.0,1.0,3.0,3.0,3.0,2.0,1.0,4.0
382,2.0207,-0.7202,0.5913,-1.0371,1.5543,4.0,3.0,4.0,2.0,2.0,5.0,1.0,1.0,1.0,4.0,2.0,1.0,2.0,2.0,5.0,4.0,1.0
383,-0.3415,0.6759,1.1545,-0.7708,-0.2846,2.0,2.0,2.0,3.0,4.0,3.0,5.0,3.0,4.0,3.0,3.0,3.0,3.0,5.0,1.0,2.0,3.0
384,-0.6367,-0.1617,-1.0982,1.3598,0.6348,3.0,1.0,1.0,2.0,3.0,3.0,5.0,5.0,3.0,4.0,4.0,4.0,4.0,5.0,2.0,1.0,1.0
385,1.1349,-1.2786,1.4361,0.2945,-0.2846,5.0,4.0,4.0,5.0,4.0,4.0,5.0,3.0,3.0,4.0,5.0,5.0,5.0,4.0,5.0,3.0,3.0
386,-0.3415,-0.1617,0.0282,0.2945,-0.5911,3.0,2.0,1.0,2.0,3.0,4.0,5.0,3.0,3.0,5.0,4.0,2.0,3.0,3.0,2.0,4.0,1.0
387,0.8396,-0.1617,-1.6614,0.8272,1.8608,5.0,2.0,2.0,2.0,4.0,5.0,2.0,1.0,1.0,5.0,5.0,3.0,3.0,2.0,5.0,2.0,1.0
388,-0.0462,-1.2786,0.3097,0.8272,0.3283,3.0,4.0,2.0,4.0,4.0,5.0,4.0,1.0,3.0,4.0,5.0,5.0,4.0,3.0,5.0,3.0,3.0
389,0.5443,0.1175,-0.535,1.0935,1.5543,3.0,2.0,2.0,3.0,3.0,3.0,2.0,1.0,1.0,2.0,2.0,4.0,3.0,2.0,5.0,1.0,2.0
390,-0.3415,0.1175,0.8729,0.2945,-0.2846,1.0,1.0,2.0,3.0,2.0,2.0,2.0,1.0,2.0,2.0,2.0,3.0,3.0,4.0,3.0,3.0,3.0
391,-0.3415,-0.4409,0.0282,-0.5044,-0.2846,3.0,3.0,3.0,3.0,3.0,3.0,3.0,2.0,1.0,3.0,3.0,3.0,3.0,2.0,2.0,1.0,2.0
392,-0.0462,0.3967,-0.8166,-1.5697,0.3283,4.0,3.0,1.0,3.0,2.0,4.0,3.0,1.0,1.0,5.0,3.0,1.0,2.0,2.0,5.0,2.0,1.0
393,-0.6367,0.1175,0.8729,-1.836,-2.1236,1.0,1.0,3.0,1.0,1.0,1.0,3.0,5.0,3.0,2.0,1.0,1.0,2.0,2.0,1.0,1.0,1.0
394,-1.5225,-2.6747,-1.6614,-1.0371,-1.2041,3.0,1.0,1.0,2.0,1.0,3.0,4.0,2.0,1.0,1.0,2.0,2.0,3.0,2.0,2.0,1.0,1.0
395,0.2491,-0.7202,1.1545,-0.2381,-1.2041,3.0,1.0,3.0,1.0,2.0,3.0,4.0,5.0,3.0,3.0,2.0,2.0,4.0,5.0,1.0,5.0,1.0
396,-0.3415,0.1175,-1.0982,-0.2381,-0.5911,3.0,4.0,2.0,5.0,4.0,3.0,3.0,1.0,1.0,2.0,3.0,4.0,3.0,1.0,2.0,2.0,5.0
397,-0.932,0.3967,-1.3798,0.2945,0.9413,3.0,5.0,2.0,2.0,3.0,4.0,1.0,1.0,1.0,4.0,2.0,1.0,2.0,1.0,4.0,1.0,1.0
398,1.7254,0.6759,-0.2534,1.8925,0.0218,3.0,3.0,2.0,2.0,2.0,2.0,3.0,3.0,3.0,5.0,5.0,3.0,4.0,3.0,4.0,5.0,2.0
399,0.8396,1.2344,1.7177,1.8925,1.5543,2.0,4.0,1.0,5.0,5.0,4.0,4.0,3.0,4.0,2.0,4.0,3.0,3.0,4.0,2.0,1.0,5.0
400,-1.2273,0.9551,0.0282,0.8272,-0.2846,4.0,1.0,2.0,3.0,1.0,4.0,2.0,1.0,1.0,3.0,3.0,2.0,2.0,2.0,1.0,4.0,3.0
401,-0.0462,-0.7202,0.3097,-0.5044,-0.2846,2.0,1.0,3.0,1.0,3.0,2.0,5.0,4.0,1.0,1.0,1.0,1.0,2.0,2.0,3.0,1.0,2.0
402,-0.3415,-0.1617,-0.535,-2.1024,1.8608,5.0,5.0,1.0,5.0,2.0,4.0,5.0,4.0,1.0,1.0,1.0,1.0,1.0,3.0,1.0,3.0,3.0
403,-0.932,1.2344,0.5913,-0.7708,0.9413,2.0,3.0,3.0,3.0,4.0,3.0,4.0,2.0,2.0,2.0,4.0,2.0,4.0,3.0,3.0,1.0,3.0
404,-0.6367,0.1175,-0.535,-0.2381,-0.5911,4.0,5.0,5.0,5.0,2.0,4.0,5.0,1.0,5.0,3.0,2.0,2.0,5.0,5.0,1.0,5.0,3.0
405,0.8396,-0.4409,0.3097,0.5609,0.3283,3.0,3.0,3.0,3.0,3.0,3.0,2.0,1.0,2.0,4.0,2.0,4.0,3.0,3.0,3.0,2.0,3.0
406,-0.3415,1.5136,0.8729,-0.7708,0.3283,4.0,5.0,1.0,4.0,5.0,5.0,4.0,1.0,1.0,3.0,3.0,4.0,4.0,1.0,5.0,4.0,4.0
407,0.5443,1.2344,-0.8166,1.3598,1.8608,4.0,2.0,3.0,3.0,3.0,3.0,3.0,1.0,3.0,3.0,3.0,5.0,3.0,2.0,2.0,2.0,2.0
408,0.2491,1.5136,-1.6614,0.2945,0.0218,3.0,4.0,3.0,5.0,5.0,3.0,1.0,1.0,1.0,1.0,1.0,4.0,5.0,3.0,5.0,1.0,5.0
409,2.316,0.1175,-1.6614,0.0282,1.8608,5.0,1.0,5.0,1.0,5.0,4.0,4.0,1.0,3.0,4.0,2.0,3.0,4.0,3.0,2.0,4.0,1.0
410,1.1349,-0.4409,0.8729,-1.836,0.9413,4.0,2.0,1.0,3.0,1.0,4.0,5.0,1.0,5.0,4.0,1.0,1.0,5.0,3.0,1.0,1.0,1.0
411,2.0207,0.1175,-0.8166,0.0282,-0.8976,3.0,2.0,2.0,3.0,4.0,5.0,5.0,1.0,1.0,4.0,2.0,4.0,3.0,1.0,5.0,2.0,2.0
412,-1.2273,1.2344,-1.943,-0.5044,1.2478,3.0,1.0,1.0,1.0,1.0,3.0,5.0,5.0,1.0,1.0,1.0,1.0,1.0,1.0,1.0,5.0,1.0
413,-0.3415,-0.1617,0.3097,-1.0371,-0.2846,4.0,3.0,1.0,2.0,2.0,4.0,4.0,4.0,4.0,2.0,2.0,2.0,4.0,2.0,2.0,3.0,2.0
414,1.1349,-0.7202,1.7177,1.8925,-1.2041,4.0,3.0,2.0,5.0,3.0,5.0,3.0,2.0,1.0,3.0,2.0,3.0,4.0,4.0,2.0,2.0,2.0
415,0.2491,-0.4409,-1.943,0.2945,0.0218,3.0,1.0,1.0,1.0,1.0,5.0,5.0,1.0,2.0,4.0,2.0,1.0,5.0,3.0,3.0,3.0,1.0
416,1.4302,0.3967,0.0282,-0.7708,-0.8976,5.0,1.0,1.0,4.0,2.0,4.0,3.0,2.0,2.0,3.0,2.0,2.0,2.0,1.0,3.0,4.0,1.0
417,-1.2273,0.6759,-1.6614,0.0282,0.0218,1.0,2.0,1.0,2.0,2.0,1.0,2.0,4.0,5.0,1.0,5.0,1.0,4.0,4.0,1.0,1.0,2.0
418,-1.5225,0.6759,-0.2534,0.2945,-0.2846,4.0,4.0,2.0,2.0,3.0,5.0,1.0,1.0,1.0,1.0,2.0,1.0,2.0,2.0,4.0,1.0,2.0
419,1.1349,-0.4409,0.5913,0.5609,0.0218,5.0,2.0,5.0,5.0,5.0,5.0,5.0,1.0,1.0,3.0,3.0,4.0,5.0,5.0,3.0,3.0,5.0
420,-0.0462,-0.1617,-0.2534,0.0282,-0.2846,1.0,1.0,1.0,3.0,1.0,2.0,5.0,3.0,5.0,1.0,3.0,2.0,1.0,1.0,1.0,1.0,3.0
421,0.8396,0.6759,-1.0982,1.0935,1.5543,2.0,3.0,2.0,5.0,5.0,5.0,4.0,1.0,1.0,2.0,2.0,5.0,3.0,2.0,3.0,2.0,3.0
422,1.7254,2.3512,-0.2534,0.2945,0.6348,4.0,1.0,1.0,1.0,4.0,5.0,1.0,1.0,1.0,4.0,2.0,1.0,1.0,1.0,5.0,5.0,3.0
423,-0.3415,1.7928,-1.3798,1.0935,1.2478,3.0,2.0,1.0,3.0,3.0,5.0,4.0,3.0,3.0,1.0,3.0,3.0,3.0,3.0,3.0,2.0,3.0
424,1.1349,-0.4409,-0.2534,-1.5697,0.0218,5.0,3.0,3.0,2.0,2.0,3.0,4.0,1.0,1.0,5.0,3.0,4.0,1.0,1.0,2.0,5.0,1.0
425,-0.0462,1.2344,-1.3798,1.6262,1.5543,3.0,1.0,1.0,2.0,3.0,4.0,5.0,3.0,5.0,3.0,4.0,3.0,4.0,5.0,1.0,2.0,3.0
426,-0.6367,-0.7202,0.3097,-1.836,1.2478,1.0,1.0,1.0,1.0,1.0,2.0,5.0,4.0,1.0,1.0,3.0,4.0,4.0,4.0,2.0,1.0,1.0
427,0.5443,-0.1617,-0.8166,1.6262,-0.5911,3.0,3.0,1.0,5.0,1.0,2.0,3.0,1.0,2.0,2.0,3.0,5.0,3.0,5.0,3.0,2.0,4.0
428,-0.3415,-1.2786,-0.535,0.2945,0.9413,5.0,3.0,2.0,4.0,5.0,5.0,3.0,2.0,4.0,3.0,2.0,2.0,2.0,1.0,2.0,3.0,3.0
429,-0.6367,0.6759,1.1545,0.8272,-0.2846,2.0,1.0,2.0,3.0,2.0,2.0,5.0,4.0,4.0,2.0,1.0,2.0,3.0,3.0,1.0,1.0,2.0
430,0.5443,-1.5578,-0.535,0.5609,-0.8976,3.0,3.0,3.0,4.0,2.0,4.0,4.0,2.0,2.0,2.0,4.0,3.0,3.0,3.0,4.0,3.0,2.0
431,-0.0462,0.6759,0.3097,-0.5044,-0.5911,4.0,1.0,3.0,2.0,3.0,2.0,2.0,1.0,1.0,3.0,3.0,3.0,2.0,2.0,4.0,5.0,4.0
432,-1.2273,-1.837,0.3097,1.6262,-0.5911,2.0,2.0,2.0,3.0,1.0,1.0,5.0,4.0,3.0,3.0,3.0,3.0,4.0,5.0,3.0,1.0,1.0
433,-0.6367,0.3967,-1.3798,-0.2381,-0.5911,4.0,4.0,4.0,2.0,4.0,5.0,4.0,3.0,4.0,2.0,2.0,2.0,3.0,5.0,3.0,2.0,2.0
434,1.1349,-0.4409,0.0282,0.2945,-0.5911,4.0,1.0,2.0,2.0,3.0,5.0,3.0,1.0,1.0,4.0,3.0,3.0,2.0,1.0,5.0,4.0,1.0
435,0.5443,-0.9994,-0.8166,-1.5697,0.3283,1.0,1.0,1.0,1.0,2.0,3.0,5.0,5.0,3.0,2.0,1.0,1.0,5.0,3.0,1.0,1.0,1.0
436,-0.3415,-1.2786,-1.6614,-1.0371,-1.2041,2.0,2.0,2.0,2.0,1.0,4.0,4.0,2.0,2.0,2.0,3.0,2.0,3.0,2.0,4.0,3.0,2.0
437,-0.932,-0.4409,-1.0982,-1.0371,-0.2846,2.0,1.0,1.0,1.0,2.0,3.0,3.0,1.0,2.0,3.0,1.0,1.0,3.0,1.0,1.0,4.0,1.0
438,-0.932,1.5136,-0.2534,1.0935,0.0218,1.0,1.0,1.0,2.0,3.0,4.0,5.0,4.0,4.0,4.0,3.0,1.0,2.0,1.0,2.0,1.0,2.0
439,0.5443,-0.4409,1.7177,-1.0371,0.3283,5.0,2.0,2.0,1.0,1.0,4.0,2.0,1.0,1.0,4.0,2.0,2.0,3.0,3.0,2.0,4.0,1.0
440,0.5443,-0.7202,-0.8166,0.0282,-0.2846,4.0,1.0,2.0,4.0,3.0,4.0,4.0,1.0,1.0,3.0,3.0,3.0,4.0,3.0,3.0,4.0,1.0
441,0.8396,-0.4409,0.0282,-0.2381,-0.5911,3.0,2.0,1.0,2.0,2.0,5.0,4.0,1.0,3.0,1.0,1.0,1.0,1.0,1.0,5.0,1.0,1.0
442,-0.3415,0.3967,-0.2534,-0.2381,0.0218,4.0,2.0,4.0,3.0,3.0,5.0,4.0,1.0,4.0,3.0,4.0,4.0,4.0,2.0,2.0,2.0,1.0
443,-0.3415,-0.1617,-0.2534,0.5609,0.9413,2.0,2.0,2.0,4.0,3.0,3.0,3.0,1.0,2.0,3.0,3.0,3.0,3.0,2.0,3.0,3.0,3.0
444,0.2491,-0.4409,-0.2534,0.8272,0.3283,3.0,2.0,4.0,2.0,2.0,2.0,3.0,4.0,4.0,2.0,5.0,4.0,5.0,5.0,2.0,4.0,2.0
445,1.1349,-0.9994,0.3097,-0.5044,1.5543,4.0,2.0,2.0,2.0,3.0,5.0,3.0,1.0,1.0,4.0,2.0,3.0,2.0,2.0,5.0,1.0,1.0
446,-1.2273,-1.2786,0.3097,-1.3034,-2.4301,4.0,1.0,2.0,2.0,1.0,3.0,3.0,1.0,1.0,4.0,2.0,1.0,2.0,1.0,1.0,4.0,1.0
447,-1.8178,2.3512,-1.6614,1.6262,2.4738,1.0,3.0,3.0,3.0,4.0,1.0,1.0,1.0,1.0,1.0,1.0,1.0,1.0,1.0,1.0,1.0,2.0
448,0.8396,1.2344,0.5913,0.2945,0.9413,4.0,2.0,2.0,2.0,2.0,4.0,4.0,1.0,1.0,4.0,1.0,2.0,4.0,3.0,2.0,3.0,2.0
449,-0.0462,-0.4409,-0.8166,-0.5044,0.3283,3.0,3.0,1.0,2.0,5.0,3.0,4.0,2.0,2.0,2.0,3.0,3.0,5.0,2.0,5.0,1.0,1.0
450,0.5443,0.3967,0.3097,-0.5044,-1.5106,4.0,3.0,1.0,5.0,3.0,5.0,3.0,1.0,1.0,2.0,2.0,1.0,1.0,1.0,3.0,1.0,4.0
451,0.5443,0.9551,1.4361,-0.7708,0.0218,3.0,2.0,2.0,3.0,1.0,4.0,4.0,1.0,1.0,3.0,2.0,3.0,2.0,2.0,3.0,3.0,1.0
452,2.316,0.1175,0.0282,1.0935,1.5543,4.0,1.0,1.0,1.0,1.0,5.0,3.0,3.0,3.0,3.0,3.0,2.0,4.0,3.0,1.0,3.0,1.0
453,-0.0462,0.1175,-0.535,-0.5044,0.3283,2.0,2.0,1.0,1.0,5.0,3.0,4.0,2.0,2.0,2.0,3.0,3.0,5.0,2.0,5.0,1.0,1.0
454,-0.0462,-0.9994,0.8729,0.2945,-1.5106,2.0,1.0,1.0,2.0,3.0,4.0,5.0,3.0,4.0,3.0,5.0,4.0,4.0,4.0,2.0,1.0,1.0
455,-0.3415,-0.4409,-1.6614,0.0282,-0.5911,4.0,2.0,1.0,2.0,3.0,5.0,5.0,2.0,5.0,3.0,3.0,2.0,3.0,2.0,2.0,4.0,2.0
456,-1.2273,0.3967,0.5913,-1.0371,0.6348,3.0,1.0,1.0,1.0,1.0,3.0,2.0,1.0,4.0,5.0,5.0,1.0,2.0,3.0,1.0,1.0,1.0
457,-0.0462,-0.4409,1.7177,-0.5044,0.0218,4.0,2.0,1.0,2.0,1.0,4.0,5.0,2.0,3.0,2.0,2.0,2.0,3.0,3.0,2.0,4.0,1.0
458,0.8396,0.1175,-0.2534,1.3598,0.3283,5.0,5.0,5.0,5.0,5.0,5.0,1.0,1.0,1.0,5.0,1.0,1.0,5.0,5.0,5.0,5.0,5.0
459,0.2491,0.3967,0.3097,0.5609,-1.2041,2.0,2.0,3.0,3.0,3.0,2.0,3.0,2.0,3.0,1.0,4.0,3.0,3.0,5.0,2.0,3.0,3.0
460,1.1349,-2.6747,0.5913,-0.7708,0.3283,3.0,1.0,1.0,1.0,1.0,2.0,4.0,2.0,4.0,5.0,5.0,1.0,1.0,3.0,1.0,1.0,1.0
461,-0.3415,0.3967,0.0282,0.2945,-0.2846,2.0,4.0,3.0,3.0,3.0,3.0,3.0,1.0,1.0,1.0,3.0,3.0,3.0,3.0,4.0,2.0,4.0
462,-1.5225,0.3967,-1.0982,-0.5044,-0.5911,3.0,1.0,2.0,3.0,1.0,3.0,5.0,1.0,4.0,3.0,3.0,3.0,3.0,4.0,2.0,3.0,1.0
463,-1.2273,-0.7202,-2.2246,-0.2381,-1.2041,3.0,1.0,1.0,3.0,3.0,5.0,3.0,1.0,1.0,3.0,3.0,1.0,1.0,5.0,5.0,1.0,1.0
464,-0.6367,-1.2786,-1.3798,-0.5044,0.9413,4.0,3.0,3.0,3.0,2.0,3.0,4.0,1.0,4.0,2.0,3.0,2.0,4.0,2.0,5.0,3.0,2.0
465,-0.0462,0.3967,1.4361,0.5609,0.9413,3.0,2.0,2.0,3.0,4.0,3.0,1.0,1.0,2.0,2.0,4.0,4.0,2.0,3.0,5.0,2.0,2.0
466,0.2491,0.1175,0.0282,-1.3034,-0.8976,3.0,1.0,3.0,3.0,3.0,4.0,3.0,1.0,1.0,4.0,1.0,3.0,3.0,1.0,3.0,5.0,1.0
467,-1.2273,-1.2786,-0.535,-2.1024,0.0218,4.0,3.0,2.0,3.0,2.0,3.0,2.0,2.0,1.0,4.0,2.0,1.0,2.0,2.0,2.0,2.0,1.0
468,-1.2273,1.2344,0.0282,-0.7708,-0.2846,3.0,2.0,4.0,4.0,2.0,4.0,5.0,2.0,2.0,5.0,4.0,4.0,5.0,2.0,2.0,2.0,2.0
469,1.1349,0.6759,0.3097,-0.5044,1.5543,5.0,1.0,1.0,1.0,1.0,4.0,3.0,1.0,3.0,4.0,4.0,2.0,5.0,4.0,1.0,4.0,1.0
470,-0.6367,0.6759,-0.8166,-0.7708,0.6348,4.0,3.0,1.0,2.0,3.0,5.0,2.0,1.0,1.0,3.0,3.0,2.0,3.0,1.0,3.0,1.0,3.0
471,0.5443,0.3967,1.9993,-0.7708,-0.2846,4.0,2.0,2.0,2.0,2.0,3.0,5.0,4.0,5.0,2.0,5.0,3.0,4.0,5.0,2.0,2.0,1.0
472,-2.7036,-0.1617,-0.8166,-2.635,-0.2846,2.0,2.0,4.0,3.0,2.0,4.0,3.0,1.0,2.0,1.0,1.0,1.0,2.0,1.0,1.0,1.0,2.0
473,-2.7036,2.3512,0.0282,-0.2381,0.9413,1.0,1.0,1.0,1.0,1.0,2.0,4.0,4.0,3.0,1.0,1.0,1.0,1.0,4.0,1.0,1.0,1.0
474,1.1349,0.6759,1.7177,0.0282,0.3283,5.0,1.0,1.0,3.0,1.0,5.0,3.0,1.0,1.0,5.0,2.0,1.0,1.0,3.0,1.0,5.0,1.0
475,-0.3415,-1.837,0.0282,0.2945,0.3283,3.0,2.0,5.0,4.0,5.0,3.0,5.0,4.0,4.0,3.0,4.0,3.0,5.0,3.0,4.0,1.0,2.0
476,0.2491,-0.4409,-0.2534,0.8272,-0.8976,2.0,1.0,1.0,4.0,3.0,4.0,5.0,4.0,3.0,3.0,3.0,5.0,5.0,5.0,5.0,1.0,2.0
477,-0.3415,-0.7202,-0.2534,-0.5044,-0.5911,2.0,1.0,1.0,2.0,4.0,2.0,5.0,3.0,3.0,1.0,2.0,3.0,5.0,5.0,2.0,1.0,1.0
478,0.8396,0.6759,-0.2534,0.2945,1.2478,5.0,2.0,3.0,2.0,3.0,4.0,4.0,2.0,2.0,2.0,2.0,2.0,4.0,4.0,2.0,3.0,2.0
479,0.2491,-0.4409,0.5913,0.0282,0.3283,3.0,2.0,2.0,3.0,3.0,3.0,4.0,3.0,4.0,3.0,3.0,4.0,4.0,3.0,4.0,2.0,2.0
480,1.1349,-0.1617,-0.535,0.8272,1.5543,5.0,3.0,5.0,3.0,4.0,5.0,4.0,2.0,3.0,4.0,3.0,4.0,5.0,4.0,5.0,4.0,4.0
481,-0.932,2.072,1.1545,1.8925,-1.2041,4.0,4.0,1.0,5.0,1.0,1.0,2.0,4.0,1.0,1.0,1.0,4.0,4.0,4.0,1.0,5.0,4.0
482,-1.5225,0.1175,0.3097,-1.3034,0.0218,2.0,1.0,3.0,1.0,1.0,3.0,4.0,2.0,4.0,4.0,4.0,3.0,1.0,1.0,1.0,1.0,1.0
483,-0.0462,-0.7202,-0.8166,0.2945,0.6348,3.0,2.0,1.0,5.0,3.0,4.0,5.0,3.0,5.0,3.0,2.0,4.0,3.0,1.0,5.0,1.0,1.0
484,-0.6367,-0.9994,-0.2534,-1.0371,-0.5911,3.0,1.0,2.0,2.0,2.0,4.0,4.0,3.0,3.0,3.0,3.0,3.0,2.0,2.0,2.0,2.0,2.0
485,-1.8178,-1.2786,-0.8166,-1.0371,-0.2846,4.0,2.0,1.0,2.0,1.0,4.0,5.0,1.0,1.0,1.0,3.0,5.0,4.0,4.0,4.0,1.0,1.0
486,-0.932,-0.1617,-0.8166,1.6262,-1.2041,4.0,2.0,2.0,2.0,1.0,4.0,2.0,1.0,1.0,3.0,2.0,3.0,3.0,3.0,3.0,2.0,1.0
487,2.316,-2.1162,-1.943,0.0282,0.6348,5.0,2.0,1.0,1.0,1.0,1.0,1.0,2.0,2.0,3.0,3.0,3.0,3.0,3.0,1.0,1.0,1.0
488,-0.6367,1.7928,0.8729,1.0935,0.9413,2.0,4.0,3.0,5.0,4.0,3.0,5.0,3.0,2.0,3.0,3.0,5.0,5.0,4.0,3.0,1.0,4.0
489,1.7254,-0.4409,1.1545,1.0935,0.3283,2.0,2.0,2.0,1.0,1.0,2.0,5.0,1.0,5.0,3.0,5.0,2.0,5.0,5.0,1.0,1.0,1.0
490,0.2491,0.1175,0.5913,-1.0371,-0.5911,3.0,2.0,2.0,2.0,3.0,3.0,2.0,1.0,1.0,5.0,1.0,1.0,2.0,1.0,5.0,4.0,2.0
491,0.2491,-0.1617,0.8729,-0.5044,-0.8976,3.0,2.0,2.0,2.0,2.0,4.0,4.0,2.0,3.0,3.0,2.0,2.0,3.0,1.0,5.0,1.0,2.0
492,-0.3415,-0.4409,-1.0982,1.3598,0.9413,3.0,3.0,1.0,4.0,4.0,2.0,5.0,2.0,2.0,1.0,2.0,3.0,4.0,5.0,3.0,2.0,2.0
493,-0.0462,-0.9994,1.4361,-1.5697,-1.8171,4.0,1.0,2.0,2.0,1.0,5.0,3.0,1.0,1.0,5.0,2.0,2.0,3.0,3.0,4.0,2.0,1.0
494,0.8396,1.2344,-1.3798,0.2945,0.3283,2.0,2.0,1.0,2.0,4.0,2.0,5.0,2.0,2.0,1.0,4.0,5.0,4.0,5.0,2.0,1.0,2.0
495,0.2491,1.2344,-0.8166,0.0282,0.9413,2.0,1.0,2.0,2.0,2.0,3.0,5.0,2.0,4.0,2.0,2.0,1.0,5.0,5.0,2.0,2.0,1.0
496,-0.932,0.9551,0.0282,-1.3034,1.2478,3.0,2.0,4.0,5.0,4.0,3.0,3.0,1.0,1.0,2.0,2.0,2.0,4.0,3.0,4.0,2.0,4.0
497,-0.3415,0.6759,-0.535,0.8272,0.6348,3.0,3.0,3.0,4.0,4.0,5.0,5.0,2.0,3.0,1.0,3.0,5.0,5.0,1.0,4.0,1.0,5.0
498,0.2491,-1.2786,0.3097,0.5609,-0.5911,3.0,2.0,1.0,3.0,2.0,2.0,4.0,1.0,1.0,1.0,3.0,2.0,3.0,5.0,3.0,1.0,1.0
499,-1.5225,0.9551,1.4361,-0.2381,-0.8976,2.0,4.0,2.0,3.0,2.0,4.0,4.0,2.0,4.0,1.0,3.0,1.0,3.0,3.0,1.0,3.0,2.0
500,0.8396,0.1175,-1.943,0.8272,0.0218,3.0,5.0,2.0,4.0,2.0,2.0,4.0,2.0,1.0,1.0,2.0,2.0,4.0,5.0,4.0,4.0,4.0
501,-0.6367,0.6759,-0.8166,-0.2381,0.0218,4.0,5.0,3.0,4.0,2.0,4.0,4.0,2.0,2.0,2.0,2.0,4.0,4.0,2.0,5.0,2.0,2.0
502,-0.0462,1.5136,1.9993,-1.0371,-0.8976,4.0,3.0,2.0,4.0,2.0,2.0,5.0,3.0,4.0,3.0,3.0,4.0,5.0,3.0,1.0,3.0,3.0
503,-0.6367,0.6759,-1.0982,0.2945,0.6348,2.0,2.0,1.0,5.0,5.0,4.0,4.0,1.0,1.0,1.0,1.0,1.0,2.0,1.0,4.0,5.0,4.0
504,1.1349,1.7928,1.9993,0.8272,1.5543,5.0,1.0,1.0,2.0,2.0,5.0,1.0,1.0,1.0,5.0,2.0,1.0,2.0,2.0,2.0,1.0,1.0
505,0.2491,-0.1617,0.8729,-0.7708,-2.1236,3.0,4.0,2.0,2.0,2.0,3.0,5.0,3.0,4.0,3.0,3.0,2.0,4.0,4.0,2.0,1.0,1.0
506,0.2491,-1.5578,1.7177,-1.3034,-1.5106,2.0,1.0,1.0,1.0,1.0,2.0,2.0,3.0,3.0,5.0,1.0,1.0,1.0,2.0,1.0,2.0,1.0
507,1.4302,0.1175,0.0282,-0.2381,-0.8976,3.0,4.0,3.0,3.0,4.0,2.0,2.0,1.0,1.0,2.0,5.0,4.0,4.0,4.0,4.0,1.0,2.0
508,-0.932,0.6759,-0.2534,-0.5044,-0.2846,1.0,3.0,5.0,4.0,1.0,3.0,5.0,2.0,2.0,1.0,3.0,3.0,5.0,5.0,1.0,1.0,1.0
509,2.316,0.3967,2.5625,-1.0371,1.2478,4.0,5.0,2.0,3.0,4.0,4.0,1.0,1.0,1.0,4.0,3.0,3.0,1.0,3.0,3.0,4.0,1.0
510,1.4302,0.6759,1.9993,0.8272,1.2478,5.0,3.0,3.0,4.0,4.0,4.0,4.0,3.0,2.0,4.0,4.0,4.0,3.0,3.0,3.0,2.0,4.0
511,-0.3415,0.9551,0.3097,0.5609,0.9413,3.0,1.0,2.0,3.0,2.0,3.0,3.0,1.0,1.0,4.0,4.0,4.0,3.0,3.0,2.0,1.0,1.0
512,1.4302,1.7928,1.4361,0.8272,-1.8171,2.0,4.0,1.0,2.0,1.0,1.0,1.0,1.0,1.0,1.0,1.0,2.0,1.0,3.0,3.0,4.0,2.0
513,0.2491,0.1175,1.4361,-0.7708,-1.5106,3.0,1.0,1.0,2.0,3.0,3.0,4.0,5.0,5.0,3.0,2.0,1.0,3.0,3.0,3.0,3.0,1.0
514,-0.932,-0.4409,1.1545,-1.3034,-1.2041,1.0,5.0,5.0,2.0,2.0,3.0,5.0,1.0,1.0,1.0,2.0,1.0,5.0,3.0,2.0,1.0,2.0
515,-0.6367,-1.837,0.8729,-0.2381,-1.5106,4.0,3.0,3.0,3.0,4.0,4.0,5.0,5.0,3.0,1.0,2.0,3.0,3.0,4.0,2.0,1.0,2.0
516,1.4302,1.5136,0.3097,-0.7708,2.1673,5.0,3.0,1.0,2.0,3.0,5.0,4.0,4.0,3.0,5.0,3.0,2.0,3.0,3.0,2.0,4.0,3.0
517,1.4302,0.1175,0.8729,1.8925,-1.2041,3.0,1.0,1.0,4.0,4.0,4.0,4.0,3.0,3.0,4.0,3.0,1.0,1.0,3.0,4.0,4.0,4.0
518,1.4302,0.1175,-0.535,0.2945,-0.2846,4.0,2.0,2.0,3.0,2.0,5.0,4.0,1.0,2.0,4.0,3.0,3.0,2.0,2.0,5.0,4.0,4.0
519,-0.3415,-1.837,-0.535,-0.5044,-1.2041,4.0,3.0,1.0,2.0,1.0,1.0,2.0,2.0,1.0,4.0,4.0,2.0,2.0,2.0,2.0,4.0,1.0
520,0.8396,-0.7202,-1.6614,0.2945,0.3283,3.0,1.0,2.0,2.0,2.0,4.0,2.0,1.0,1.0,4.0,4.0,2.0,2.0,2.0,4.0,2.0,1.0
521,0.5443,-1.2786,-1.6614,-0.2381,0.9413,5.0,5.0,1.0,5.0,4.0,5.0,3.0,2.0,2.0,3.0,3.0,4.0,4.0,2.0,5.0,3.0,3.0
522,0.8396,-0.9994,0.3097,-0.2381,-1.2041,4.0,2.0,2.0,3.0,3.0,4.0,3.0,1.0,2.0,3.0,3.0,3.0,3.0,3.0,4.0,4.0,3.0
523,-0.3415,-0.7202,-0.2534,-1.3034,0.6348,5.0,2.0,1.0,2.0,1.0,1.0,3.0,1.0,1.0,2.0,3.0,3.0,4.0,2.0,2.0,3.0,1.0
524,-0.932,-0.1617,0.3097,-0.5044,-0.8976,2.0,1.0,2.0,4.0,2.0,2.0,5.0,5.0,5.0,2.0,5.0,3.0,3.0,5.0,2.0,1.0,3.0
525,0.8396,-0.4409,0.0282,-0.2381,0.9413,3.0,3.0,3.0,3.0,3.0,3.0,5.0,1.0,3.0,3.0,3.0,3.0,3.0,3.0,3.0,1.0,3.0
526,0.5443,0.1175,1.1545,-0.2381,-0.8976,3.0,1.0,1.0,2.0,2.0,4.0,4.0,4.0,4.0,5.0,5.0,3.0,4.0,3.0,3.0,1.0,1.0
527,0.5443,0.1175,0.0282,0.0282,-0.8976,3.0,1.0,3.0,2.0,3.0,4.0,4.0,1.0,2.0,2.0,4.0,4.0,4.0,4.0,4.0,2.0,1.0
528,-2.4083,-0.7202,1.4361,-0.7708,0.3283,3.0,1.0,1.0,5.0,3.0,5.0,5.0,1.0,2.0,5.0,1.0,3.0,5.0,1.0,1.0,3.0,2.0
529,-1.5225,-0.4409,0.3097,-1.3034,0.0218,1.0,2.0,2.0,2.0,1.0,3.0,5.0,3.0,2.0,1.0,1.0,2.0,3.0,4.0,3.0,1.0,2.0
530,0.2491,0.1175,-0.8166,0.5609,0.3283,3.0,5.0,2.0,3.0,3.0,5.0,2.0,1.0,1.0,1.0,1.0,1.0,1.0,4.0,3.0,1.0,1.0
531,-0.0462,0.1175,0.8729,0.5609,0.3283,2.0,5.0,4.0,5.0,2.0,2.0,5.0,4.0,3.0,1.0,2.0,3.0,5.0,5.0,2.0,1.0,1.0
532,1.4302,-0.1617,0.5913,0.5609,0.3283,4.0,2.0,1.0,3.0,3.0,4.0,4.0,2.0,1.0,2.0,4.0,5.0,3.0,3.0,4.0,4.0,2.0
533,-0.0462,-0.7202,0.8729,0.8272,0.3283,3.0,1.0,2.0,2.0,2.0,3.0,5.0,2.0,3.0,2.0,2.0,3.0,5.0,5.0,3.0,3.0,2.0
534,-0.932,-1.2786,-0.8166,-0.2381,0.3283,3.0,3.0,1.0,3.0,3.0,4.0,3.0,1.0,1.0,4.0,4.0,4.0,3.0,3.0,4.0,2.0,2.0
535,1.7254,-0.1617,1.1545,0.5609,1.8608,3.0,3.0,4.0,4.0,4.0,5.0,5.0,3.0,4.0,4.0,3.0,4.0,5.0,1.0,4.0,4.0,1.0
536,1.1349,-1.2786,0.3097,-0.5044,-0.2846,2.0,1.0,1.0,1.0,2.0,4.0,2.0,2.0,1.0,5.0,3.0,1.0,1.0,1.0,3.0,5.0,1.0
537,-0.3415,-0.7202,0.8729,0.5609,-0.5911,3.0,2.0,1.0,4.0,3.0,3.0,4.0,1.0,3.0,3.0,3.0,1.0,3.0,5.0,1.0,2.0,3.0
538,0.5443,-0.1617,-0.2534,-1.5697,0.6348,3.0,2.0,1.0,3.0,3.0,4.0,4.0,4.0,4.0,4.0,2.0,1.0,3.0,3.0,3.0,3.0,2.0
539,-2.1131,-0.1617,-0.535,0.8272,0.6348,3.0,2.0,2.0,5.0,1.0,4.0,5.0,4.0,1.0,1.0,1.0,1.0,3.0,4.0,1.0,1.0,4.0
540,0.2491,-0.4409,-0.535,0.8272,0.9413,3.0,5.0,1.0,5.0,5.0,5.0,5.0,1.0,2.0,4.0,4.0,2.0,5.0,3.0,3.0,3.0,5.0
541,1.1349,-0.4409,0.0282,-1.0371,0.6348,3.0,2.0,2.0,2.0,3.0,3.0,2.0,2.0,2.0,4.0,3.0,2.0,2.0,2.0,3.0,1.0,1.0
542,0.8396,1.7928,0.5913,0.5609,0.0218,5.0,2.0,1.0,2.0,2.0,4.0,4.0,3.0,5.0,5.0,5.0,4.0,3.0,5.0,4.0,2.0,2.0
543,-0.3415,1.5136,0.0282,-1.0371,0.0218,4.0,1.0,1.0,4.0,2.0,4.0,4.0,4.0,3.0,3.0,2.0,5.0,4.0,4.0,4.0,4.0,2.0
544,0.5443,0.6759,-0.2534,-0.5044,-0.5911,2.0,3.0,1.0,4.0,5.0,2.0,5.0,4.0,3.0,2.0,2.0,2.0,4.0,5.0,3.0,1.0,3.0
545,-0.0462,-0.4409,-1.0982,-0.7708,0.6348,3.0,3.0,3.0,3.0,1.0,3.0,3.0,3.0,3.0,3.0,3.0,3.0,3.0,3.0,1.0,3.0,1.0
546,0.5443,1.5136,0.3097,0.8272,0.6348,3.0,2.0,2.0,5.0,5.0,4.0,5.0,3.0,3.0,2.0,5.0,5.0,5.0,4.0,5.0,1.0,5.0
547,-0.0462,0.1175,2.5625,0.8272,0.0218,1.0,4.0,2.0,5.0,3.0,1.0,4.0,5.0,2.0,2.0,2.0,1.0,4.0,3.0,1.0,1.0,5.0
548,-1.5225,1.2344,-0.8166,-1.0371,0.0218,1.0,3.0,3.0,3.0,1.0,2.0,5.0,1.0,2.0,1.0,2.0,1.0,4.0,4.0,1.0,1.0,1.0
549,-0.6367,0.6759,0.5913,-0.5044,1.5543,5.0,1.0,2.0,2.0,3.0,5.0,3.0,1.0,1.0,5.0,3.0,3.0,1.0,2.0,4.0,4.0,2.0
550,0.5443,-0.9994,-1.943,1.0935,-1.2041,2.0,5.0,4.0,3.0,3.0,3.0,5.0,2.0,2.0,1.0,3.0,3.0,5.0,4.0,2.0,1.0,2.0
551,-0.3415,-1.2786,-0.2534,-0.5044,0.6348,3.0,3.0,3.0,2.0,2.0,4.0,2.0,1.0,1.0,1.0,1.0,1.0,1.0,1.0,2.0,1.0,2.0
552,1.7254,-0.7202,-0.8166,1.8925,0.9413,2.0,3.0,1.0,3.0,3.0,2.0,4.0,2.0,1.0,1.0,4.0,5.0,3.0,5.0,5.0,2.0,2.0
553,0.5443,0.9551,-1.0982,-1.0371,0.3283,4.0,4.0,2.0,2.0,2.0,3.0,2.0,1.0,1.0,3.0,1.0,1.0,1.0,3.0,2.0,3.0,2.0
554,0.2491,0.6759,0.5913,0.2945,0.0218,3.0,4.0,2.0,3.0,4.0,3.0,3.0,2.0,2.0,3.0,1.0,2.0,3.0,2.0,3.0,3.0,1.0
555,-1.2273,0.1175,-0.8166,-0.7708,0.9413,5.0,3.0,1.0,1.0,2.0,5.0,1.0,1.0,2.0,4.0,5.0,3.0,1.0,2.0,4.0,2.0,1.0
556,0.5443,-0.4409,0.8729,-1.836,0.9413,3.0,1.0,1.0,3.0,3.0,4.0,1.0,1.0,1.0,4.0,1.0,1.0,3.0,1.0,1.0,2.0,1.0
557,1.1349,0.6759,0.0282,0.5609,1.5543,2.0,3.0,3.0,2.0,3.0,4.0,4.0,2.0,2.0,2.0,4.0,4.0,4.0,3.0,3.0,1.0,2.0
558,-0.3415,-0.4409,-0.8166,0.5609,1.5543,3.0,1.0,2.0,2.0,4.0,4.0,2.0,1.0,1.0,1.0,2.0,2.0,3.0,2.0,5.0,2.0,2.0
559,-0.0462,-1.2786,-1.3798,-2.635,0.9413,5.0,2.0,2.0,1.0,2.0,2.0,4.0,2.0,1.0,5.0,3.0,1.0,2.0,1.0,1.0,1.0,1.0
560,0.8396,-0.4409,-2.7877,0.2945,-0.8976,4.0,3.0,3.0,4.0,3.0,4.0,3.0,4.0,4.0,4.0,4.0,3.0,4.0,3.0,4.0,2.0,3.0
561,0.2491,1.5136,0.0282,0.2945,1.5543,4.0,3.0,3.0,4.0,2.0,4.0,4.0,1.0,3.0,5.0,3.0,4.0,4.0,2.0,4.0,4.0,3.0
562,0.8396,0.1175,1.1545,-1.836,-0.2846,5.0,3.0,2.0,2.0,2.0,4.0,3.0,3.0,3.0,5.0,1.0,2.0,2.0,2.0,3.0,1.0,1.0
563,0.8396,0.1175,1.9993,-0.5044,0.0218,4.0,1.0,3.0,3.0,1.0,4.0,5.0,2.0,3.0,5.0,3.0,1.0,3.0,3.0,1.0,2.0,1.0
564,0.5443,-0.1617,0.8729,-0.7708,-1.2041,5.0,1.0,1.0,1.0,1.0,1.0,5.0,1.0,5.0,3.0,3.0,1.0,2.0,1.0,1.0,2.0,1.0
565,0.5443,-1.5578,-2.2246,1.0935,-0.2846,5.0,2.0,2.0,2.0,3.0,4.0,2.0,1.0,2.0,2.0,2.0,2.0,2.0,2.0,2.0,3.0,3.0
566,0.2491,-0.7202,0.0282,0.0282,0.9413,3.0,2.0,2.0,2.0,3.0,2.0,2.0,1.0,1.0,4.0,3.0,1.0,2.0,1.0,3.0,2.0,1.0
567,-0.3415,-1.5578,-0.2534,-1.836,-0.5911,4.0,2.0,2.0,1.0,1.0,3.0,3.0,2.0,2.0,3.0,4.0,2.0,3.0,2.0,2.0,2.0,1.0
568,0.2491,-1.2786,0.3097,-1.5697,-0.5911,5.0,2.0,1.0,2.0,1.0,5.0,3.0,1.0,1.0,3.0,1.0,1.0,1.0,3.0,3.0,3.0,1.0
569,1.4302,-0.9994,0.8729,-0.2381,1.5543,4.0,4.0,2.0,3.0,2.0,3.0,3.0,2.0,2.0,2.0,3.0,1.0,2.0,3.0,3.0,2.0,1.0
570,0.2491,0.6759,0.0282,-0.5044,-0.5911,3.0,1.0,1.0,2.0,1.0,3.0,3.0,1.0,2.0,2.0,1.0,1.0,3.0,2.0,2.0,1.0,1.0
571,0.8396,1.7928,-1.6614,-0.5044,0.3283,4.0,2.0,1.0,2.0,3.0,4.0,1.0,3.0,2.0,5.0,3.0,2.0,1.0,1.0,3.0,4.0,1.0
572,0.8396,0.3967,1.1545,-0.2381,0.9413,3.0,1.0,1.0,4.0,3.0,3.0,3.0,3.0,1.0,2.0,2.0,1.0,2.0,1.0,1.0,1.0,2.0
573,-0.0462,-1.2786,1.7177,-1.3034,-1.2041,3.0,1.0,1.0,1.0,1.0,2.0,4.0,3.0,3.0,3.0,1.0,1.0,3.0,4.0,1.0,4.0,1.0
574,-0.0462,-0.4409,0.0282,-0.5044,0.0218,5.0,3.0,1.0,1.0,3.0,3.0,3.0,1.0,1.0,3.0,2.0,1.0,1.0,2.0,2.0,5.0,1.0
575,-0.0462,0.6759,0.0282,1.8925,0.0218,3.0,4.0,3.0,4.0,4.0,2.0,4.0,2.0,3.0,2.0,2.0,3.0,3.0,4.0,5.0,2.0,2.0
576,0.5443,-0.9994,0.5913,-0.5044,-0.8976,3.0,2.0,4.0,3.0,5.0,3.0,3.0,1.0,2.0,5.0,5.0,2.0,2.0,2.0,2.0,3.0,2.0
577,0.8396,-0.9994,0.0282,-0.5044,0.3283,4.0,2.0,1.0,2.0,5.0,3.0,3.0,1.0,1.0,1.0,1.0,1.0,1.0,1.0,2.0,2.0,1.0
578,0.2491,1.2344,0.3097,0.5609,0.9413,3.0,2.0,3.0,2.0,4.0,5.0,2.0,1.0,1.0,4.0,3.0,2.0,4.0,3.0,4.0,1.0,2.0
579,-0.932,-1.2786,0.0282,-0.2381,-1.2041,4.0,3.0,2.0,5.0,2.0,5.0,5.0,4.0,3.0,3.0,2.0,5.0,5.0,3.0,2.0,5.0,1.0
580,-0.932,0.6759,1.4361,-1.0371,-0.8976,1.0,1.0,1.0,1.0,1.0,1.0,1.0,1.0,1.0,5.0,3.0,2.0,2.0,2.0,1.0,3.0,1.0
581,0.2491,0.6759,0.0282,-0.7708,0.9413,2.0,2.0,1.0,1.0,4.0,3.0,4.0,3.0,4.0,4.0,5.0,3.0,2.0,5.0,2.0,5.0,1.0
582,0.2491,0.6759,0.8729,0.2945,-1.5106,4.0,3.0,1.0,3.0,3.0,2.0,3.0,2.0,1.0,4.0,4.0,4.0,3.0,3.0,3.0,4.0,2.0
583,-0.0462,-1.2786,-0.2534,0.2945,0.3283,2.0,1.0,1.0,3.0,4.0,5.0,4.0,1.0,1.0,5.0,3.0,4.0,4.0,2.0,3.0,1.0,1.0
584,-2.1131,-1.837,-1.0982,-1.836,-0.2846,4.0,3.0,3.0,2.0,2.0,5.0,3.0,1.0,1.0,2.0,3.0,3.0,3.0,1.0,4.0,4.0,2.0
585,-0.6367,-0.7202,0.0282,-1.5697,1.2478,3.0,3.0,3.0,3.0,2.0,3.0,4.0,3.0,1.0,3.0,2.0,4.0,4.0,3.0,4.0,4.0,2.0
586,-0.0462,-1.5578,-1.0982,0.5609,0.0218,5.0,3.0,4.0,4.0,3.0,2.0,3.0,4.0,2.0,1.0,3.0,2.0,1.0,5.0,3.0,5.0,1.0
587,0.5443,-1.5578,-1.943,-1.3034,-0.2846,2.0,1.0,1.0,1.0,1.0,2.0,4.0,4.0,5.0,3.0,4.0,1.0,3.0,2.0,1.0,2.0,1.0
588,0.5443,0.1175,0.0282,-1.0371,0.3283,4.0,1.0,1.0,2.0,5.0,2.0,1.0,1.0,1.0,4.0,1.0,1.0,2.0,1.0,5.0,1.0,2.0
589,1.4302,-1.2786,-0.8166,1.3598,-0.2846,1.0,1.0,1.0,3.0,4.0,1.0,5.0,5.0,5.0,1.0,2.0,1.0,5.0,3.0,2.0,2.0,2.0
590,0.5443,-0.7202,0.3097,1.3598,0.0218,3.0,2.0,3.0,3.0,4.0,3.0,5.0,4.0,3.0,1.0,4.0,4.0,5.0,3.0,4.0,1.0,2.0
591,0.5443,1.2344,1.4361,1.0935,0.3283,3.0,3.0,2.0,1.0,5.0,4.0,1.0,1.0,1.0,4.0,2.0,4.0,2.0,2.0,5.0,1.0,2.0
592,1.1349,0.6759,-0.535,0.8272,0.6348,3.0,3.0,1.0,3.0,3.0,4.0,1.0,1.0,1.0,4.0,2.0,2.0,2.0,2.0,5.0,4.0,1.0
593,0.2491,0.6759,0.8729,0.0282,0.6348,2.0,3.0,1.0,4.0,3.0,2.0,5.0,3.0,2.0,2.0,4.0,3.0,3.0,4.0,4.0,1.0,2.0
594,-0.0462,-0.7202,-0.535,1.3598,0.6348,2.0,3.0,1.0,5.0,1.0,3.0,4.0,1.0,4.0,2.0,2.0,4.0,1.0,5.0,1.0,1.0,3.0
595,-2.4083,-1.2786,-0.8166,-0.2381,-1.5106,1.0,1.0,1.0,1.0,3.0,1.0,4.0,4.0,5.0,1.0,4.0,1.0,2.0,1.0,1.0,1.0,1.0
596,-1.2273,0.3967,0.0282,-1.0371,-0.5911,4.0,1.0,1.0,2.0,1.0,4.0,3.0,1.0,1.0,4.0,4.0,2.0,2.0,2.0,2.0,5.0,1.0
597,-0.3415,0.1175,0.8729,-1.5697,-0.2846,4.0,2.0,2.0,2.0,2.0,5.0,5.0,2.0,3.0,4.0,2.0,2.0,4.0,3.0,3.0,3.0,2.0
598,-0.0462,0.9551,0.5913,-0.7708,0.3283,4.0,2.0,3.0,2.0,1.0,3.0,4.0,2.0,4.0,4.0,3.0,3.0,3.0,2.0,5.0,3.0,2.0
599,0.5443,-0.9994,0.8729,-1.3034,-0.2846,5.0,3.0,4.0,2.0,2.0,5.0,4.0,3.0,3.0,4.0,4.0,2.0,4.0,4.0,2.0,3.0,1.0
600,-0.0462,-0.7202,-1.0982,0.2945,1.2478,2.0,1.0,1.0,5.0,3.0,4.0,4.0,4.0,3.0,5.0,5.0,2.0,2.0,4.0,1.0,4.0,1.0
601,1.7254,-1.5578,0.0282,0.0282,0.3283,1.0,4.0,3.0,4.0,3.0,2.0,4.0,1.0,2.0,1.0,1.0,4.0,5.0,5.0,4.0,1.0,2.0
602,1.7254,-0.4409,1.9993,-0.5044,-0.5911,4.0,2.0,3.0,2.0,2.0,5.0,4.0,4.0,2.0,3.0,1.0,4.0,4.0,3.0,3.0,3.0,1.0
603,0.2491,0.9551,-0.2534,-0.5044,0.9413,3.0,2.0,2.0,3.0,4.0,4.0,4.0,2.0,2.0,5.0,3.0,4.0,2.0,4.0,4.0,4.0,2.0
604,0.8396,0.3967,-0.2534,1.6262,0.9413,3.0,2.0,2.0,1.0,3.0,4.0,4.0,1.0,5.0,4.0,4.0,2.0,2.0,5.0,2.0,1.0,1.0
605,-0.3415,1.5136,0.3097,-1.0371,1.8608,1.0,5.0,5.0,2.0,3.0,3.0,5.0,3.0,4.0,1.0,3.0,3.0,4.0,1.0,1.0,1.0,2.0
606,-0.932,0.1175,0.5913,-1.5697,0.0218,3.0,2.0,1.0,2.0,2.0,5.0,4.0,1.0,2.0,2.0,1.0,2.0,3.0,2.0,2.0,1.0,2.0
607,-0.3415,0.1175,-0.2534,0.2945,-0.2846,3.0,1.0,3.0,3.0,3.0,4.0,3.0,3.0,3.0,1.0,3.0,3.0,4.0,1.0,4.0,1.0,2.0
608,-0.0462,-0.7202,-0.535,-0.7708,0.0218,2.0,4.0,2.0,4.0,2.0,5.0,1.0,2.0,4.0,4.0,4.0,4.0,4.0,4.0,4.0,1.0,5.0
609,0.2491,1.2344,0.5913,1.3598,-0.5911,3.0,2.0,2.0,5.0,2.0,3.0,3.0,2.0,2.0,5.0,2.0,3.0,2.0,3.0,2.0,4.0,3.0
610,-0.932,-1.5578,0.5913,-0.5044,0.0218,3.0,2.0,2.0,3.0,2.0,4.0,5.0,4.0,2.0,2.0,2.0,4.0,5.0,4.0,2.0,3.0,2.0
611,0.5443,0.3967,-1.6614,0.0282,-0.2846,3.0,2.0,1.0,1.0,1.0,5.0,3.0,1.0,1.0,3.0,2.0,1.0,2.0,1.0,1.0,3.0,1.0
612,0.2491,-0.1617,0.0282,-1.0371,-1.5106,5.0,1.0,1.0,3.0,2.0,3.0,4.0,3.0,3.0,4.0,4.0,3.0,2.0,3.0,5.0,5.0,3.0
613,-0.3415,-0.1617,-1.0982,0.5609,0.3283,3.0,2.0,2.0,2.0,1.0,3.0,4.0,3.0,1.0,5.0,2.0,4.0,3.0,4.0,4.0,3.0,1.0
614,1.1349,2.3512,-0.535,1.6262,-0.2846,4.0,1.0,1.0,3.0,2.0,4.0,4.0,1.0,1.0,1.0,4.0,5.0,3.0,1.0,2.0,5.0,1.0
615,-0.932,-0.4409,0.3097,0.5609,-0.2846,3.0,3.0,1.0,5.0,4.0,4.0,5.0,2.0,3.0,2.0,2.0,5.0,3.0,5.0,3.0,3.0,2.0
616,-1.2273,-1.2786,1.4361,-0.7708,-1.8171,4.0,1.0,5.0,4.0,1.0,3.0,5.0,3.0,2.0,1.0,4.0,3.0,5.0,1.0,4.0,4.0,1.0
617,0.2491,0.6759,-1.0982,2.1588,1.8608,3.0,2.0,4.0,5.0,5.0,3.0,4.0,1.0,1.0,1.0,2.0,2.0,1.0,1.0,5.0,1.0,5.0
618,-0.932,0.6759,0.3097,0.0282,1.2478,5.0,4.0,2.0,5.0,5.0,5.0,5.0,1.0,1.0,5.0,5.0,5.0,1.0,3.0,5.0,1.0,5.0
619,-0.0462,-0.1617,1.1545,-0.7708,-0.2846,3.0,3.0,1.0,5.0,4.0,3.0,3.0,2.0,2.0,3.0,2.0,3.0,3.0,2.0,3.0,2.0,5.0
620,0.5443,-0.9994,0.3097,1.0935,-1.8171,2.0,1.0,1.0,5.0,2.0,4.0,4.0,1.0,3.0,4.0,1.0,1.0,3.0,3.0,2.0,2.0,1.0
621,-0.6367,0.3967,-0.8166,-1.836,0.3283,4.0,1.0,2.0,2.0,2.0,1.0,3.0,4.0,1.0,1.0,1.0,1.0,2.0,5.0,2.0,5.0,1.0
622,0.5443,-0.1617,0.8729,0.2945,1.5543,5.0,4.0,4.0,5.0,5.0,5.0,4.0,2.0,4.0,3.0,4.0,4.0,5.0,3.0,3.0,4.0,3.0
623,-0.6367,-0.9994,-0.535,-1.836,0.3283,2.0,3.0,3.0,1.0,1.0,1.0,2.0,2.0,3.0,5.0,4.0,3.0,2.0,1.0,1.0,1.0,1.0
624,0.2491,-0.1617,-1.0982,0.0282,-0.8976,3.0,1.0,2.0,1.0,2.0,5.0,5.0,2.0,1.0,4.0,2.0,2.0,4.0,1.0,2.0,1.0,1.0
625,2.0207,0.3967,-0.8166,-0.7708,-0.2846,5.0,3.0,2.0,3.0,3.0,5.0,2.0,1.0,3.0,4.0,1.0,2.0,4.0,3.0,5.0,2.0,1.0
626,-0.6367,0.1175,0.0282,-0.5044,-0.2846,4.0,2.0,2.0,1.0,1.0,3.0,3.0,2.0,1.0,4.0,4.0,4.0,2.0,2.0,3.0,4.0,2.0
627,-0.932,0.1175,-1.3798,-1.0371,-2.4301,4.0,4.0,3.0,1.0,4.0,2.0,1.0,1.0,1.0,1.0,2.0,3.0,3.0,4.0,3.0,2.0,1.0
628,-1.2273,-1.2786,0.0282,-0.7708,-0.2846,3.0,1.0,1.0,2.0,2.0,3.0,5.0,5.0,5.0,4.0,4.0,3.0,3.0,3.0,3.0,2.0,1.0
629,-0.932,-2.3955,1.4361,-0.5044,0.6348,5.0,3.0,2.0,2.0,2.0,4.0,4.0,1.0,1.0,5.0,3.0,2.0,2.0,2.0,5.0,3.0,2.0
630,0.8396,0.3967,-0.8166,-1.0371,2.4738,4.0,1.0,3.0,2.0,3.0,5.0,4.0,3.0,2.0,4.0,5.0,4.0,4.0,2.0,5.0,5.0,1.0
631,1.7254,1.5136,0.5913,0.8272,0.9413,5.0,2.0,1.0,4.0,5.0,4.0,5.0,3.0,2.0,2.0,2.0,3.0,2.0,3.0,5.0,3.0,3.0
632,-0.6367,0.3967,1.1545,-1.3034,0.3283,4.0,3.0,2.0,2.0,2.0,4.0,3.0,3.0,2.0,5.0,2.0,2.0,3.0,3.0,2.0,4.0,2.0
633,0.5443,-0.4409,1.9993,-1.836,0.6348,3.0,5.0,3.0,1.0,1.0,4.0,3.0,1.0,1.0,2.0,3.0,3.0,2.0,1.0,3.0,1.0,1.0
634,1.1349,-0.7202,0.5913,0.5609,-0.5911,3.0,4.0,2.0,4.0,4.0,4.0,3.0,2.0,2.0,4.0,3.0,4.0,3.0,4.0,3.0,2.0,3.0
635,0.5443,-1.837,-0.8166,0.5609,-1.5106,4.0,4.0,2.0,3.0,4.0,4.0,4.0,1.0,1.0,2.0,4.0,4.0,4.0,1.0,4.0,1.0,2.0
636,1.7254,0.1175,1.7177,-1.0371,-0.5911,3.0,5.0,4.0,3.0,3.0,4.0,4.0,1.0,4.0,5.0,5.0,3.0,5.0,5.0,5.0,3.0,4.0
637,0.2491,0.3967,1.7177,0.8272,0.3283,2.0,3.0,2.0,4.0,3.0,5.0,5.0,2.0,5.0,2.0,1.0,2.0,2.0,1.0,1.0,2.0,3.0
638,-1.2273,-0.7202,-0.2534,-0.2381,0.0218,3.0,3.0,2.0,2.0,5.0,5.0,5.0,3.0,5.0,4.0,4.0,3.0,4.0,3.0,3.0,1.0,3.0
639,-2.1131,0.1175,-1.0982,-0.2381,-0.5911,2.0,1.0,2.0,1.0,1.0,1.0,5.0,5.0,3.0,1.0,2.0,5.0,5.0,5.0,1.0,1.0,1.0
640,0.8396,0.6759,-0.8166,0.8272,0.0218,5.0,2.0,2.0,4.0,3.0,5.0,5.0,4.0,5.0,5.0,2.0,1.0,1.0,1.0,1.0,1.0,1.0
641,-0.3415,-1.2786,-1.0982,-2.1024,-0.2846,3.0,3.0,3.0,3.0,3.0,4.0,3.0,2.0,2.0,5.0,4.0,3.0,3.0,3.0,3.0,3.0,3.0
642,-1.2273,1.7928,-1.3798,0.0282,-1.2041,4.0,4.0,2.0,5.0,5.0,3.0,3.0,2.0,2.0,2.0,2.0,1.0,1.0,3.0,3.0,3.0,5.0
643,1.4302,0.9551,0.0282,1.3598,-0.2846,4.0,2.0,1.0,3.0,3.0,4.0,5.0,1.0,1.0,4.0,1.0,3.0,4.0,1.0,5.0,2.0,4.0
644,-0.0462,0.3967,0.5913,0.5609,1.2478,3.0,3.0,2.0,2.0,2.0,5.0,4.0,2.0,2.0,4.0,4.0,2.0,2.0,1.0,3.0,1.0,2.0
645,-0.0462,0.1175,-0.2534,0.2945,0.6348,4.0,2.0,1.0,4.0,4.0,3.0,2.0,1.0,1.0,4.0,2.0,3.0,2.0,4.0,4.0,5.0,3.0
646,-0.3415,-2.1162,1.7177,-1.5697,-0.8976,3.0,1.0,2.0,3.0,4.0,4.0,4.0,1.0,1.0,3.0,2.0,2.0,3.0,1.0,3.0,2.0,2.0
647,-0.0462,-0.4409,-0.8166,-0.5044,-1.2041,3.0,1.0,3.0,5.0,4.0,5.0,3.0,1.0,1.0,5.0,2.0,4.0,5.0,3.0,5.0,1.0,1.0
648,2.316,0.1175,0.5913,-0.5044,0.3283,5.0,5.0,2.0,2.0,5.0,4.0,3.0,1.0,1.0,3.0,2.0,2.0,4.0,1.0,5.0,2.0,2.0
649,0.2491,-0.4409,-0.8166,0.2945,0.6348,5.0,2.0,2.0,2.0,2.0,3.0,3.0,3.0,3.0,4.0,4.0,4.0,4.0,3.0,3.0,2.0,2.0
650,0.2491,-0.4409,0.0282,-1.3034,0.0218,4.0,1.0,1.0,1.0,2.0,4.0,2.0,1.0,1.0,4.0,2.0,1.0,2.0,1.0,2.0,3.0,1.0
651,0.5443,0.6759,0.3097,-0.5044,-1.2041,4.0,2.0,2.0,3.0,2.0,3.0,3.0,2.0,2.0,4.0,3.0,3.0,3.0,3.0,4.0,4.0,3.0
652,-1.5225,1.2344,0.3097,-0.5044,-1.2041,3.0,2.0,1.0,3.0,1.0,5.0,4.0,1.0,1.0,1.0,1.0,1.0,2.0,1.0,2.0,1.0,1.0
653,0.2491,0.1175,-0.2534,0.5609,1.2478,3.0,2.0,2.0,3.0,2.0,3.0,5.0,5.0,2.0,1.0,3.0,4.0,5.0,2.0,4.0,1.0,4.0
654,-0.3415,0.1175,0.8729,-1.3034,0.3283,4.0,3.0,2.0,3.0,2.0,5.0,3.0,2.0,1.0,3.0,2.0,2.0,2.0,2.0,4.0,3.0,2.0
655,-0.3415,-0.4409,-0.2534,0.0282,0.9413,3.0,2.0,2.0,2.0,2.0,3.0,5.0,3.0,4.0,3.0,4.0,2.0,3.0,3.0,2.0,4.0,1.0
656,1.4302,1.2344,-0.535,2.1588,1.8608,2.0,2.0,2.0,4.0,2.0,2.0,5.0,3.0,3.0,2.0,1.0,4.0,4.0,3.0,1.0,1.0,4.0
657,0.5443,0.6759,-1.943,0.2945,1.5543,4.0,1.0,1.0,1.0,3.0,5.0,3.0,1.0,2.0,4.0,2.0,1.0,2.0,2.0,2.0,1.0,1.0
658,0.2491,0.3967,1.4361,-0.7708,0.3283,5.0,2.0,2.0,3.0,2.0,2.0,2.0,2.0,1.0,5.0,2.0,3.0,2.0,3.0,2.0,4.0,1.0
659,0.5443,-0.7202,-0.2534,-1.0371,-0.2846,2.0,1.0,1.0,3.0,3.0,4.0,5.0,4.0,4.0,2.0,1.0,3.0,3.0,5.0,2.0,1.0,2.0
660,-0.3415,-1.2786,-1.6614,0.8272,0.6348,2.0,2.0,1.0,3.0,1.0,4.0,5.0,3.0,4.0,3.0,5.0,4.0,3.0,3.0,2.0,1.0,2.0
661,-0.3415,0.3967,0.3097,0.0282,-1.2041,3.0,1.0,1.0,2.0,3.0,3.0,1.0,1.0,1.0,2.0,1.0,1.0,1.0,1.0,1.0,2.0,1.0
662,0.5443,-0.7202,-0.2534,-0.5044,0.3283,3.0,2.0,2.0,1.0,3.0,4.0,4.0,1.0,1.0,3.0,4.0,1.0,3.0,1.0,1.0,2.0,2.0
663,-0.0462,-0.4409,-0.2534,0.0282,-0.5911,3.0,3.0,2.0,4.0,3.0,4.0,3.0,4.0,5.0,3.0,4.0,3.0,3.0,4.0,3.0,2.0,2.0
664,0.2491,1.7928,-0.2534,0.0282,0.3283,3.0,4.0,4.0,3.0,4.0,1.0,2.0,1.0,1.0,1.0,2.0,3.0,4.0,3.0,5.0,1.0,3.0
665,0.2491,0.3967,0.5913,1.0935,-0.2846,1.0,2.0,1.0,3.0,1.0,2.0,5.0,5.0,5.0,5.0,5.0,3.0,5.0,5.0,3.0,4.0,4.0
666,0.2491,-0.7202,-0.8166,1.3598,0.6348,2.0,1.0,2.0,2.0,2.0,2.0,5.0,3.0,2.0,1.0,1.0,1.0,4.0,5.0,1.0,1.0,1.0
667,-0.0462,0.6759,1.7177,-0.2381,0.0218,2.0,1.0,1.0,5.0,3.0,1.0,2.0,1.0,3.0,5.0,4.0,4.0,1.0,2.0,2.0,1.0,2.0
668,-0.932,1.2344,0.0282,1.6262,0.0218,1.0,2.0,3.0,4.0,2.0,2.0,5.0,5.0,1.0,2.0,2.0,4.0,5.0,5.0,4.0,1.0,2.0
669,-0.0462,-0.9994,-0.2534,0.2945,-1.5106,4.0,2.0,3.0,3.0,4.0,3.0,3.0,3.0,4.0,4.0,3.0,3.0,3.0,4.0,4.0,4.0,2.0
670,0.2491,-0.7202,0.8729,0.2945,-0.8976,3.0,2.0,2.0,2.0,3.0,3.0,3.0,3.0,1.0,2.0,3.0,3.0,2.0,2.0,5.0,2.0,2.0
671,1.4302,1.2344,-0.535,0.2945,1.8608,3.0,3.0,3.0,2.0,3.0,3.0,3.0,1.0,1.0,4.0,4.0,4.0,4.0,4.0,4.0,4.0,3.0
672,-1.5225,-0.1617,-0.8166,0.0282,0.0218,2.0,4.0,2.0,5.0,5.0,4.0,4.0,2.0,2.0,1.0,1.0,3.0,2.0,3.0,3.0,1.0,5.0
673,-1.5225,-0.1617,-0.8166,0.8272,-0.2846,2.0,2.0,1.0,3.0,4.0,5.0,4.0,2.0,1.0,3.0,2.0,4.0,4.0,3.0,4.0,1.0,4.0
674,-0.3415,0.1175,0.5913,-0.7708,-1.8171,3.0,3.0,1.0,3.0,1.0,3.0,5.0,3.0,3.0,4.0,1.0,1.0,3.0,1.0,3.0,1.0,1.0
675,0.8396,-0.1617,-1.3798,-0.5044,0.0218,3.0,3.0,3.0,3.0,5.0,5.0,4.0,2.0,1.0,2.0,2.0,2.0,3.0,1.0,3.0,3.0,2.0
676,-0.932,-0.9994,0.0282,-1.0371,-1.8171,2.0,2.0,1.0,2.0,2.0,1.0,2.0,2.0,1.0,2.0,1.0,2.0,1.0,5.0,2.0,2.0,2.0
677,-0.6367,-0.9994,0.8729,-1.3034,1.2478,3.0,2.0,1.0,3.0,3.0,4.0,3.0,2.0,3.0,3.0,3.0,2.0,3.0,1.0,4.0,1.0,1.0
678,-0.3415,1.7928,0.8729,1.3598,-0.2846,2.0,3.0,3.0,3.0,3.0,2.0,5.0,5.0,4.0,1.0,5.0,3.0,4.0,4.0,4.0,1.0,5.0
679,-0.932,-0.9994,-0.8166,1.6262,1.2478,2.0,2.0,1.0,2.0,2.0,1.0,5.0,2.0,5.0,3.0,5.0,4.0,5.0,5.0,2.0,3.0,1.0
680,0.5443,0.3967,0.3097,0.8272,0.9413,4.0,3.0,4.0,2.0,4.0,5.0,5.0,2.0,3.0,5.0,5.0,2.0,5.0,2.0,5.0,5.0,1.0
681,1.1349,0.3967,-0.535,1.8925,0.3283,4.0,3.0,2.0,4.0,4.0,3.0,5.0,5.0,4.0,4.0,5.0,4.0,3.0,4.0,4.0,4.0,4.0
682,-0.932,-1.5578,-0.535,-0.2381,-0.2846,4.0,2.0,3.0,3.0,3.0,4.0,4.0,3.0,4.0,3.0,4.0,3.0,4.0,3.0,2.0,5.0,2.0
683,0.2491,1.5136,-0.8166,0.0282,1.5543,2.0,5.0,5.0,3.0,3.0,5.0,5.0,4.0,3.0,3.0,3.0,3.0,5.0,1.0,5.0,1.0,1.0
684,0.5443,1.2344,0.8729,-1.5697,0.9413,5.0,1.0,1.0,2.0,3.0,5.0,4.0,1.0,2.0,4.0,2.0,2.0,3.0,2.0,4.0,1.0,1.0
685,0.8396,0.1175,-0.8166,0.8272,0.0218,3.0,2.0,3.0,3.0,4.0,4.0,3.0,2.0,3.0,4.0,3.0,4.0,4.0,1.0,4.0,3.0,2.0
686,-0.6367,-0.4409,-0.2534,-0.2381,-0.5911,4.0,4.0,4.0,4.0,3.0,4.0,4.0,3.0,3.0,3.0,3.0,3.0,3.0,3.0,3.0,3.0,3.0
687,0.2491,-0.4409,0.0282,0.8272,0.6348,3.0,1.0,2.0,3.0,3.0,3.0,5.0,4.0,4.0,5.0,3.0,3.0,5.0,3.0,2.0,1.0,1.0
688,-0.6367,0.6759,-0.8166,0.2945,0.9413,4.0,3.0,1.0,3.0,4.0,4.0,5.0,1.0,5.0,3.0,1.0,1.0,2.0,1.0,4.0,1.0,1.0
689,-0.3415,0.6759,0.8729,0.2945,0.9413,3.0,1.0,2.0,2.0,1.0,4.0,4.0,1.0,2.0,4.0,2.0,2.0,2.0,2.0,4.0,3.0,2.0
690,-0.932,-0.1617,0.3097,1.3598,-0.2846,4.0,1.0,2.0,3.0,2.0,2.0,4.0,1.0,3.0,3.0,3.0,3.0,4.0,4.0,3.0,3.0,2.0
691,2.0207,-0.9994,0.0282,-0.2381,2.4738,4.0,2.0,2.0,2.0,3.0,3.0,4.0,4.0,2.0,4.0,2.0,4.0,5.0,5.0,4.0,2.0,2.0
692,-0.3415,0.6759,1.9993,1.6262,-0.8976,2.0,3.0,3.0,3.0,3.0,4.0,5.0,5.0,4.0,4.0,3.0,4.0,4.0,4.0,2.0,2.0,2.0
693,-0.3415,0.3967,-1.0982,-1.0371,0.3283,3.0,2.0,2.0,3.0,2.0,4.0,3.0,2.0,1.0,4.0,3.0,3.0,3.0,3.0,4.0,4.0,1.0
694,1.1349,-0.1617,0.5913,1.0935,-0.2846,3.0,3.0,4.0,5.0,2.0,3.0,5.0,4.0,2.0,3.0,3.0,5.0,5.0,1.0,5.0,4.0,3.0
695,0.2491,-0.7202,0.0282,0.8272,0.6348,4.0,2.0,2.0,3.0,5.0,5.0,4.0,2.0,2.0,5.0,3.0,4.0,4.0,4.0,4.0,3.0,4.0
696,0.2491,-0.1617,-0.8166,-1.0371,-1.5106,3.0,5.0,3.0,1.0,5.0,5.0,3.0,1.0,1.0,3.0,1.0,3.0,3.0,1.0,3.0,3.0,1.0
697,-1.5225,-0.4409,-0.535,-0.5044,-1.5106,3.0,1.0,1.0,3.0,3.0,4.0,5.0,3.0,5.0,3.0,1.0,1.0,2.0,2.0,3.0,1.0,2.0
698,2.316,-1.5578,-1.3798,-0.2381,0.0218,5.0,4.0,1.0,3.0,3.0,5.0,3.0,1.0,1.0,5.0,5.0,3.0,2.0,2.0,5.0,2.0,2.0
699,1.1349,-1.2786,0.8729,-1.0371,-0.5911,4.0,3.0,1.0,2.0,3.0,5.0,3.0,1.0,2.0,3.0,3.0,2.0,2.0,1.0,5.0,2.0,1.0
700,-0.3415,-0.1617,0.8729,-1.0371,1.5543,3.0,3.0,2.0,1.0,1.0,1.0,4.0,2.0,1.0,4.0,2.0,1.0,2.0,1.0,4.0,1.0,1.0
701,0.2491,0.1175,0.5913,0.0282,2.1673,5.0,4.0,3.0,4.0,2.0,2.0,2.0,1.0,1.0,2.0,2.0,3.0,3.0,2.0,3.0,5.0,4.0
702,1.1349,0.3967,-0.8166,0.5609,-0.8976,1.0,3.0,3.0,5.0,2.0,4.0,5.0,5.0,2.0,1.0,1.0,2.0,3.0,3.0,3.0,1.0,4.0
703,1.1349,0.3967,2.2809,-1.0371,0.6348,3.0,3.0,3.0,3.0,2.0,3.0,4.0,4.0,4.0,3.0,5.0,3.0,3.0,3.0,3.0,1.0,2.0
704,0.8396,-0.9994,0.0282,-0.7708,0.6348,4.0,2.0,1.0,2.0,4.0,5.0,5.0,1.0,2.0,4.0,5.0,2.0,4.0,3.0,5.0,2.0,1.0
705,1.1349,0.1175,1.7177,1.6262,1.5543,5.0,1.0,2.0,4.0,3.0,3.0,5.0,3.0,4.0,3.0,5.0,4.0,4.0,5.0,3.0,3.0,2.0
706,1.4302,-0.7202,0.8729,-0.5044,-1.8171,4.0,2.0,3.0,3.0,4.0,5.0,4.0,2.0,1.0,4.0,3.0,2.0,1.0,3.0,2.0,3.0,2.0
707,-1.2273,1.5136,-0.8166,0.5609,0.0218,2.0,2.0,1.0,3.0,4.0,3.0,4.0,5.0,2.0,2.0,2.0,2.0,3.0,4.0,2.0,2.0,4.0
708,0.2491,-0.4409,0.0282,-0.7708,0.3283,2.0,1.0,1.0,2.0,3.0,5.0,3.0,1.0,1.0,5.0,4.0,1.0,1.0,4.0,1.0,4.0,1.0
709,1.4302,-0.7202,0.5913,-0.2381,2.4738,3.0,2.0,2.0,2.0,2.0,3.0,5.0,5.0,3.0,4.0,3.0,4.0,4.0,5.0,4.0,2.0,2.0
710,-0.3415,-1.5578,1.4361,0.0282,0.3283,4.0,3.0,3.0,2.0,2.0,5.0,4.0,1.0,2.0,4.0,5.0,3.0,2.0,2.0,2.0,1.0,1.0
711,-1.8178,1.2344,-0.8166,-1.0371,0.9413,3.0,3.0,4.0,2.0,2.0,4.0,4.0,2.0,3.0,2.0,4.0,2.0,4.0,1.0,4.0,1.0,1.0
712,0.2491,1.7928,1.4361,1.0935,-0.2846,2.0,2.0,2.0,2.0,4.0,4.0,3.0,1.0,1.0,1.0,1.0,3.0,2.0,2.0,4.0,1.0,3.0
713,2.0207,0.1175,-0.535,0.8272,-0.2846,3.0,4.0,4.0,3.0,3.0,3.0,4.0,1.0,5.0,4.0,5.0,5.0,5.0,5.0,4.0,2.0,2.0
714,0.8396,1.2344,0.0282,0.5609,-0.2846,5.0,3.0,3.0,1.0,3.0,3.0,5.0,1.0,1.0,4.0,5.0,1.0,3.0,3.0,3.0,3.0,1.0
715,-0.932,0.9551,1.1545,-0.7708,0.6348,2.0,3.0,3.0,3.0,4.0,2.0,5.0,5.0,4.0,1.0,4.0,3.0,3.0,2.0,3.0,1.0,3.0
716,-0.3415,1.2344,0.3097,0.5609,0.0218,2.0,4.0,5.0,5.0,3.0,2.0,3.0,2.0,1.0,4.0,5.0,3.0,3.0,2.0,2.0,3.0,3.0
717,0.2491,0.6759,0.0282,0.2945,0.3283,1.0,1.0,1.0,4.0,3.0,4.0,4.0,2.0,1.0,1.0,1.0,3.0,3.0,3.0,1.0,1.0,1.0
718,-0.6367,-0.9994,-0.535,0.2945,0.3283,3.0,2.0,2.0,4.0,3.0,5.0,5.0,4.0,5.0,2.0,3.0,5.0,3.0,3.0,2.0,2.0,4.0
719,-0.6367,-0.7202,0.8729,-1.0371,-0.5911,3.0,1.0,3.0,3.0,1.0,5.0,3.0,3.0,2.0,2.0,3.0,2.0,2.0,2.0,2.0,3.0,1.0
720,0.5443,0.6759,-0.535,1.0935,-1.5106,4.0,2.0,1.0,5.0,3.0,3.0,2.0,4.0,2.0,4.0,4.0,5.0,3.0,5.0,4.0,2.0,4.0
721,2.0207,-1.837,-0.2534,0.0282,1.5543,3.0,5.0,1.0,5.0,3.0,4.0,4.0,1.0,1.0,1.0,1.0,3.0,3.0,4.0,3.0,1.0,2.0
722,-0.0462,-1.2786,-1.943,0.2945,1.2478,3.0,3.0,2.0,5.0,3.0,5.0,5.0,2.0,2.0,4.0,3.0,5.0,4.0,5.0,5.0,2.0,2.0
723,0.2491,1.5136,-0.2534,0.5609,0.9413,4.0,2.0,3.0,3.0,4.0,5.0,4.0,1.0,1.0,2.0,1.0,4.0,3.0,2.0,2.0,1.0,2.0
724,-0.3415,0.1175,-0.8166,-1.5697,0.0218,5.0,3.0,3.0,2.0,5.0,5.0,3.0,2.0,2.0,3.0,3.0,3.0,4.0,2.0,5.0,2.0,3.0
725,-0.0462,-0.7202,0.5913,-0.2381,-2.1236,4.0,2.0,2.0,4.0,1.0,4.0,2.0,1.0,1.0,4.0,1.0,4.0,2.0,4.0,3.0,3.0,1.0
726,0.8396,1.5136,0.5913,-0.2381,1.2478,2.0,4.0,2.0,1.0,1.0,5.0,2.0,1.0,1.0,5.0,5.0,3.0,2.0,1.0,2.0,4.0,1.0
727,-0.0462,0.6759,0.5913,-1.836,0.0218,2.0,1.0,3.0,1.0,1.0,5.0,5.0,3.0,3.0,2.0,2.0,3.0,3.0,1.0,5.0,5.0,1.0
728,1.4302,-0.9994,-1.0982,0.8272,-1.2041,5.0,1.0,3.0,2.0,5.0,5.0,2.0,1.0,1.0,5.0,2.0,2.0,3.0,3.0,2.0,3.0,1.0
729,0.5443,1.2344,1.1545,0.2945,1.2478,2.0,2.0,2.0,5.0,4.0,4.0,5.0,4.0,3.0,4.0,4.0,3.0,5.0,4.0,3.0,3.0,3.0
730,-0.0462,-0.1617,-0.535,1.8925,-0.2846,1.0,2.0,1.0,3.0,3.0,1.0,5.0,5.0,5.0,3.0,3.0,4.0,2.0,4.0,1.0,1.0,2.0
731,0.8396,0.9551,0.0282,0.0282,-0.2846,3.0,2.0,2.0,3.0,2.0,4.0,4.0,1.0,2.0,4.0,3.0,4.0,4.0,5.0,3.0,2.0,2.0
732,1.7254,0.6759,0.3097,0.2945,-0.5911,2.0,1.0,1.0,4.0,2.0,3.0,3.0,2.0,2.0,4.0,3.0,4.0,3.0,2.0,3.0,2.0,2.0
733,0.8396,0.6759,-0.535,1.8925,1.2478,3.0,5.0,5.0,5.0,4.0,3.0,4.0,2.0,1.0,1.0,4.0,4.0,4.0,3.0,5.0,1.0,4.0
734,0.5443,0.1175,0.3097,-0.2381,-1.2041,3.0,4.0,5.0,5.0,5.0,3.0,2.0,2.0,1.0,1.0,2.0,3.0,3.0,2.0,4.0,1.0,5.0
735,-1.5225,1.5136,0.3097,-0.7708,1.5543,1.0,3.0,2.0,4.0,2.0,1.0,1.0,1.0,1.0,1.0,1.0,1.0,2.0,1.0,1.0,1.0,3.0
736,-0.0462,-0.7202,-0.8166,0.8272,0.3283,5.0,2.0,4.0,5.0,5.0,4.0,5.0,4.0,3.0,2.0,2.0,4.0,5.0,2.0,5.0,2.0,4.0
737,0.8396,-0.9994,-0.535,0.8272,-0.2846,3.0,2.0,1.0,3.0,4.0,3.0,4.0,2.0,1.0,1.0,1.0,4.0,5.0,4.0,4.0,3.0,2.0
738,1.7254,0.1175,-0.2534,-1.0371,-0.5911,4.0,1.0,1.0,1.0,1.0,3.0,5.0,4.0,2.0,5.0,1.0,1.0,4.0,1.0,1.0,2.0,2.0
739,1.1349,-0.1617,0.0282,0.2945,-0.5911,3.0,3.0,4.0,4.0,4.0,4.0,5.0,5.0,3.0,1.0,2.0,2.0,5.0,2.0,3.0,3.0,4.0
740,0.8396,-0.1617,0.8729,0.2945,-0.5911,5.0,2.0,2.0,2.0,2.0,4.0,4.0,2.0,1.0,5.0,2.0,3.0,3.0,3.0,3.0,2.0,1.0
741,1.1349,0.9551,-1.0982,0.5609,0.6348,3.0,5.0,1.0,5.0,3.0,3.0,3.0,1.0,1.0,1.0,2.0,5.0,4.0,4.0,4.0,1.0,5.0
742,2.0207,-1.2786,1.1545,1.6262,-0.5911,1.0,3.0,4.0,5.0,3.0,2.0,4.0,2.0,1.0,3.0,4.0,2.0,3.0,4.0,5.0,5.0,2.0
743,-0.6367,-0.4409,0.0282,-0.7708,-1.5106,2.0,2.0,2.0,2.0,2.0,2.0,4.0,4.0,4.0,3.0,3.0,3.0,3.0,4.0,2.0,1.0,1.0
744,-0.932,0.9551,-0.2534,0.5609,0.9413,2.0,3.0,2.0,5.0,4.0,2.0,5.0,4.0,5.0,1.0,3.0,3.0,5.0,5.0,3.0,2.0,3.0
745,0.2491,-0.4409,-0.535,-0.2381,0.3283,3.0,4.0,3.0,2.0,2.0,3.0,4.0,2.0,2.0,1.0,3.0,2.0,3.0,2.0,3.0,5.0,2.0
746,-0.6367,-0.4409,-1.3798,-1.5697,0.0218,3.0,1.0,2.0,3.0,3.0,4.0,5.0,2.0,3.0,1.0,3.0,3.0,4.0,4.0,4.0,2.0,2.0
747,0.5443,0.6759,-0.2534,1.0935,-1.8171,4.0,3.0,1.0,5.0,4.0,4.0,2.0,4.0,3.0,5.0,4.0,5.0,2.0,5.0,3.0,3.0,5.0
748,0.8396,-1.2786,0.3097,-0.5044,0.3283,3.0,3.0,3.0,5.0,4.0,3.0,4.0,4.0,5.0,3.0,3.0,3.0,3.0,3.0,3.0,3.0,3.0
749,-0.932,0.1175,0.3097,0.0282,-0.5911,2.0,4.0,4.0,1.0,1.0,1.0,5.0,3.0,3.0,1.0,1.0,3.0,5.0,5.0,1.0,1.0,1.0
750,0.8396,0.3967,0.8729,0.8272,1.2478,5.0,5.0,2.0,5.0,3.0,3.0,3.0,1.0,1.0,5.0,1.0,5.0,4.0,5.0,5.0,1.0,4.0
751,-0.3415,0.3967,0.0282,0.5609,-0.5911,2.0,4.0,1.0,5.0,5.0,5.0,5.0,3.0,4.0,1.0,2.0,3.0,3.0,3.0,4.0,2.0,5.0
752,0.8396,1.7928,-1.3798,0.5609,-0.2846,5.0,2.0,1.0,3.0,4.0,5.0,3.0,1.0,3.0,4.0,2.0,4.0,2.0,2.0,5.0,4.0,2.0
753,-0.0462,-1.5578,0.3097,0.5609,-0.5911,3.0,2.0,2.0,4.0,3.0,3.0,4.0,2.0,2.0,1.0,3.0,2.0,5.0,5.0,3.0,1.0,2.0
754,1.4302,-0.9994,1.9993,0.5609,-2.4301,2.0,1.0,3.0,2.0,1.0,4.0,3.0,2.0,3.0,4.0,3.0,3.0,3.0,2.0,4.0,3.0,3.0
755,0.2491,0.6759,-0.2534,0.8272,0.0218,2.0,2.0,3.0,3.0,3.0,3.0,5.0,5.0,4.0,1.0,4.0,4.0,5.0,2.0,3.0,1.0,1.0
756,1.1349,-0.1617,0.0282,0.8272,0.3283,3.0,2.0,4.0,3.0,3.0,4.0,5.0,5.0,5.0,2.0,5.0,3.0,4.0,4.0,3.0,4.0,2.0
757,1.4302,-0.4409,1.1545,1.3598,0.0218,5.0,3.0,3.0,5.0,5.0,2.0,3.0,1.0,2.0,5.0,5.0,5.0,3.0,2.0,5.0,5.0,3.0
758,-1.2273,0.3967,-0.8166,-0.7708,0.0218,4.0,1.0,1.0,2.0,1.0,3.0,1.0,1.0,1.0,3.0,1.0,1.0,2.0,2.0,1.0,5.0,1.0
759,1.1349,0.9551,-0.535,1.6262,1.5543,5.0,4.0,3.0,5.0,5.0,5.0,4.0,3.0,3.0,3.0,3.0,4.0,5.0,4.0,4.0,2.0,5.0
760,1.7254,0.6759,0.8729,0.2945,-0.2846,5.0,2.0,2.0,2.0,2.0,5.0,5.0,4.0,4.0,2.0,3.0,2.0,4.0,4.0,2.0,3.0,2.0
761,0.8396,-1.837,1.7177,-0.7708,-1.5106,3.0,1.0,1.0,1.0,1.0,4.0,1.0,1.0,2.0,5.0,5.0,1.0,1.0,3.0,1.0,2.0,1.0
762,1.1349,1.7928,1.9993,0.5609,0.9413,4.0,1.0,1.0,1.0,1.0,3.0,3.0,1.0,3.0,4.0,5.0,1.0,3.0,5.0,1.0,3.0,1.0
763,-0.0462,0.1175,-0.2534,1.0935,1.5543,3.0,2.0,1.0,3.0,3.0,3.0,5.0,3.0,5.0,1.0,1.0,3.0,3.0,4.0,1.0,3.0,3.0
764,-0.0462,0.9551,0.0282,0.8272,-0.2846,3.0,1.0,2.0,3.0,4.0,5.0,3.0,1.0,2.0,2.0,2.0,3.0,3.0,2.0,4.0,1.0,3.0
765,-1.2273,0.3967,0.5913,0.8272,0.0218,2.0,1.0,2.0,4.0,3.0,4.0,5.0,5.0,5.0,2.0,2.0,3.0,5.0,4.0,2.0,2.0,1.0
766,0.2491,0.1175,-0.2534,-0.2381,1.5543,5.0,5.0,5.0,4.0,4.0,4.0,4.0,5.0,4.0,4.0,4.0,4.0,5.0,3.0,4.0,4.0,4.0
767,0.5443,-1.5578,0.8729,0.0282,-1.8171,2.0,3.0,4.0,3.0,3.0,2.0,2.0,5.0,2.0,2.0,2.0,3.0,4.0,4.0,3.0,2.0,3.0
768,-0.932,0.3967,0.3097,-1.3034,0.0218,3.0,1.0,2.0,3.0,1.0,4.0,3.0,2.0,2.0,5.0,3.0,3.0,3.0,3.0,3.0,3.0,1.0
769,-0.0462,-0.4409,-0.2534,1.0935,-0.5911,3.0,3.0,3.0,3.0,3.0,3.0,3.0,3.0,3.0,3.0,3.0,3.0,3.0,3.0,3.0,3.0,3.0
770,-1.2273,-0.1617,-0.2534,-0.2381,-0.2846,1.0,1.0,1.0,1.0,1.0,1.0,1.0,1.0,1.0,1.0,1.0,1.0,1.0,1.0,1.0,1.0,1.0
771,-0.932,-1.5578,-1.3798,-0.5044,-1.2041,2.0,4.0,4.0,4.0,2.0,3.0,5.0,5.0,4.0,2.0,3.0,2.0,3.0,2.0,2.0,1.0,4.0
772,1.1349,-1.5578,0.8729,-0.2381,-1.2041,3.0,1.0,2.0,4.0,3.0,4.0,2.0,1.0,1.0,4.0,1.0,1.0,4.0,2.0,4.0,1.0,2.0
773,1.7254,-0.9994,-0.2534,-0.7708,2.4738,4.0,2.0,2.0,2.0,2.0,3.0,5.0,5.0,3.0,4.0,3.0,5.0,4.0,4.0,4.0,2.0,2.0
774,1.4302,0.1175,0.5913,0.5609,-0.8976,2.0,1.0,1.0,4.0,3.0,2.0,2.0,1.0,1.0,2.0,2.0,3.0,3.0,2.0,3.0,1.0,4.0
775,1.1349,0.1175,-0.8166,1.8925,0.0218,2.0,1.0,1.0,4.0,3.0,3.0,4.0,1.0,2.0,4.0,2.0,2.0,3.0,4.0,4.0,5.0,4.0
776,1.1349,1.2344,-1.6614,0.2945,1.8608,3.0,5.0,1.0,3.0,3.0,4.0,5.0,1.0,1.0,3.0,1.0,3.0,5.0,2.0,5.0,5.0,3.0
777,-1.2273,0.3967,0.3097,-2.1024,0.0218,3.0,1.0,2.0,3.0,2.0,5.0,3.0,1.0,1.0,5.0,3.0,3.0,3.0,3.0,3.0,3.0,2.0
778,0.2491,-0.4409,-0.2534,-0.7708,-0.2846,2.0,1.0,1.0,1.0,3.0,5.0,2.0,1.0,1.0,3.0,2.0,1.0,2.0,1.0,1.0,1.0,1.0
779,1.7254,0.6759,1.1545,1.8925,1.2478,3.0,3.0,4.0,4.0,4.0,3.0,3.0,2.0,2.0,4.0,2.0,5.0,3.0,4.0,2.0,3.0,3.0
780,-0.6367,0.6759,0.8729,0.5609,1.2478,3.0,1.0,2.0,2.0,3.0,4.0,4.0,1.0,2.0,3.0,3.0,3.0,3.0,2.0,4.0,4.0,2.0
781,-0.6367,-0.9994,0.3097,0.5609,0.3283,4.0,1.0,2.0,3.0,2.0,3.0,3.0,1.0,1.0,1.0,1.0,4.0,4.0,1.0,3.0,2.0,3.0
782,0.5443,0.3967,0.3097,2.4251,1.5543,2.0,3.0,4.0,4.0,4.0,3.0,5.0,5.0,5.0,2.0,5.0,5.0,5.0,5.0,4.0,2.0,3.0
783,0.5443,-0.9994,-0.535,0.0282,0.6348,2.0,5.0,2.0,4.0,5.0,4.0,5.0,4.0,1.0,2.0,3.0,3.0,3.0,2.0,3.0,4.0,3.0
784,-0.3415,0.3967,0.3097,0.8272,0.0218,4.0,3.0,1.0,4.0,4.0,4.0,3.0,1.0,1.0,3.0,3.0,5.0,2.0,2.0,3.0,4.0,3.0
785,-0.932,0.1175,0.5913,-0.2381,0.3283,3.0,3.0,3.0,3.0,4.0,5.0,2.0,3.0,3.0,4.0,3.0,3.0,2.0,3.0,3.0,1.0,3.0
786,-0.0462,0.1175,0.5913,-0.5044,-0.2846,3.0,2.0,2.0,4.0,3.0,4.0,5.0,4.0,1.0,2.0,2.0,5.0,5.0,4.0,4.0,3.0,2.0
787,0.2491,-0.9994,0.0282,0.0282,-0.2846,2.0,2.0,1.0,2.0,4.0,5.0,2.0,2.0,1.0,5.0,3.0,2.0,3.0,3.0,3.0,3.0,1.0
788,0.5443,-0.1617,-0.2534,-0.7708,1.8608,2.0,1.0,2.0,3.0,3.0,4.0,3.0,2.0,3.0,4.0,4.0,2.0,2.0,4.0,3.0,1.0,2.0
789,2.316,1.2344,0.3097,0.8272,0.6348,4.0,3.0,3.0,5.0,3.0,5.0,4.0,1.0,2.0,4.0,1.0,1.0,1.0,3.0,3.0,4.0,4.0
790,-1.2273,-0.7202,-1.0982,0.2945,-2.4301,3.0,2.0,2.0,4.0,1.0,2.0,5.0,5.0,4.0,2.0,1.0,1.0,5.0,5.0,1.0,4.0,1.0
791,-0.3415,-0.9994,-0.2534,0.8272,-0.8976,3.0,1.0,1.0,3.0,1.0,3.0,2.0,1.0,1.0,4.0,3.0,5.0,3.0,4.0,3.0,3.0,2.0
792,-0.0462,-0.4409,0.5913,-1.0371,0.3283,3.0,2.0,2.0,3.0,1.0,3.0,4.0,3.0,2.0,4.0,3.0,3.0,1.0,1.0,3.0,3.0,1.0
793,-0.3415,-0.4409,-0.8166,0.8272,0.0218,3.0,1.0,2.0,3.0,3.0,3.0,2.0,4.0,2.0,5.0,3.0,4.0,3.0,3.0,4.0,4.0,2.0
794,0.2491,0.9551,1.1545,-2.9013,-1.8171,3.0,1.0,1.0,1.0,1.0,5.0,2.0,1.0,1.0,5.0,1.0,1.0,1.0,1.0,1.0,1.0,1.0
795,1.4302,-0.1617,-1.0982,1.0935,-0.8976,5.0,1.0,5.0,1.0,5.0,1.0,5.0,1.0,5.0,1.0,5.0,1.0,5.0,1.0,5.0,1.0,5.0
796,0.2491,1.5136,0.3097,0.8272,-0.8976,3.0,2.0,2.0,4.0,3.0,5.0,1.0,4.0,3.0,4.0,4.0,2.0,4.0,3.0,4.0,2.0,3.0
797,-0.932,0.1175,0.3097,-2.1024,0.0218,5.0,1.0,2.0,3.0,4.0,2.0,2.0,1.0,1.0,5.0,2.0,2.0,2.0,2.0,1.0,3.0,1.0
798,1.4302,-0.1617,-0.2534,0.5609,-0.8976,3.0,2.0,1.0,4.0,3.0,4.0,5.0,3.0,3.0,3.0,3.0,2.0,2.0,3.0,2.0,2.0,2.0
799,-1.5225,0.9551,0.0282,0.8272,0.6348,1.0,2.0,3.0,4.0,5.0,2.0,4.0,5.0,4.0,1.0,1.0,2.0,4.0,4.0,2.0,2.0,4.0
800,-0.932,2.072,0.8729,-1.0371,-0.2846,4.0,1.0,1.0,2.0,4.0,4.0,3.0,1.0,4.0,4.0,1.0,1.0,3.0,1.0,1.0,1.0,1.0
801,1.1349,-2.1162,0.5913,-1.5697,-3.0431,5.0,1.0,1.0,1.0,1.0,4.0,5.0,3.0,2.0,1.0,1.0,1.0,5.0,3.0,1.0,4.0,1.0
802,2.0207,0.9551,1.1545,-0.2381,0.9413,5.0,3.0,2.0,2.0,2.0,5.0,4.0,4.0,3.0,5.0,3.0,1.0,3.0,3.0,2.0,4.0,2.0
803,-0.3415,0.1175,0.0282,-1.0371,1.8608,2.0,1.0,1.0,2.0,4.0,3.0,5.0,4.0,5.0,1.0,1.0,2.0,3.0,2.0,1.0,1.0,2.0
804,0.8396,-0.1617,0.5913,1.0935,-1.5106,4.0,1.0,1.0,4.0,4.0,5.0,5.0,3.0,4.0,4.0,4.0,4.0,4.0,2.0,2.0,2.0,2.0
805,1.1349,2.072,-0.8166,1.3598,0.9413,4.0,3.0,1.0,3.0,5.0,5.0,5.0,5.0,5.0,3.0,4.0,2.0,5.0,4.0,3.0,3.0,3.0
806,0.8396,-0.4409,0.3097,0.0282,-0.8976,1.0,1.0,1.0,1.0,1.0,1.0,1.0,1.0,1.0,1.0,1.0,1.0,1.0,1.0,1.0,1.0,1.0
807,-0.6367,-0.1617,0.3097,-0.5044,-0.8976,1.0,3.0,3.0,5.0,5.0,3.0,2.0,2.0,2.0,1.0,1.0,1.0,3.0,1.0,1.0,1.0,4.0
808,-0.3415,-0.1617,1.1545,-1.5697,-0.8976,3.0,1.0,2.0,3.0,2.0,5.0,5.0,3.0,4.0,3.0,2.0,1.0,2.0,2.0,2.0,3.0,1.0
809,-0.0462,0.3967,0.3097,-0.2381,0.6348,4.0,1.0,1.0,2.0,1.0,2.0,2.0,2.0,1.0,4.0,1.0,1.0,3.0,1.0,1.0,1.0,1.0
810,-0.3415,-0.7202,0.3097,1.3598,0.6348,2.0,3.0,4.0,5.0,5.0,1.0,5.0,5.0,3.0,1.0,3.0,4.0,5.0,4.0,2.0,1.0,5.0
811,0.2491,-0.1617,-0.8166,1.8925,1.2478,2.0,3.0,3.0,4.0,2.0,3.0,5.0,4.0,4.0,3.0,2.0,3.0,4.0,4.0,2.0,1.0,4.0
812,0.5443,-0.1617,-1.3798,-2.1024,-0.5911,1.0,1.0,1.0,1.0,1.0,1.0,1.0,1.0,1.0,2.0,1.0,1.0,2.0,1.0,1.0,1.0,1.0
813,0.8396,0.1175,0.8729,-1.836,-0.2846,2.0,1.0,1.0,1.0,1.0,2.0,2.0,3.0,1.0,2.0,1.0,1.0,3.0,1.0,1.0,1.0,1.0
814,1.1349,0.9551,-0.8166,1.6262,-0.5911,4.0,3.0,1.0,5.0,4.0,4.0,3.0,2.0,3.0,5.0,4.0,3.0,3.0,1.0,2.0,5.0,4.0
815,1.1349,-1.2786,1.9993,0.8272,0.0218,2.0,3.0,4.0,3.0,1.0,2.0,5.0,5.0,3.0,5.0,4.0,4.0,5.0,2.0,4.0,2.0,2.0
816,0.5443,1.5136,0.3097,0.8272,0.9413,3.0,3.0,1.0,4.0,3.0,4.0,5.0,5.0,5.0,4.0,4.0,5.0,5.0,5.0,4.0,3.0,2.0
817,-0.3415,-0.4409,-1.6614,-2.3687,-1.5106,1.0,1.0,1.0,1.0,2.0,5.0,5.0,2.0,2.0,5.0,4.0,4.0,5.0,1.0,1.0,1.0,2.0
818,0.2491,0.1175,1.4361,-0.7708,0.6348,3.0,3.0,1.0,4.0,1.0,4.0,4.0,4.0,3.0,2.0,1.0,1.0,3.0,3.0,1.0,4.0,1.0
819,0.5443,-0.9994,1.4361,-0.5044,-0.5911,3.0,1.0,2.0,2.0,1.0,4.0,2.0,1.0,2.0,3.0,2.0,1.0,1.0,2.0,5.0,2.0,1.0
820,0.2491,-0.9994,1.9993,-0.2381,-1.5106,2.0,2.0,2.0,4.0,5.0,3.0,5.0,2.0,2.0,4.0,4.0,4.0,4.0,5.0,3.0,1.0,4.0
821,-1.8178,0.6759,-1.6614,0.8272,-0.8976,2.0,2.0,2.0,5.0,4.0,4.0,5.0,5.0,5.0,1.0,3.0,4.0,5.0,5.0,2.0,1.0,4.0
822,-0.6367,-1.5578,0.8729,-0.5044,0.3283,3.0,1.0,1.0,2.0,3.0,5.0,4.0,1.0,3.0,5.0,4.0,3.0,3.0,3.0,4.0,1.0,2.0
823,-1.8178,0.6759,0.0282,-0.7708,-1.2041,3.0,2.0,2.0,3.0,1.0,3.0,2.0,1.0,1.0,5.0,2.0,2.0,1.0,3.0,3.0,3.0,1.0
824,-0.932,1.7928,0.8729,-0.5044,0.0218,1.0,1.0,2.0,5.0,1.0,3.0,5.0,3.0,2.0,1.0,3.0,2.0,5.0,3.0,2.0,1.0,5.0
825,-1.8178,0.6759,-0.535,-0.2381,-0.8976,1.0,3.0,1.0,4.0,2.0,2.0,5.0,4.0,2.0,1.0,2.0,2.0,2.0,4.0,2.0,1.0,2.0
826,-0.6367,0.1175,-1.3798,0.8272,-0.8976,3.0,3.0,1.0,4.0,4.0,4.0,5.0,3.0,3.0,3.0,3.0,5.0,5.0,3.0,4.0,1.0,4.0
827,0.5443,0.1175,-0.2534,0.5609,0.3283,3.0,4.0,3.0,4.0,5.0,4.0,5.0,3.0,3.0,2.0,4.0,3.0,5.0,5.0,2.0,1.0,2.0
828,-1.8178,-0.1617,-0.2534,-1.0371,0.9413,4.0,1.0,2.0,1.0,2.0,4.0,5.0,3.0,4.0,5.0,2.0,1.0,3.0,3.0,4.0,4.0,1.0
829,0.2491,1.2344,-0.8166,1.6262,1.8608,1.0,2.0,2.0,5.0,4.0,3.0,5.0,5.0,4.0,3.0,2.0,4.0,4.0,4.0,2.0,1.0,3.0
830,0.8396,0.1175,-0.8166,1.3598,1.2478,4.0,2.0,1.0,3.0,2.0,4.0,3.0,1.0,1.0,5.0,4.0,4.0,3.0,3.0,5.0,2.0,3.0
831,1.1349,0.6759,0.3097,1.0935,-0.2846,4.0,2.0,4.0,4.0,4.0,5.0,4.0,3.0,4.0,5.0,4.0,4.0,5.0,3.0,4.0,3.0,4.0
832,-0.6367,-0.1617,-1.3798,0.8272,1.5543,3.0,4.0,5.0,5.0,5.0,2.0,5.0,3.0,4.0,1.0,4.0,4.0,5.0,3.0,4.0,1.0,5.0
833,0.2491,-0.9994,0.3097,1.3598,-2.7366,2.0,1.0,1.0,4.0,3.0,3.0,4.0,1.0,1.0,1.0,1.0,5.0,3.0,5.0,2.0,2.0,4.0
834,0.2491,0.6759,1.4361,0.2945,-0.5911,4.0,3.0,2.0,4.0,4.0,3.0,5.0,4.0,2.0,2.0,2.0,2.0,3.0,2.0,2.0,2.0,3.0
835,-0.0462,0.1175,0.5913,-1.5697,-1.2041,3.0,2.0,2.0,2.0,3.0,5.0,4.0,1.0,1.0,1.0,4.0,3.0,3.0,3.0,3.0,1.0,1.0
836,0.5443,-1.5578,1.4361,0.2945,-0.8976,2.0,1.0,1.0,2.0,3.0,4.0,5.0,5.0,5.0,4.0,3.0,5.0,4.0,3.0,1.0,1.0,3.0
837,1.7254,0.3967,0.8729,1.3598,-1.5106,4.0,3.0,2.0,5.0,3.0,2.0,5.0,5.0,4.0,2.0,4.0,5.0,5.0,4.0,5.0,1.0,3.0
838,1.4302,-1.837,1.4361,-1.3034,0.3283,4.0,1.0,1.0,1.0,2.0,5.0,4.0,1.0,1.0,4.0,5.0,3.0,4.0,4.0,4.0,2.0,1.0
839,0.2491,-0.7202,-1.0982,-0.7708,-1.2041,4.0,2.0,1.0,2.0,4.0,4.0,3.0,1.0,2.0,3.0,3.0,3.0,4.0,4.0,4.0,1.0,2.0
840,-0.0462,-0.7202,0.0282,-0.7708,0.9413,2.0,3.0,3.0,1.0,4.0,5.0,5.0,1.0,1.0,4.0,3.0,3.0,2.0,2.0,4.0,1.0,2.0
841,0.5443,-0.4409,-1.0982,-1.3034,-0.5911,4.0,3.0,3.0,2.0,1.0,4.0,4.0,3.0,4.0,5.0,2.0,2.0,2.0,3.0,2.0,5.0,1.0
842,-0.3415,2.072,1.1545,0.0282,1.2478,4.0,2.0,1.0,3.0,3.0,4.0,5.0,1.0,4.0,1.0,3.0,2.0,2.0,5.0,2.0,2.0,1.0
843,1.1349,0.1175,-0.535,1.3598,0.0218,4.0,2.0,3.0,3.0,3.0,4.0,4.0,2.0,2.0,5.0,3.0,2.0,2.0,1.0,3.0,3.0,2.0
844,0.8396,1.7928,0.3097,1.8925,0.9413,2.0,5.0,4.0,5.0,5.0,2.0,3.0,2.0,3.0,2.0,3.0,5.0,4.0,4.0,3.0,4.0,5.0
845,-0.3415,-0.7202,-0.535,0.2945,0.0218,3.0,1.0,1.0,1.0,3.0,5.0,1.0,1.0,1.0,4.0,2.0,2.0,1.0,1.0,3.0,1.0,1.0
846,-0.0462,0.6759,-1.0982,-0.7708,0.3283,5.0,2.0,2.0,3.0,3.0,4.0,2.0,1.0,1.0,4.0,2.0,4.0,2.0,2.0,3.0,5.0,3.0
847,0.2491,-0.7202,-1.943,0.8272,-0.2846,3.0,4.0,2.0,5.0,5.0,5.0,5.0,2.0,2.0,1.0,4.0,4.0,5.0,5.0,2.0,1.0,4.0
848,0.8396,-1.2786,1.9993,-0.5044,-2.4301,2.0,1.0,1.0,3.0,1.0,3.0,5.0,3.0,4.0,1.0,4.0,2.0,3.0,5.0,1.0,2.0,1.0
849,0.8396,-1.5578,-0.8166,-0.7708,0.6348,1.0,4.0,4.0,5.0,3.0,2.0,2.0,1.0,1.0,1.0,2.0,4.0,2.0,1.0,3.0,1.0,5.0
850,-1.5225,0.3967,0.5913,0.2945,0.9413,4.0,1.0,2.0,3.0,4.0,4.0,2.0,1.0,1.0,4.0,4.0,3.0,3.0,1.0,1.0,1.0,1.0
851,1.4302,0.1175,0.3097,0.5609,-0.8976,3.0,1.0,1.0,2.0,2.0,2.0,2.0,1.0,2.0,5.0,3.0,2.0,2.0,2.0,2.0,5.0,1.0
852,0.2491,0.3967,1.7177,-0.5044,0.9413,2.0,1.0,2.0,2.0,1.0,2.0,2.0,1.0,1.0,5.0,3.0,2.0,2.0,2.0,3.0,3.0,1.0
853,1.1349,0.6759,-0.535,0.0282,1.2478,4.0,4.0,2.0,3.0,4.0,3.0,3.0,1.0,1.0,2.0,3.0,2.0,2.0,2.0,3.0,1.0,4.0
854,1.1349,-0.9994,0.0282,-0.5044,0.0218,4.0,2.0,1.0,1.0,2.0,3.0,3.0,1.0,1.0,5.0,3.0,3.0,2.0,2.0,2.0,1.0,1.0
855,-0.6367,0.3967,0.5913,0.2945,-0.5911,5.0,3.0,3.0,3.0,2.0,5.0,4.0,3.0,4.0,5.0,4.0,2.0,3.0,2.0,4.0,4.0,2.0
856,-0.0462,0.9551,0.3097,0.0282,0.6348,3.0,2.0,1.0,3.0,4.0,4.0,5.0,3.0,3.0,3.0,3.0,5.0,3.0,2.0,4.0,3.0,3.0
857,0.5443,-0.7202,0.8729,0.2945,0.3283,4.0,2.0,3.0,3.0,5.0,4.0,3.0,1.0,2.0,2.0,3.0,3.0,3.0,4.0,2.0,5.0,2.0
858,-0.3415,0.6759,0.5913,0.2945,-0.8976,3.0,3.0,2.0,5.0,3.0,2.0,3.0,3.0,1.0,1.0,5.0,5.0,5.0,3.0,1.0,1.0,1.0
859,-0.0462,0.1175,0.0282,-0.7708,-0.2846,4.0,4.0,2.0,3.0,3.0,4.0,3.0,2.0,2.0,5.0,3.0,3.0,3.0,2.0,3.0,4.0,2.0
860,-0.0462,-0.9994,0.3097,1.0935,0.3283,4.0,3.0,3.0,3.0,3.0,3.0,4.0,4.0,3.0,4.0,3.0,3.0,1.0,3.0,2.0,5.0,3.0
861,0.8396,-1.5578,1.7177,0.8272,-1.5106,3.0,2.0,1.0,3.0,1.0,3.0,5.0,1.0,2.0,1.0,3.0,3.0,3.0,4.0,1.0,2.0,1.0
862,0.8396,0.6759,1.9993,0.0282,0.6348,4.0,2.0,2.0,3.0,2.0,5.0,4.0,3.0,1.0,4.0,3.0,4.0,2.0,3.0,5.0,4.0,2.0
863,0.2491,0.1175,0.5913,0.2945,0.6348,3.0,2.0,2.0,4.0,4.0,3.0,2.0,1.0,1.0,2.0,2.0,3.0,3.0,4.0,1.0,5.0,2.0
864,-0.6367,-0.9994,0.5913,0.5609,0.0218,3.0,2.0,3.0,3.0,4.0,3.0,5.0,4.0,4.0,4.0,3.0,3.0,4.0,4.0,2.0,3.0,3.0
865,0.2491,0.1175,0.5913,-0.7708,-0.5911,4.0,3.0,2.0,3.0,4.0,3.0,4.0,2.0,3.0,4.0,2.0,1.0,2.0,4.0,3.0,2.0,2.0
866,-2.1131,0.9551,0.8729,1.0935,-1.5106,2.0,3.0,3.0,4.0,4.0,2.0,5.0,4.0,4.0,3.0,4.0,2.0,4.0,4.0,1.0,1.0,3.0
867,-1.5225,0.1175,0.8729,0.2945,0.0218,4.0,2.0,4.0,2.0,3.0,4.0,3.0,1.0,1.0,1.0,3.0,1.0,3.0,3.0,4.0,1.0,1.0
868,-0.3415,-0.9994,1.1545,-0.7708,-0.2846,3.0,4.0,3.0,2.0,4.0,4.0,4.0,3.0,2.0,5.0,2.0,2.0,3.0,1.0,3.0,2.0,2.0
869,-0.0462,-0.4409,-1.0982,1.3598,0.9413,2.0,1.0,2.0,5.0,4.0,4.0,5.0,3.0,3.0,2.0,1.0,3.0,5.0,5.0,2.0,1.0,1.0
870,-0.0462,0.6759,0.8729,-0.2381,-0.2846,4.0,2.0,1.0,2.0,1.0,5.0,3.0,3.0,2.0,3.0,1.0,1.0,1.0,2.0,3.0,4.0,1.0
871,1.1349,0.1175,-0.2534,1.3598,-1.2041,3.0,2.0,1.0,4.0,3.0,3.0,5.0,4.0,2.0,2.0,3.0,4.0,5.0,4.0,2.0,3.0,3.0
872,-0.6367,-1.2786,1.1545,-0.2381,-1.5106,2.0,3.0,1.0,3.0,3.0,3.0,5.0,3.0,2.0,2.0,2.0,3.0,2.0,5.0,1.0,4.0,1.0
873,-0.3415,-1.5578,0.8729,0.0282,-0.2846,4.0,2.0,2.0,3.0,3.0,3.0,4.0,2.0,1.0,3.0,3.0,3.0,3.0,3.0,2.0,4.0,3.0
874,-0.0462,-1.5578,1.1545,-1.5697,-1.8171,5.0,1.0,1.0,1.0,2.0,3.0,2.0,1.0,2.0,3.0,2.0,2.0,2.0,2.0,5.0,3.0,1.0
875,0.8396,-0.4409,0.0282,-0.7708,0.3283,3.0,1.0,1.0,1.0,3.0,3.0,2.0,1.0,1.0,4.0,1.0,1.0,1.0,3.0,1.0,4.0,1.0
876,1.7254,1.7928,0.0282,-0.7708,0.9413,3.0,1.0,2.0,3.0,1.0,4.0,1.0,1.0,1.0,5.0,5.0,4.0,4.0,1.0,3.0,3.0,1.0
877,2.0207,0.9551,0.8729,1.3598,1.5543,1.0,3.0,5.0,3.0,1.0,1.0,5.0,3.0,4.0,3.0,3.0,4.0,5.0,5.0,2.0,1.0,1.0
878,0.5443,1.2344,0.3097,1.0935,1.8608,2.0,2.0,2.0,4.0,5.0,4.0,4.0,2.0,2.0,5.0,4.0,4.0,4.0,3.0,2.0,4.0,3.0
879,0.2491,0.9551,0.5913,-0.2381,0.3283,5.0,1.0,4.0,2.0,1.0,2.0,4.0,5.0,3.0,2.0,1.0,2.0,4.0,4.0,2.0,5.0,2.0
880,-0.0462,-0.9994,0.8729,-1.5697,-0.8976,5.0,1.0,2.0,1.0,2.0,3.0,2.0,1.0,3.0,4.0,2.0,2.0,2.0,1.0,5.0,4.0,1.0
881,-0.6367,0.3967,0.0282,1.8925,1.8608,1.0,1.0,3.0,5.0,5.0,4.0,5.0,2.0,2.0,1.0,1.0,4.0,5.0,5.0,2.0,1.0,1.0
882,-0.3415,-0.9994,-1.0982,-0.2381,0.3283,4.0,1.0,1.0,2.0,1.0,2.0,4.0,3.0,5.0,3.0,2.0,2.0,3.0,2.0,1.0,4.0,1.0
883,-0.6367,-0.9994,-1.3798,0.5609,-0.2846,3.0,1.0,1.0,2.0,3.0,4.0,3.0,1.0,1.0,2.0,3.0,4.0,3.0,3.0,4.0,3.0,1.0
884,0.5443,-0.1617,-0.535,0.5609,-1.2041,4.0,2.0,1.0,4.0,1.0,4.0,5.0,3.0,4.0,3.0,4.0,4.0,4.0,5.0,1.0,4.0,1.0
885,0.2491,-1.837,1.4361,0.0282,1.2478,3.0,2.0,2.0,2.0,3.0,4.0,4.0,4.0,1.0,5.0,4.0,2.0,3.0,1.0,1.0,3.0,1.0
886,1.1349,-1.837,1.4361,-1.0371,-1.8171,3.0,2.0,1.0,3.0,1.0,3.0,4.0,5.0,4.0,1.0,1.0,1.0,3.0,4.0,1.0,2.0,1.0
887,-0.6367,0.1175,0.3097,-0.2381,-0.2846,3.0,2.0,4.0,3.0,3.0,2.0,5.0,3.0,2.0,4.0,3.0,2.0,3.0,2.0,1.0,3.0,2.0
888,1.1349,-0.1617,-0.2534,0.8272,1.5543,3.0,2.0,1.0,2.0,2.0,4.0,4.0,3.0,2.0,2.0,1.0,2.0,4.0,2.0,5.0,2.0,2.0
889,0.8396,0.1175,0.5913,1.3598,0.0218,3.0,3.0,4.0,5.0,3.0,3.0,4.0,3.0,2.0,2.0,3.0,3.0,5.0,4.0,2.0,2.0,2.0
890,-0.0462,0.3967,0.5913,-1.3034,-1.2041,5.0,1.0,2.0,3.0,2.0,4.0,3.0,1.0,1.0,4.0,2.0,2.0,3.0,1.0,1.0,4.0,1.0
891,-0.0462,-0.7202,-0.2534,-0.5044,-0.5911,4.0,3.0,2.0,1.0,3.0,4.0,4.0,2.0,2.0,2.0,4.0,1.0,3.0,2.0,2.0,3.0,1.0
892,-0.0462,-0.7202,0.5913,-0.7708,-1.2041,3.0,3.0,2.0,2.0,3.0,3.0,5.0,3.0,2.0,3.0,2.0,2.0,3.0,1.0,2.0,1.0,2.0
893,-0.3415,-1.2786,0.8729,-0.7708,-0.8976,2.0,3.0,4.0,3.0,2.0,2.0,4.0,3.0,2.0,4.0,3.0,2.0,3.0,2.0,2.0,3.0,4.0
894,1.4302,0.9551,0.8729,0.0282,1.5543,3.0,1.0,1.0,2.0,3.0,3.0,5.0,3.0,2.0,2.0,4.0,3.0,4.0,2.0,2.0,1.0,1.0
895,-0.6367,-1.837,-0.2534,-1.5697,-0.8976,4.0,2.0,3.0,2.0,2.0,3.0,3.0,1.0,2.0,4.0,3.0,3.0,2.0,1.0,2.0,3.0,2.0
896,0.2491,0.1175,1.4361,0.8272,-0.5911,2.0,3.0,4.0,3.0,4.0,2.0,5.0,3.0,3.0,1.0,2.0,4.0,4.0,4.0,3.0,1.0,2.0
897,-0.932,-0.7202,-0.2534,-0.5044,-1.2041,2.0,2.0,3.0,1.0,2.0,4.0,3.0,1.0,2.0,3.0,2.0,3.0,2.0,4.0,3.0,2.0,3.0
898,-0.3415,0.3967,0.0282,0.8272,1.2478,2.0,2.0,1.0,3.0,2.0,2.0,5.0,2.0,3.0,1.0,3.0,5.0,5.0,5.0,3.0,1.0,1.0
899,-0.0462,0.3967,0.5913,-0.5044,-0.5911,2.0,2.0,2.0,2.0,1.0,3.0,3.0,2.0,2.0,5.0,3.0,3.0,1.0,3.0,1.0,1.0,1.0
900,-1.5225,0.6759,-0.2534,0.0282,-1.2041,2.0,1.0,2.0,3.0,4.0,3.0,3.0,1.0,1.0,2.0,4.0,4.0,2.0,1.0,3.0,1.0,3.0
901,-0.932,2.3512,0.3097,-1.836,0.3283,1.0,2.0,2.0,2.0,2.0,3.0,3.0,1.0,2.0,1.0,2.0,3.0,3.0,2.0,2.0,1.0,2.0
902,-0.932,0.1175,1.4361,-1.0371,-0.2846,1.0,2.0,2.0,3.0,1.0,2.0,3.0,2.0,3.0,5.0,4.0,3.0,3.0,2.0,2.0,2.0,1.0
903,1.1349,1.2344,0.0282,-0.2381,-1.2041,2.0,4.0,3.0,2.0,1.0,1.0,5.0,5.0,4.0,2.0,3.0,5.0,4.0,4.0,3.0,1.0,1.0
904,0.5443,0.6759,1.1545,0.5609,0.0218,2.0,1.0,2.0,2.0,5.0,5.0,3.0,1.0,1.0,2.0,2.0,2.0,3.0,1.0,5.0,1.0,2.0
905,0.8396,-0.4409,1.4361,0.5609,0.6348,4.0,3.0,3.0,2.0,2.0,4.0,4.0,1.0,3.0,5.0,3.0,3.0,3.0,2.0,2.0,3.0,2.0
906,-0.0462,-1.5578,0.0282,-0.7708,0.6348,5.0,3.0,1.0,5.0,5.0,2.0,1.0,1.0,1.0,2.0,3.0,4.0,3.0,5.0,5.0,5.0,4.0
907,-0.0462,-0.7202,-1.0982,-0.5044,0.6348,4.0,3.0,2.0,2.0,3.0,5.0,3.0,2.0,3.0,3.0,3.0,2.0,2.0,1.0,3.0,1.0,1.0
908,0.2491,-0.4409,-0.535,-0.5044,-0.8976,3.0,2.0,3.0,2.0,1.0,4.0,4.0,3.0,3.0,2.0,2.0,3.0,2.0,2.0,2.0,3.0,2.0
909,-0.3415,-0.7202,-1.6614,0.5609,-0.8976,4.0,3.0,2.0,3.0,4.0,4.0,3.0,2.0,3.0,4.0,4.0,2.0,5.0,3.0,2.0,2.0,3.0
910,-0.0462,-0.1617,0.5913,1.3598,-0.5911,2.0,1.0,1.0,3.0,4.0,4.0,5.0,1.0,1.0,4.0,4.0,5.0,5.0,5.0,4.0,1.0,2.0
911,-0.6367,1.7928,-0.8166,0.2945,1.8608,2.0,2.0,1.0,4.0,5.0,3.0,5.0,5.0,4.0,1.0,1.0,3.0,4.0,5.0,4.0,1.0,5.0
912,-0.932,-0.1617,0.3097,-0.2381,-0.2846,4.0,2.0,1.0,1.0,1.0,4.0,3.0,2.0,4.0,3.0,3.0,2.0,4.0,2.0,3.0,3.0,2.0
913,-0.3415,-0.4409,-1.0982,1.6262,-0.8976,4.0,4.0,2.0,4.0,3.0,3.0,4.0,1.0,3.0,1.0,2.0,4.0,4.0,4.0,2.0,3.0,4.0
914,-0.932,-1.5578,-3.0693,1.3598,0.3283,2.0,3.0,1.0,5.0,3.0,3.0,5.0,4.0,4.0,2.0,3.0,4.0,5.0,5.0,5.0,2.0,4.0
915,-0.6367,-1.2786,0.3097,-0.2381,-0.8976,5.0,2.0,3.0,1.0,3.0,4.0,4.0,3.0,1.0,4.0,2.0,2.0,3.0,3.0,3.0,4.0,1.0
916,-2.7036,-2.1162,0.8729,-0.7708,-1.2041,2.0,2.0,1.0,3.0,1.0,3.0,5.0,4.0,4.0,1.0,3.0,3.0,5.0,4.0,1.0,1.0,1.0
917,-0.932,-0.9994,1.1545,-0.7708,-2.4301,2.0,2.0,2.0,3.0,2.0,2.0,5.0,4.0,4.0,2.0,2.0,2.0,4.0,4.0,2.0,3.0,2.0
918,-0.0462,0.9551,-0.535,0.8272,0.6348,2.0,2.0,1.0,2.0,4.0,4.0,5.0,5.0,5.0,3.0,4.0,3.0,3.0,2.0,4.0,1.0,3.0
919,0.8396,-0.7202,-1.0982,1.0935,0.3283,3.0,2.0,1.0,3.0,1.0,3.0,4.0,4.0,3.0,3.0,3.0,3.0,3.0,5.0,5.0,1.0,2.0
920,-0.6367,-0.7202,1.1545,-0.2381,-0.5911,3.0,3.0,3.0,3.0,5.0,3.0,4.0,3.0,3.0,2.0,3.0,3.0,5.0,1.0,3.0,1.0,3.0
921,-0.0462,-0.7202,0.5913,-1.3034,-0.2846,4.0,2.0,2.0,1.0,1.0,4.0,3.0,2.0,3.0,4.0,2.0,3.0,2.0,3.0,2.0,3.0,2.0
922,-0.0462,1.7928,0.5913,0.8272,1.5543,5.0,1.0,1.0,3.0,2.0,5.0,3.0,1.0,1.0,4.0,3.0,2.0,1.0,1.0,2.0,4.0,3.0
923,-0.3415,-0.7202,-1.6614,1.0935,-0.5911,2.0,2.0,1.0,5.0,2.0,4.0,4.0,2.0,5.0,3.0,1.0,4.0,5.0,5.0,2.0,3.0,3.0
924,0.2491,-1.2786,0.5913,0.5609,-0.5911,3.0,1.0,1.0,1.0,1.0,3.0,2.0,1.0,1.0,2.0,2.0,1.0,1.0,1.0,1.0,1.0,1.0
925,1.1349,0.1175,-0.535,0.2945,0.0218,4.0,3.0,3.0,2.0,4.0,3.0,2.0,1.0,1.0,3.0,3.0,4.0,3.0,2.0,5.0,2.0,3.0
926,-0.6367,0.3967,1.4361,-0.7708,-0.2846,3.0,2.0,2.0,2.0,2.0,2.0,4.0,3.0,3.0,1.0,2.0,2.0,2.0,5.0,2.0,1.0,2.0
927,0.8396,-0.9994,-1.3798,-0.2381,0.9413,5.0,1.0,1.0,1.0,1.0,5.0,3.0,1.0,2.0,4.0,4.0,1.0,2.0,3.0,1.0,3.0,1.0
928,-0.932,0.9551,0.3097,-0.2381,0.0218,4.0,2.0,2.0,5.0,3.0,4.0,3.0,2.0,2.0,4.0,4.0,2.0,4.0,3.0,4.0,3.0,3.0
929,0.8396,1.5136,1.4361,-0.2381,0.6348,3.0,5.0,1.0,4.0,2.0,4.0,2.0,3.0,4.0,2.0,5.0,2.0,3.0,5.0,3.0,3.0,3.0
930,-0.6367,-0.7202,-2.2246,-1.0371,0.3283,3.0,2.0,1.0,2.0,3.0,3.0,2.0,2.0,3.0,5.0,3.0,1.0,1.0,1.0,3.0,3.0,2.0
931,-0.0462,-0.7202,-0.535,-0.5044,-1.2041,4.0,2.0,2.0,1.0,3.0,4.0,3.0,4.0,3.0,2.0,3.0,2.0,3.0,1.0,2.0,2.0,3.0
932,1.1349,0.3967,0.3097,-1.0371,0.6348,4.0,2.0,2.0,1.0,3.0,5.0,3.0,2.0,1.0,4.0,3.0,2.0,2.0,1.0,3.0,4.0,2.0
933,0.2491,-1.5578,-0.8166,0.0282,1.5543,2.0,2.0,3.0,5.0,4.0,3.0,4.0,2.0,3.0,1.0,4.0,5.0,5.0,4.0,3.0,1.0,2.0
934,-0.3415,-0.4409,0.0282,0.5609,-0.2846,3.0,2.0,2.0,2.0,3.0,3.0,4.0,5.0,4.0,2.0,2.0,2.0,2.0,3.0,3.0,4.0,1.0
935,-0.0462,-1.837,-1.3798,-0.7708,-1.2041,3.0,1.0,1.0,1.0,2.0,5.0,2.0,1.0,1.0,2.0,1.0,1.0,1.0,1.0,3.0,1.0,1.0
936,-0.0462,0.1175,-0.8166,-1.0371,0.6348,2.0,3.0,2.0,3.0,1.0,4.0,3.0,4.0,4.0,2.0,3.0,4.0,3.0,2.0,3.0,3.0,2.0
937,-0.932,-0.9994,-2.2246,1.0935,-0.2846,4.0,1.0,1.0,5.0,4.0,5.0,5.0,4.0,5.0,4.0,5.0,5.0,5.0,5.0,5.0,2.0,5.0
938,-1.8178,-0.4409,-3.0693,1.8925,1.2478,2.0,5.0,1.0,5.0,1.0,4.0,5.0,2.0,4.0,4.0,1.0,3.0,5.0,5.0,1.0,5.0,3.0
939,-0.3415,0.6759,0.0282,1.0935,1.8608,4.0,1.0,4.0,5.0,3.0,4.0,4.0,1.0,2.0,1.0,2.0,3.0,4.0,3.0,4.0,4.0,2.0
940,-0.6367,-2.9539,-0.2534,-1.0371,-1.5106,2.0,1.0,1.0,3.0,3.0,3.0,3.0,1.0,1.0,4.0,3.0,5.0,2.0,2.0,1.0,5.0,1.0
941,0.2491,-2.1162,-0.2534,1.6262,-1.8171,3.0,2.0,1.0,2.0,2.0,4.0,4.0,3.0,3.0,4.0,5.0,4.0,4.0,4.0,3.0,1.0,1.0
942,-1.5225,-0.7202,-1.943,-0.7708,-0.5911,5.0,3.0,2.0,4.0,1.0,4.0,2.0,1.0,2.0,1.0,3.0,5.0,3.0,3.0,3.0,5.0,2.0
943,-0.3415,0.6759,0.5913,-0.7708,0.6348,3.0,2.0,1.0,5.0,2.0,3.0,4.0,1.0,4.0,4.0,4.0,4.0,3.0,3.0,3.0,2.0,2.0
944,-0.0462,-0.7202,-0.535,-0.5044,0.0218,3.0,3.0,2.0,4.0,3.0,5.0,4.0,1.0,1.0,2.0,1.0,3.0,3.0,2.0,3.0,2.0,3.0
945,0.5443,0.6759,0.8729,-0.7708,-1.8171,5.0,2.0,3.0,3.0,3.0,4.0,4.0,4.0,4.0,5.0,4.0,2.0,4.0,3.0,4.0,1.0,3.0
946,-0.3415,-0.4409,-1.0982,0.2945,-0.5911,2.0,1.0,2.0,4.0,3.0,3.0,5.0,5.0,5.0,2.0,1.0,4.0,5.0,4.0,2.0,2.0,3.0
947,-0.0462,0.1175,-0.535,-1.3034,-1.2041,3.0,1.0,1.0,2.0,1.0,3.0,3.0,3.0,2.0,4.0,3.0,2.0,1.0,2.0,1.0,1.0,1.0
948,1.1349,0.6759,-0.535,0.2945,0.9413,4.0,3.0,2.0,3.0,4.0,4.0,3.0,1.0,1.0,2.0,3.0,2.0,3.0,2.0,4.0,2.0,2.0
949,-0.932,-1.5578,-0.2534,-1.5697,-0.2846,3.0,2.0,3.0,1.0,2.0,3.0,4.0,3.0,3.0,2.0,3.0,3.0,3.0,2.0,3.0,2.0,1.0
950,-1.5225,-0.7202,-0.2534,-1.0371,-0.2846,2.0,3.0,2.0,4.0,2.0,4.0,5.0,5.0,5.0,4.0,4.0,3.0,4.0,2.0,2.0,3.0,3.0
951,1.1349,-1.837,-0.8166,-1.5697,-2.7366,4.0,1.0,1.0,1.0,1.0,4.0,3.0,2.0,2.0,4.0,5.0,3.0,5.0,4.0,1.0,5.0,1.0
952,-0.3415,0.1175,0.8729,-0.5044,0.6348,3.0,3.0,3.0,4.0,3.0,4.0,5.0,3.0,3.0,1.0,3.0,3.0,3.0,4.0,4.0,4.0,2.0
953,0.5443,0.1175,-1.3798,0.5609,0.0218,3.0,1.0,3.0,3.0,3.0,5.0,4.0,1.0,4.0,4.0,4.0,4.0,4.0,3.0,5.0,1.0,1.0
954,1.1349,-0.9994,-0.535,0.5609,1.5543,5.0,3.0,2.0,2.0,3.0,3.0,3.0,1.0,2.0,4.0,4.0,3.0,3.0,2.0,5.0,4.0,3.0
955,1.4302,1.5136,0.0282,-0.2381,0.0218,2.0,1.0,2.0,1.0,1.0,2.0,5.0,5.0,5.0,1.0,3.0,1.0,3.0,1.0,3.0,1.0,1.0
956,-1.2273,-1.2786,0.8729,-1.3034,-1.5106,3.0,1.0,4.0,3.0,4.0,4.0,4.0,3.0,3.0,3.0,3.0,4.0,4.0,1.0,1.0,1.0,2.0
957,-1.5225,-1.837,-0.2534,-1.5697,-0.2846,2.0,1.0,1.0,1.0,2.0,2.0,2.0,1.0,1.0,5.0,1.0,2.0,1.0,1.0,2.0,2.0,1.0
958,1.1349,0.9551,-0.2534,0.0282,0.0218,5.0,3.0,1.0,3.0,3.0,4.0,1.0,1.0,1.0,3.0,2.0,2.0,2.0,3.0,2.0,4.0,2.0
959,-1.8178,0.6759,-0.535,-1.0371,0.6348,3.0,2.0,3.0,4.0,4.0,4.0,3.0,2.0,4.0,2.0,5.0,4.0,5.0,4.0,3.0,1.0,2.0
960,1.1349,-0.1617,1.4361,0.8272,0.9413,4.0,4.0,1.0,5.0,1.0,3.0,5.0,5.0,5.0,3.0,3.0,5.0,2.0,5.0,1.0,1.0,4.0
961,-0.0462,0.1175,-0.535,0.5609,1.2478,4.0,4.0,1.0,3.0,4.0,5.0,3.0,1.0,1.0,5.0,4.0,3.0,2.0,3.0,4.0,4.0,3.0
962,-2.1131,0.9551,-1.0982,0.2945,0.6348,3.0,4.0,4.0,5.0,3.0,2.0,1.0,1.0,1.0,1.0,1.0,4.0,1.0,1.0,3.0,1.0,3.0
963,-0.0462,-1.2786,2.2809,-0.2381,0.3283,4.0,3.0,3.0,5.0,1.0,5.0,4.0,1.0,1.0,3.0,1.0,4.0,1.0,1.0,2.0,4.0,4.0
964,-0.3415,-0.4409,0.3097,0.5609,0.6348,3.0,2.0,3.0,3.0,3.0,3.0,5.0,5.0,5.0,3.0,4.0,3.0,4.0,5.0,3.0,2.0,4.0
965,2.0207,-1.5578,-1.943,1.3598,1.8608,5.0,3.0,3.0,3.0,5.0,5.0,5.0,2.0,4.0,1.0,3.0,2.0,5.0,2.0,5.0,4.0,3.0
966,2.316,0.1175,0.3097,1.3598,-1.2041,1.0,1.0,1.0,5.0,5.0,1.0,1.0,1.0,1.0,1.0,3.0,4.0,1.0,5.0,5.0,1.0,5.0
967,-0.3415,-0.1617,1.7177,1.0935,-0.2846,2.0,2.0,2.0,3.0,2.0,2.0,5.0,5.0,5.0,1.0,4.0,4.0,4.0,2.0,3.0,2.0,3.0
968,0.2491,1.2344,1.7177,-1.5697,-0.5911,3.0,2.0,2.0,3.0,3.0,4.0,3.0,2.0,1.0,5.0,3.0,3.0,3.0,2.0,2.0,3.0,2.0
969,0.8396,-2.1162,-0.535,-0.7708,-2.1236,2.0,1.0,2.0,3.0,2.0,4.0,5.0,4.0,3.0,2.0,2.0,3.0,4.0,3.0,2.0,1.0,1.0
970,-0.932,1.2344,-0.8166,1.3598,-1.5106,5.0,1.0,4.0,5.0,5.0,3.0,4.0,2.0,1.0,4.0,2.0,5.0,4.0,4.0,2.0,1.0,5.0
971,-1.8178,-0.9994,0.5913,0.5609,-1.2041,2.0,4.0,3.0,4.0,2.0,2.0,5.0,4.0,4.0,1.0,4.0,3.0,4.0,3.0,2.0,3.0,2.0
972,-0.0462,1.5136,0.0282,1.8925,-0.8976,3.0,3.0,3.0,3.0,4.0,3.0,5.0,2.0,4.0,1.0,3.0,3.0,5.0,5.0,3.0,2.0,2.0
973,-1.5225,1.5136,-1.3798,0.5609,0.3283,2.0,5.0,5.0,4.0,5.0,2.0,5.0,5.0,5.0,1.0,4.0,5.0,2.0,3.0,1.0,1.0,3.0
974,-0.3415,1.5136,0.0282,1.3598,-0.5911,1.0,2.0,2.0,2.0,2.0,2.0,5.0,5.0,5.0,1.0,5.0,3.0,4.0,4.0,2.0,2.0,1.0
975,1.1349,-0.7202,1.4361,0.8272,1.5543,5.0,5.0,5.0,5.0,5.0,5.0,5.0,5.0,5.0,5.0,5.0,5.0,5.0,5.0,5.0,5.0,5.0
976,1.1349,0.9551,0.3097,0.8272,0.9413,4.0,2.0,3.0,3.0,5.0,5.0,5.0,2.0,2.0,3.0,4.0,4.0,4.0,2.0,5.0,2.0,3.0
977,-0.3415,-0.9994,0.8729,-1.5697,-0.8976,4.0,2.0,2.0,1.0,1.0,4.0,4.0,3.0,2.0,4.0,2.0,1.0,2.0,3.0,2.0,4.0,1.0
978,-0.6367,-0.7202,0.0282,0.2945,-0.8976,2.0,1.0,2.0,2.0,1.0,4.0,5.0,5.0,3.0,2.0,3.0,5.0,5.0,3.0,3.0,1.0,2.0
979,-0.6367,0.1175,0.5913,0.2945,-0.8976,4.0,2.0,2.0,4.0,4.0,5.0,5.0,1.0,1.0,3.0,2.0,4.0,4.0,1.0,4.0,2.0,3.0
980,0.8396,0.6759,-0.535,0.8272,-0.5911,2.0,2.0,2.0,5.0,1.0,4.0,4.0,4.0,2.0,1.0,3.0,5.0,4.0,1.0,4.0,1.0,4.0
981,-1.8178,-0.7202,0.0282,0.8272,0.9413,1.0,2.0,4.0,5.0,5.0,3.0,4.0,1.0,1.0,1.0,2.0,3.0,4.0,5.0,2.0,1.0,2.0
982,-0.6367,-2.3955,0.3097,-0.2381,-1.8171,2.0,1.0,1.0,3.0,2.0,2.0,4.0,3.0,2.0,2.0,4.0,3.0,4.0,5.0,1.0,1.0,2.0
983,1.1349,-0.9994,0.3097,-1.3034,0.3283,3.0,1.0,1.0,3.0,3.0,5.0,3.0,1.0,1.0,4.0,4.0,2.0,3.0,3.0,4.0,2.0,1.0
984,-0.6367,-1.2786,-0.535,-0.7708,-1.2041,1.0,3.0,2.0,3.0,3.0,3.0,4.0,4.0,3.0,1.0,2.0,1.0,4.0,3.0,3.0,1.0,1.0
985,-0.932,-0.4409,1.4361,0.8272,0.9413,1.0,3.0,2.0,4.0,2.0,4.0,5.0,3.0,3.0,1.0,4.0,2.0,3.0,5.0,2.0,1.0,2.0
986,-0.0462,-0.9994,-0.2534,1.6262,-1.5106,2.0,5.0,3.0,5.0,2.0,2.0,4.0,2.0,4.0,3.0,3.0,4.0,4.0,4.0,2.0,4.0,4.0
987,-1.2273,-1.5578,0.5913,0.8272,-0.2846,2.0,2.0,3.0,2.0,1.0,1.0,5.0,3.0,2.0,3.0,3.0,3.0,3.0,4.0,2.0,1.0,1.0
988,2.316,0.1175,-1.0982,1.8925,-0.2846,3.0,2.0,2.0,5.0,2.0,2.0,5.0,2.0,4.0,3.0,5.0,5.0,5.0,5.0,5.0,2.0,3.0
989,1.4302,2.072,-1.3798,1.6262,-0.2846,3.0,2.0,2.0,4.0,5.0,5.0,5.0,5.0,1.0,5.0,2.0,3.0,3.0,3.0,5.0,5.0,3.0
990,0.5443,-0.7202,1.4361,-0.7708,-1.8171,2.0,1.0,1.0,2.0,2.0,3.0,4.0,4.0,1.0,1.0,1.0,2.0,3.0,1.0,2.0,1.0,2.0
991,-1.2273,-2.3955,1.4361,-1.3034,-2.4301,2.0,1.0,1.0,1.0,1.0,1.0,5.0,5.0,4.0,5.0,2.0,1.0,4.0,2.0,1.0,2.0,1.0
992,-1.2273,-0.4409,0.5913,-1.0371,0.0218,4.0,1.0,4.0,4.0,1.0,3.0,4.0,4.0,3.0,2.0,3.0,2.0,1.0,1.0,2.0,5.0,2.0
993,-0.3415,0.9551,-0.8166,-0.2381,-0.5911,3.0,1.0,2.0,3.0,1.0,4.0,4.0,1.0,1.0,4.0,1.0,1.0,1.0,4.0,1.0,2.0,1.0
994,-1.5225,-0.7202,0.0282,1.0935,0.6348,3.0,2.0,2.0,3.0,4.0,3.0,5.0,3.0,4.0,2.0,4.0,3.0,5.0,3.0,1.0,1.0,1.0
995,-0.0462,0.6759,-0.535,-0.2381,1.5543,2.0,1.0,1.0,1.0,2.0,1.0,4.0,4.0,3.0,3.0,2.0,1.0,1.0,2.0,2.0,5.0,1.0
996,-0.6367,-0.1617,0.3097,-1.836,-2.4301,1.0,1.0,1.0,3.0,2.0,1.0,4.0,3.0,1.0,4.0,4.0,2.0,3.0,3.0,1.0,1.0,1.0
997,1.7254,0.1175,1.4361,0.5609,1.5543,3.0,3.0,3.0,1.0,3.0,3.0,4.0,2.0,4.0,2.0,4.0,1.0,1.0,2.0,4.0,1.0,1.0
998,-0.932,1.2344,0.5913,0.8272,-0.8976,4.0,3.0,1.0,3.0,2.0,3.0,5.0,5.0,4.0,3.0,2.0,1.0,5.0,3.0,3.0,5.0,2.0
999,1.1349,0.9551,1.1545,1.3598,0.6348,5.0,3.0,4.0,5.0,4.0,4.0,4.0,3.0,2.0,5.0,5.0,5.0,5.0,5.0,5.0,5.0,3.0
1000,1.1349,-0.9994,0.0282,-1.3034,-0.2846,3.0,3.0,2.0,3.0,3.0,4.0,3.0,1.0,1.0,5.0,3.0,2.0,3.0,3.0,3.0,3.0,1.0
1001,0.8396,0.3967,-0.2534,-1.5697,0.6348,5.0,1.0,2.0,1.0,4.0,4.0,3.0,2.0,4.0,4.0,3.0,1.0,4.0,1.0,2.0,3.0,1.0
1002,-0.6367,-1.837,0.0282,-1.5697,-1.2041,3.0,1.0,3.0,1.0,1.0,2.0,5.0,5.0,3.0,1.0,4.0,2.0,2.0,4.0,1.0,3.0,1.0
1003,-0.6367,0.1175,0.0282,-0.2381,0.6348,4.0,3.0,2.0,2.0,3.0,4.0,5.0,2.0,3.0,2.0,4.0,4.0,4.0,2.0,4.0,4.0,2.0
1004,0.2491,-1.2786,-0.2534,-0.2381,0.0218,4.0,1.0,2.0,3.0,2.0,3.0,3.0,4.0,3.0,5.0,4.0,2.0,3.0,2.0,2.0,5.0,3.0
1005,-0.0462,-0.9994,0.0282,1.6262,-0.2846,5.0,2.0,2.0,5.0,4.0,4.0,4.0,3.0,2.0,4.0,1.0,5.0,4.0,4.0,3.0,3.0,2.0
1006,0.8396,1.5136,2.5625,-1.5697,-0.2846,5.0,1.0,3.0,4.0,1.0,4.0,1.0,1.0,4.0,1.0,1.0,2.0,3.0,1.0,3.0,4.0,1.0
1007,-2.9989,-1.5578,0.0282,0.0282,-0.2846,1.0,1.0,2.0,2.0,2.0,3.0,4.0,1.0,2.0,3.0,3.0,2.0,2.0,5.0,1.0,1.0,1.0
1008,-0.0462,-1.5578,-0.8166,1.6262,0.6348,3.0,3.0,1.0,3.0,1.0,3.0,4.0,1.0,1.0,2.0,2.0,3.0,2.0,5.0,2.0,2.0,1.0
1009,-1.2273,1.2344,0.8729,-1.0371,-0.2846,4.0,3.0,2.0,3.0,3.0,4.0,1.0,1.0,2.0,3.0,1.0,1.0,3.0,2.0,2.0,3.0,1.0
